design,rep,method,frobenius_relative,realized_variance,calibration
ar1_gaussian,0,sample,0.6489710075052869,1.8780794314997017e-06,0.9628560901597676
ar1_gaussian,0,ledoit_wolf,0.637352631393922,1.8627294642445695e-06,0.907174605966066
ar1_gaussian,0,oas,0.6364192794143655,1.8614306836631712e-06,0.9020740307335152
ar1_gaussian,0,pca4,0.6557134208260409,1.8352066041046338e-06,0.9411448129028114
ar1_gaussian,0,structured_q0,0.648485874294525,1.8115447678757218e-06,0.8641976925668431
ar1_gaussian,0,residual_qr_50,0.648580072330131,1.8028296587846317e-06,0.8720813949135943
ar1_gaussian,1,sample,0.4247941709739157,1.1552070657946978e-06,0.6569276225271053
ar1_gaussian,1,ledoit_wolf,0.42456148102200575,1.136653100253367e-06,0.6114377175241543
ar1_gaussian,1,oas,0.424563073523448,1.135359577583104e-06,0.608084671146064
ar1_gaussian,1,pca4,0.42197560582073645,1.0454834644869348e-06,0.5463103224475451
ar1_gaussian,1,structured_q0,0.4231686718525048,1.037585393277231e-06,0.5046498658960302
ar1_gaussian,1,residual_qr_50,0.42379658244600055,1.0595685289364912e-06,0.5455842654120958
ar1_gaussian,2,sample,0.3180626454076267,2.122940101861676e-06,0.9428044916780529
ar1_gaussian,2,ledoit_wolf,0.3112184515701946,2.089040266379103e-06,0.8743235239366279
ar1_gaussian,2,oas,0.3113002804293129,2.0894812936239184e-06,0.8752624173463346
ar1_gaussian,2,pca4,0.3249540503587552,1.899328480250066e-06,0.8887818508990619
ar1_gaussian,2,structured_q0,0.31709477855989077,1.8994550652913267e-06,0.831230049460932
ar1_gaussian,2,residual_qr_50,0.3172635606468295,1.949557206644141e-06,0.8351517929758729
ar1_gaussian,3,sample,0.6319411475052877,2.2819022958717228e-06,1.4661445241620874
ar1_gaussian,3,ledoit_wolf,0.6326629356516459,2.232772444845847e-06,1.3253450729613123
ar1_gaussian,3,oas,0.6326289285418983,2.235032769477863e-06,1.3320226882495454
ar1_gaussian,3,pca4,0.6297111474234609,1.9525478681153883e-06,1.201905975853188
ar1_gaussian,3,structured_q0,0.6318338011239112,1.9749321308516177e-06,1.1225393156488497
ar1_gaussian,3,residual_qr_50,0.6318630530377617,2.049106527558366e-06,1.1938342031959503
ar1_gaussian,4,sample,0.612092554773546,2.825525046785597e-06,1.6844857003990032
ar1_gaussian,4,ledoit_wolf,0.6144027403492199,2.7506653550670376e-06,1.5315794386901118
ar1_gaussian,4,oas,0.614380357741486,2.7514018504178208e-06,1.53314529520148
ar1_gaussian,4,pca4,0.6086539212284156,2.2828255533814675e-06,1.4188877896664427
ar1_gaussian,4,structured_q0,0.6118805815663746,2.289671933469219e-06,1.33217442780935
ar1_gaussian,4,residual_qr_50,0.6119617913556533,2.4417732947967653e-06,1.389119813076543
ar1_gaussian,5,sample,0.49867723112912116,2.56443787001837e-06,1.294760519803611
ar1_gaussian,5,ledoit_wolf,0.4923194080039821,2.48695053631137e-06,1.1618656134340852
ar1_gaussian,5,oas,0.4919823470790073,2.4827601184853153e-06,1.1543644480957933
ar1_gaussian,5,pca4,0.5009972091314854,2.21760367139244e-06,0.9799482040145244
ar1_gaussian,5,structured_q0,0.49720757310055025,2.1890989090378968e-06,0.9010538975218046
ar1_gaussian,5,residual_qr_50,0.497822998042185,2.2425768635131605e-06,0.9811948520188166
ar1_gaussian,6,sample,0.5533297312779513,2.3226373537672067e-06,1.268592433573173
ar1_gaussian,6,ledoit_wolf,0.5539083114699057,2.2809437401537076e-06,1.1445234887269309
ar1_gaussian,6,oas,0.5538974361497201,2.2816191400883365e-06,1.1466549942003061
ar1_gaussian,6,pca4,0.55155389775264,2.144975473041573e-06,1.1066910888391068
ar1_gaussian,6,structured_q0,0.5527909293899615,2.140657089289086e-06,1.0370461266036257
ar1_gaussian,6,residual_qr_50,0.5530213734938044,2.1630806595648235e-06,1.0780288385188632
ar1_gaussian,7,sample,0.3655464135509349,1.5962207824432996e-06,0.9279620473979188
ar1_gaussian,7,ledoit_wolf,0.36567572417863253,1.567815547385668e-06,0.8444720126035267
ar1_gaussian,7,oas,0.3656951887827177,1.5662855502743781e-06,0.8398027770925051
ar1_gaussian,7,pca4,0.364620953138324,1.400646519090616e-06,0.7447061188944041
ar1_gaussian,7,structured_q0,0.36521497846099943,1.41110417702009e-06,0.6974456182049092
ar1_gaussian,7,residual_qr_50,0.3652864552040428,1.4649770423981293e-06,0.761075347541946
ar1_gaussian,8,sample,0.5884227342786945,1.92010639768765e-06,1.1725548503463308
ar1_gaussian,8,ledoit_wolf,0.5905561933659178,1.8340312273171086e-06,1.0336739570018196
ar1_gaussian,8,oas,0.5905522276664451,1.834181725771593e-06,1.0339256265034231
ar1_gaussian,8,pca4,0.5864667644936254,1.45236997138677e-06,0.9121952089736588
ar1_gaussian,8,structured_q0,0.5884701192049064,1.4736503650829984e-06,0.8711588303061569
ar1_gaussian,8,residual_qr_50,0.5884131740424497,1.5970836913396326e-06,0.9289496898539568
ar1_gaussian,9,sample,0.6514964480969572,2.476520060684054e-06,1.7527841609582144
ar1_gaussian,9,ledoit_wolf,0.6513559869454667,2.405718774259245e-06,1.550029245230404
ar1_gaussian,9,oas,0.6513624968581844,2.4118638166300423e-06,1.568242735052297
ar1_gaussian,9,pca4,0.6499707874296786,2.118903784635124e-06,1.4232872711284597
ar1_gaussian,9,structured_q0,0.6514625781072403,2.1063162609961113e-06,1.3198773764454532
ar1_gaussian,9,residual_qr_50,0.6514479728278745,2.1986630382950853e-06,1.4087299699194453
ar1_gaussian,10,sample,0.5234248374676489,2.3208425668105935e-06,1.397420619274413
ar1_gaussian,10,ledoit_wolf,0.5248745690272966,2.2773052254495314e-06,1.278693092643549
ar1_gaussian,10,oas,0.5249587066499929,2.274962667323282e-06,1.2719883502837792
ar1_gaussian,10,pca4,0.5206166064939137,2.01444176187397e-06,1.1070213891869924
ar1_gaussian,10,structured_q0,0.5236126512079937,2.037241763383983e-06,1.0443127012233868
ar1_gaussian,10,residual_qr_50,0.5234404334244507,2.097143538132148e-06,1.1179208661686344
ar1_gaussian,11,sample,0.7153429533651134,2.8157274636548786e-06,1.8412769308495733
ar1_gaussian,11,ledoit_wolf,0.7034985212528138,2.75095372133977e-06,1.6711392607134299
ar1_gaussian,11,oas,0.7027888762030368,2.746783998840646e-06,1.6600371289327933
ar1_gaussian,11,pca4,0.7210027647945649,2.2288673823101356e-06,1.1987300345204337
ar1_gaussian,11,structured_q0,0.7158491638286094,2.247389351601052e-06,1.1311648157557763
ar1_gaussian,11,residual_qr_50,0.7154797851439213,2.4349107150042366e-06,1.3360718786366863
ar1_gaussian,12,sample,0.5156661739010063,2.5117289691900708e-06,1.0914084905752022
ar1_gaussian,12,ledoit_wolf,0.5136075872777113,2.4710129969162832e-06,1.0116084193421073
ar1_gaussian,12,oas,0.5135029484157744,2.4687165651916057e-06,1.0068386490993098
ar1_gaussian,12,pca4,0.515643558119769,2.33806470345512e-06,1.044210422756331
ar1_gaussian,12,structured_q0,0.5145782427717867,2.346881320950387e-06,0.9765489203104476
ar1_gaussian,12,residual_qr_50,0.5150433341588588,2.326803859525421e-06,0.9531469903793649
ar1_gaussian,13,sample,0.5234401707334134,2.250827778712748e-06,1.4234968843648115
ar1_gaussian,13,ledoit_wolf,0.5138709420030668,2.1965964500050393e-06,1.275686747199015
ar1_gaussian,13,oas,0.5136868264299492,2.195503895545186e-06,1.2726346679639808
ar1_gaussian,13,pca4,0.529736395071781,1.9059853356773652e-06,1.1109378925189501
ar1_gaussian,13,structured_q0,0.5234211419591944,1.9004078182642328e-06,1.0288422332553142
ar1_gaussian,13,residual_qr_50,0.5233387126424467,1.998944674109965e-06,1.1227922362315474
ar1_gaussian,14,sample,0.5517062791595665,1.9047584380347666e-06,1.0820927541065664
ar1_gaussian,14,ledoit_wolf,0.5498888314642176,1.8657637620520343e-06,0.9744904390377847
ar1_gaussian,14,oas,0.5498850871644138,1.8656753617122102e-06,0.974235904528892
ar1_gaussian,14,pca4,0.5515316426247474,1.6931860132353974e-06,0.8167269770144946
ar1_gaussian,14,structured_q0,0.5510197045900408,1.7020154640177616e-06,0.7685002782796674
ar1_gaussian,14,residual_qr_50,0.5512683739080548,1.74525030120304e-06,0.8533386779845896
ar1_gaussian,15,sample,0.40530200065848554,2.0788965030275182e-06,0.9530523934641181
ar1_gaussian,15,ledoit_wolf,0.39527788989141344,2.017245875478326e-06,0.870049466298613
ar1_gaussian,15,oas,0.3947817314702237,2.0141719970821373e-06,0.8656511952772047
ar1_gaussian,15,pca4,0.4115486080878279,1.80120501612825e-06,0.8179090011970354
ar1_gaussian,15,structured_q0,0.4043167400125207,1.8195716862138393e-06,0.7650270004414677
ar1_gaussian,15,residual_qr_50,0.40457865079691385,1.832042431309274e-06,0.7735611201446699
ar1_gaussian,16,sample,0.5232215509069617,2.6649489640070277e-06,1.3264831370435621
ar1_gaussian,16,ledoit_wolf,0.5272935830279252,2.624256676531932e-06,1.2148020976310723
ar1_gaussian,16,oas,0.5273877163802592,2.6232975875213396e-06,1.2120622328328274
ar1_gaussian,16,pca4,0.519126155710509,2.3910644358455508e-06,1.1357823266923874
ar1_gaussian,16,structured_q0,0.5231110983639977,2.387066766443321e-06,1.0571188699923177
ar1_gaussian,16,residual_qr_50,0.5231323727396354,2.468248611316697e-06,1.1208413849163024
ar1_gaussian,17,sample,0.6821542811220621,1.492679949959507e-06,0.9671451804298392
ar1_gaussian,17,ledoit_wolf,0.6728236116426112,1.4605164245223065e-06,0.8878223592307894
ar1_gaussian,17,oas,0.6727771723850114,1.4603484335824733e-06,0.8873919738167438
ar1_gaussian,17,pca4,0.6861160020340279,1.2651952968777939e-06,0.8331436819695254
ar1_gaussian,17,structured_q0,0.6815219836592246,1.2642851562565477e-06,0.7696266920474485
ar1_gaussian,17,residual_qr_50,0.6817298040273091,1.3263990392385905e-06,0.8076841839857037
ar1_gaussian,18,sample,0.5194812087730816,2.1716953099737636e-06,1.3317689299998943
ar1_gaussian,18,ledoit_wolf,0.5201119100286968,2.1363777615396533e-06,1.2039578273829883
ar1_gaussian,18,oas,0.5200946166555135,2.1371768719533874e-06,1.2070827272508193
ar1_gaussian,18,pca4,0.5183379578159404,2.044659657640854e-06,1.1918406567006998
ar1_gaussian,18,structured_q0,0.519022371943611,2.0277882231614653e-06,1.1041285698734271
ar1_gaussian,18,residual_qr_50,0.5192060016817875,2.0351399740807605e-06,1.1444568600712275
ar1_gaussian,19,sample,0.5321495415222642,2.4999847511055044e-06,1.4559381479504825
ar1_gaussian,19,ledoit_wolf,0.5304980116142115,2.4394136115827047e-06,1.3150794022460062
ar1_gaussian,19,oas,0.5304331216110639,2.4368850589263573e-06,1.3087985147422905
ar1_gaussian,19,pca4,0.5321834481234584,2.2307467321662253e-06,1.3423347255133702
ar1_gaussian,19,structured_q0,0.5319537684549586,2.240287569280146e-06,1.2459831975986901
ar1_gaussian,19,residual_qr_50,0.5320100746648788,2.266423001048466e-06,1.2435867919351735
ar1_gaussian,20,sample,0.3005823198450698,1.828174414873998e-06,1.0036050539624084
ar1_gaussian,20,ledoit_wolf,0.2928584368607222,1.8040316955885832e-06,0.930451252552784
ar1_gaussian,20,oas,0.2926492138924596,1.8033122265524767e-06,0.9281827454538535
ar1_gaussian,20,pca4,0.30797257914423826,1.6160071669063179e-06,0.8304428065063003
ar1_gaussian,20,structured_q0,0.29893943827905006,1.625985040968658e-06,0.7768646786237146
ar1_gaussian,20,residual_qr_50,0.29937640690056816,1.686009746154147e-06,0.8300817100627359
ar1_gaussian,21,sample,0.9288380211990551,3.376218025639674e-06,1.6007067092457405
ar1_gaussian,21,ledoit_wolf,0.9132330918205088,3.3123933926392134e-06,1.4699235699643936
ar1_gaussian,21,oas,0.9130183454445588,3.311502871159471e-06,1.4679319172490908
ar1_gaussian,21,pca4,0.9352928725671987,3.086800841602546e-06,1.675760364003562
ar1_gaussian,21,structured_q0,0.9282796003358074,3.0870449497792446e-06,1.5761118438936326
ar1_gaussian,21,residual_qr_50,0.9285088883199983,3.120114429401268e-06,1.4977327145503372
ar1_gaussian,22,sample,0.471584053938089,3.183262711871318e-06,1.4886819124505186
ar1_gaussian,22,ledoit_wolf,0.4658255048548015,3.1239259118110636e-06,1.3775337090819204
ar1_gaussian,22,oas,0.4658329221971256,3.124007156475903e-06,1.377693430302535
ar1_gaussian,22,pca4,0.4771127248939707,2.9056593967436353e-06,1.3322147380577773
ar1_gaussian,22,structured_q0,0.47011151002901436,2.8597795654016004e-06,1.2268801438362444
ar1_gaussian,22,residual_qr_50,0.47064502262449415,2.91570583849141e-06,1.2688004869100062
ar1_gaussian,23,sample,0.3206924024836573,1.8127027696997375e-06,1.3073292552147417
ar1_gaussian,23,ledoit_wolf,0.3193703865335223,1.7636569260129498e-06,1.172530751259186
ar1_gaussian,23,oas,0.3193340199469799,1.762026044901254e-06,1.1679074976003283
ar1_gaussian,23,pca4,0.3195346418836649,1.548080073146135e-06,1.002286483992193
ar1_gaussian,23,structured_q0,0.3206374526661875,1.5235411043759434e-06,0.927207753536299
ar1_gaussian,23,residual_qr_50,0.3206015464407866,1.5826503012314324e-06,1.0040492576050402
ar1_gaussian,24,sample,0.46295815544987057,3.7185231260072136e-06,2.2363578615084565
ar1_gaussian,24,ledoit_wolf,0.4547233382738886,3.6448776696323218e-06,2.010505656762839
ar1_gaussian,24,oas,0.4541768718018076,3.6400252378992913e-06,1.9945234358808162
ar1_gaussian,24,pca4,0.46759005431018147,3.40406492087376e-06,2.155359892221203
ar1_gaussian,24,structured_q0,0.4628951296951711,3.3989751141524174e-06,2.023928292552559
ar1_gaussian,24,residual_qr_50,0.46286092558121134,3.4508012342769684e-06,1.998421558487188
ar1_gaussian,25,sample,0.35188385325967075,2.1571541853166116e-06,1.1342426174330251
ar1_gaussian,25,ledoit_wolf,0.3516413025209733,2.1062457589049683e-06,1.032413096496972
ar1_gaussian,25,oas,0.3516432580968299,2.1048016957627096e-06,1.029426382981317
ar1_gaussian,25,pca4,0.352524538857603,1.7670740050365904e-06,0.8837838589724436
ar1_gaussian,25,structured_q0,0.3505955593802132,1.7591392664591693e-06,0.8219163414495718
ar1_gaussian,25,residual_qr_50,0.35108820033968147,1.8825055857307175e-06,0.9028558989924349
ar1_gaussian,26,sample,0.5254742963434923,1.918807159950112e-06,0.9344646036599725
ar1_gaussian,26,ledoit_wolf,0.5238520853011647,1.856031831782384e-06,0.8516862892887731
ar1_gaussian,26,oas,0.5237802182618939,1.852821370457303e-06,0.8473335495252854
ar1_gaussian,26,pca4,0.5253310917955308,1.4311139822395903e-06,0.7016599386779154
ar1_gaussian,26,structured_q0,0.525088257110548,1.4397097935809975e-06,0.6582480903744681
ar1_gaussian,26,residual_qr_50,0.5251750656296057,1.5688554443269285e-06,0.7125988384111366
ar1_gaussian,27,sample,0.6426576428038199,2.587258529398251e-06,1.0387135472818991
ar1_gaussian,27,ledoit_wolf,0.6326161251932814,2.556584015267167e-06,0.9701820365191
ar1_gaussian,27,oas,0.6324667359383158,2.556092178525356e-06,0.9690277068040081
ar1_gaussian,27,pca4,0.647270030673936,2.3505855173062705e-06,0.9921729530199497
ar1_gaussian,27,structured_q0,0.6423633775328954,2.348089023388481e-06,0.9258047679892968
ar1_gaussian,27,residual_qr_50,0.6424147638031238,2.412531116085405e-06,0.9349192530550375
ar1_gaussian,28,sample,0.5385491545965089,2.318538864840295e-06,1.3300490133560967
ar1_gaussian,28,ledoit_wolf,0.5414946599496533,2.2857949058615065e-06,1.2315882732716534
ar1_gaussian,28,oas,0.5416425999115553,2.2841519114469545e-06,1.226384114300137
ar1_gaussian,28,pca4,0.5349214911966687,2.093164803126386e-06,1.1693939459325586
ar1_gaussian,28,structured_q0,0.5386188335811724,2.094429440358917e-06,1.0906894359334687
ar1_gaussian,28,residual_qr_50,0.5385276505925328,2.14541076271339e-06,1.1390248413290753
ar1_gaussian,29,sample,0.4002178584819267,2.1910783519855355e-06,1.170582625553107
ar1_gaussian,29,ledoit_wolf,0.40558565456571055,2.1463945240297194e-06,1.0677654985393377
ar1_gaussian,29,oas,0.40545775111949317,2.147448100138141e-06,1.0703116561276027
ar1_gaussian,29,pca4,0.39538995611696276,1.888351840031846e-06,0.9703654964478151
ar1_gaussian,29,structured_q0,0.39950813239791166,1.8744589658094693e-06,0.9048866464218317
ar1_gaussian,29,residual_qr_50,0.3997926166465331,1.955252636545921e-06,0.9630068694684573
ar1_gaussian,30,sample,0.37640262152076637,1.7481770752395191e-06,0.999188113187968
ar1_gaussian,30,ledoit_wolf,0.38094435922348907,1.7321912111376917e-06,0.9258787353980129
ar1_gaussian,30,oas,0.38122436844548874,1.7312241258781207e-06,0.9212078432837684
ar1_gaussian,30,pca4,0.37179422573200205,1.689010992552496e-06,0.8835811285301258
ar1_gaussian,30,structured_q0,0.37680729162075166,1.6700376848322245e-06,0.8137932961754021
ar1_gaussian,30,residual_qr_50,0.37646718009549807,1.6763999029827086e-06,0.8580708298325894
ar1_gaussian,31,sample,0.5079154907354825,2.3974226751779535e-06,1.4075400396982782
ar1_gaussian,31,ledoit_wolf,0.506354047808691,2.3491419865983806e-06,1.2692307795784727
ar1_gaussian,31,oas,0.5063759956970273,2.349883790552086e-06,1.271477435514546
ar1_gaussian,31,pca4,0.507341576676063,2.2116413030600717e-06,1.2406601434240039
ar1_gaussian,31,structured_q0,0.5073782125235937,2.2087352436576514e-06,1.1599512165780932
ar1_gaussian,31,residual_qr_50,0.5075887746813003,2.2298964204723252e-06,1.1947063852785815
ar1_gaussian,32,sample,0.6083757289682485,2.591110648442204e-06,1.28306937916738
ar1_gaussian,32,ledoit_wolf,0.601028913438517,2.5398179842007754e-06,1.171114660779868
ar1_gaussian,32,oas,0.6010400880249637,2.539898387748661e-06,1.1712989298414633
ar1_gaussian,32,pca4,0.6117131081957995,2.2829270178602325e-06,1.1247326297351827
ar1_gaussian,32,structured_q0,0.6087230217454609,2.2710722459115927e-06,1.0511867174814014
ar1_gaussian,32,residual_qr_50,0.6084518052933859,2.342808292615488e-06,1.0848915101032954
ar1_gaussian,33,sample,0.5189174556714762,3.192980704186771e-06,1.7855032456071436
ar1_gaussian,33,ledoit_wolf,0.5220124968592067,3.117338040629498e-06,1.6032972678795454
ar1_gaussian,33,oas,0.5219827423791517,3.118039269909999e-06,1.6050603782495252
ar1_gaussian,33,pca4,0.5166721933361734,2.923778128905391e-06,1.4954153091782736
ar1_gaussian,33,structured_q0,0.5188803470656873,2.93033460835022e-06,1.4025594202381193
ar1_gaussian,33,residual_qr_50,0.5188510443617264,2.908604484792479e-06,1.4391501299135305
ar1_gaussian,34,sample,0.4245729621530467,2.532920925099366e-06,1.3481741222608263
ar1_gaussian,34,ledoit_wolf,0.42252695542780094,2.46011695643611e-06,1.2243700764625824
ar1_gaussian,34,oas,0.4224605310532149,2.4574512280559676e-06,1.2196467154428852
ar1_gaussian,34,pca4,0.42533038450478744,2.040712322748592e-06,1.1126270138255747
ar1_gaussian,34,structured_q0,0.42385677624691026,2.0391041349892308e-06,1.038235017497798
ar1_gaussian,34,residual_qr_50,0.42411544265098566,2.1791773090069897e-06,1.0988792373897438
ar1_gaussian,35,sample,0.44390189560976684,2.2739779424587158e-06,1.4265346979892146
ar1_gaussian,35,ledoit_wolf,0.4464478792000404,2.245649377754989e-06,1.3060774376597242
ar1_gaussian,35,oas,0.44644365726016993,2.245694257914461e-06,1.3062834630565507
ar1_gaussian,35,pca4,0.4409465004262522,2.2401296629805713e-06,1.3222338734778474
ar1_gaussian,35,structured_q0,0.44361937894324904,2.2205334286322782e-06,1.2265146128631412
ar1_gaussian,35,residual_qr_50,0.4437067395016913,2.171781803787691e-06,1.2292784363960398
ar1_gaussian,36,sample,0.5509984980273246,3.204880996964716e-06,1.636828127802037
ar1_gaussian,36,ledoit_wolf,0.5430555584092303,3.1609770054919925e-06,1.505491159218907
ar1_gaussian,36,oas,0.5426416096661845,3.158560009877226e-06,1.497882555300464
ar1_gaussian,36,pca4,0.5556154516902728,2.906689527189926e-06,1.418432985362036
ar1_gaussian,36,structured_q0,0.5513984026357069,2.9056992208342475e-06,1.3403892358726281
ar1_gaussian,36,residual_qr_50,0.5511024695458178,2.9803307839109653e-06,1.4116329151585036
ar1_gaussian,37,sample,0.6225503696233482,2.5330454033383145e-06,1.4833883335504503
ar1_gaussian,37,ledoit_wolf,0.6255301758944977,2.4887344755224273e-06,1.3403615342717876
ar1_gaussian,37,oas,0.6255760859503697,2.4880624436367542e-06,1.3380879374188939
ar1_gaussian,37,pca4,0.6210020858687156,2.280826009217575e-06,1.2237809832750004
ar1_gaussian,37,structured_q0,0.6223120223733026,2.2644115807923785e-06,1.1352155222977613
ar1_gaussian,37,residual_qr_50,0.6224067946885079,2.3212999726479552e-06,1.2081287887587018
ar1_gaussian,38,sample,0.6226213965166695,1.757377452070148e-06,0.9234757698613036
ar1_gaussian,38,ledoit_wolf,0.6132290006684686,1.7349543756478073e-06,0.8634677021860544
ar1_gaussian,38,oas,0.6122217635035078,1.7324256525123486e-06,0.8561315434126412
ar1_gaussian,38,pca4,0.6273993903419833,1.6635958128353696e-06,0.943774605794393
ar1_gaussian,38,structured_q0,0.6222137062705299,1.650698408776136e-06,0.876957376288722
ar1_gaussian,38,residual_qr_50,0.6223258766406751,1.6488972256626146e-06,0.8453318216556378
ar1_gaussian,39,sample,0.39040905166660606,1.977694955449751e-06,1.0392410537950971
ar1_gaussian,39,ledoit_wolf,0.3906261869866539,1.912996781714676e-06,0.9342423590369529
ar1_gaussian,39,oas,0.39063521749601693,1.9115531207803975e-06,0.9317846172880827
ar1_gaussian,39,pca4,0.38924580170792594,1.6240934601143054e-06,0.9577302920068017
ar1_gaussian,39,structured_q0,0.3909295546892362,1.6149943668100747e-06,0.8842994341000919
ar1_gaussian,39,residual_qr_50,0.3906072102448686,1.7148763213321613e-06,0.8910838526253706
ar1_gaussian,40,sample,0.39766628242385826,3.1682021267173906e-06,1.6426866242363702
ar1_gaussian,40,ledoit_wolf,0.40172204553420154,3.1013406578224176e-06,1.5071840772565825
ar1_gaussian,40,oas,0.4017141057446661,3.101471454245555e-06,1.507461061199463
ar1_gaussian,40,pca4,0.391812970648516,2.693124633333621e-06,1.2406756171881435
ar1_gaussian,40,structured_q0,0.3965666667074059,2.6958390238986883e-06,1.16279644456102
ar1_gaussian,40,residual_qr_50,0.3970127594270246,2.8050812686288973e-06,1.2806771435733573
ar1_gaussian,41,sample,0.47501638645681543,1.2853169921203854e-06,0.6902355118794284
ar1_gaussian,41,ledoit_wolf,0.4781334666192183,1.2610094119638759e-06,0.6321539587127615
ar1_gaussian,41,oas,0.4780593191786615,1.2615703530125224e-06,0.6335484241112274
ar1_gaussian,41,pca4,0.4695894743403651,1.073821226422509e-06,0.512901149290261
ar1_gaussian,41,structured_q0,0.47539018088510127,1.0814782699332433e-06,0.4842479800649056
ar1_gaussian,41,residual_qr_50,0.47510256448538263,1.138307780075064e-06,0.5387907565324377
ar1_gaussian,42,sample,0.4380678470512391,2.734356065839494e-06,1.4750994714600498
ar1_gaussian,42,ledoit_wolf,0.4352670583615944,2.66496911153199e-06,1.3306907718873697
ar1_gaussian,42,oas,0.4351958125495539,2.663092994607967e-06,1.3265689233284714
ar1_gaussian,42,pca4,0.43898653888376876,2.4062691607202267e-06,1.2303997240150577
ar1_gaussian,42,structured_q0,0.43857733056923426,2.4116020944209e-06,1.1542850632975687
ar1_gaussian,42,residual_qr_50,0.4382241284114537,2.436423248375723e-06,1.1877683316035121
ar1_gaussian,43,sample,0.47212543601665313,2.229448571722745e-06,1.2295014511480358
ar1_gaussian,43,ledoit_wolf,0.474683693853277,2.194675369333165e-06,1.1404680561231326
ar1_gaussian,43,oas,0.47474166968568093,2.193919780762343e-06,1.1383897688305773
ar1_gaussian,43,pca4,0.46943775403808125,2.0700216504934857e-06,1.1489712903858043
ar1_gaussian,43,structured_q0,0.4719630539557905,2.0798855119886038e-06,1.0768593321414828
ar1_gaussian,43,residual_qr_50,0.4719640707627844,2.074505526715484e-06,1.07859044013689
ar1_gaussian,44,sample,0.7454657116444136,2.348354230597591e-06,1.3919846972391445
ar1_gaussian,44,ledoit_wolf,0.7356004601218672,2.3172886140917254e-06,1.282002370536688
ar1_gaussian,44,oas,0.7350027029584096,2.315301124169043e-06,1.274606767069167
ar1_gaussian,44,pca4,0.7493256256427779,2.1750721206220722e-06,1.2486704208967008
ar1_gaussian,44,structured_q0,0.7450519116112325,2.1831696165197737e-06,1.1635165161592376
ar1_gaussian,44,residual_qr_50,0.7451858224744845,2.2022374190282246e-06,1.1920671063809414
ar1_gaussian,45,sample,0.6269896092404449,2.812035070917572e-06,1.1638298585985243
ar1_gaussian,45,ledoit_wolf,0.6172127485282171,2.7675603682779863e-06,1.0788347934631624
ar1_gaussian,45,oas,0.6172223790241895,2.7676067842125363e-06,1.0789279259082647
ar1_gaussian,45,pca4,0.6323604614410868,2.4772279981419503e-06,1.1906159006247874
ar1_gaussian,45,structured_q0,0.6267882585905399,2.4988446394678616e-06,1.122658909481353
ar1_gaussian,45,residual_qr_50,0.6267973388934894,2.5936934432067797e-06,1.0910732700082013
ar1_gaussian,46,sample,0.648303800295445,1.7076194999870503e-06,1.1542840519487911
ar1_gaussian,46,ledoit_wolf,0.6396997410032381,1.6701496854066809e-06,1.040655651297035
ar1_gaussian,46,oas,0.6395389823643118,1.66943718005261e-06,1.0383731588803815
ar1_gaussian,46,pca4,0.6513800769351891,1.5180639411230958e-06,1.0344872171409643
ar1_gaussian,46,structured_q0,0.6478740917199457,1.516320436274389e-06,0.9633177138877737
ar1_gaussian,46,residual_qr_50,0.6480316128640613,1.5573373232702332e-06,0.9925701132633151
ar1_gaussian,47,sample,0.5046006504135909,2.087373810116723e-06,1.1913595633619174
ar1_gaussian,47,ledoit_wolf,0.49494473229428787,2.0540430107591796e-06,1.1157144976432545
ar1_gaussian,47,oas,0.4939916726320137,2.0504266155872365e-06,1.107128258156582
ar1_gaussian,47,pca4,0.5119336664002281,1.8187306276129447e-06,1.0390613704616813
ar1_gaussian,47,structured_q0,0.5043264097263519,1.813349453052992e-06,0.9656884624066195
ar1_gaussian,47,residual_qr_50,0.5043082194736193,1.8767006618050198e-06,1.0052129166347241
ar1_gaussian,48,sample,0.5680083286427968,1.5868541041222846e-06,0.9722704750462261
ar1_gaussian,48,ledoit_wolf,0.5663907738629879,1.5678671603185963e-06,0.9034321842871175
ar1_gaussian,48,oas,0.5661960472963422,1.5653284769737961e-06,0.8936351165056071
ar1_gaussian,48,pca4,0.5668065797970708,1.5096587859549981e-06,0.8558737748726076
ar1_gaussian,48,structured_q0,0.5678343130394516,1.5123936648205695e-06,0.7986235492047843
ar1_gaussian,48,residual_qr_50,0.5678380119338889,1.4987682831756124e-06,0.8188524427595705
ar1_gaussian,49,sample,0.4245319560561117,1.915552170678113e-06,1.0807628601328887
ar1_gaussian,49,ledoit_wolf,0.42533181429834127,1.872436851840973e-06,0.9932747398472302
ar1_gaussian,49,oas,0.4253889632416102,1.8696865044121322e-06,0.987479327805274
ar1_gaussian,49,pca4,0.42262939976031544,1.5752220158658147e-06,0.846985926656741
ar1_gaussian,49,structured_q0,0.4245610565966181,1.5835692917583967e-06,0.7942966370090891
ar1_gaussian,49,residual_qr_50,0.42445915618641533,1.6636541257600333e-06,0.8554241823516816
ar1_gaussian,50,sample,0.6367975762875449,2.2308239029632086e-06,1.6000795650427488
ar1_gaussian,50,ledoit_wolf,0.6273835048874064,2.190446620074398e-06,1.4380411297528297
ar1_gaussian,50,oas,0.6266181249483083,2.1869437774559113e-06,1.4235085073442257
ar1_gaussian,50,pca4,0.6396341516448678,2.017401312950315e-06,1.2977963757345037
ar1_gaussian,50,structured_q0,0.636929514211561,2.0123102316472303e-06,1.2108176833459032
ar1_gaussian,50,residual_qr_50,0.636823882213894,2.055830158474779e-06,1.3089379293263905
ar1_gaussian,51,sample,0.600458071153971,2.7863047975842594e-06,1.714482032066393
ar1_gaussian,51,ledoit_wolf,0.5978745171892068,2.7373243802444024e-06,1.5533082238393987
ar1_gaussian,51,oas,0.597751463204145,2.734894447104073e-06,1.544782712483962
ar1_gaussian,51,pca4,0.600980969285454,2.536178294379223e-06,1.6216672825253111
ar1_gaussian,51,structured_q0,0.5996117810135202,2.5486387985109764e-06,1.5227402623173643
ar1_gaussian,51,residual_qr_50,0.600002775280288,2.5947029185609163e-06,1.5237122633853952
ar1_gaussian,52,sample,0.4583313160951914,3.381038756392262e-06,1.484716020313668
ar1_gaussian,52,ledoit_wolf,0.4511026586619292,3.300867115252592e-06,1.3590326061512774
ar1_gaussian,52,oas,0.4511521734566774,3.3014581756283317e-06,1.3599796072087644
ar1_gaussian,52,pca4,0.4622357492578243,2.616214472485558e-06,1.1362301379656221
ar1_gaussian,52,structured_q0,0.45647840359564346,2.6378369979937304e-06,1.0669823777579883
ar1_gaussian,52,residual_qr_50,0.4572130661342881,2.906047562241056e-06,1.1798379128512733
ar1_gaussian,53,sample,0.5274041068010376,2.304270313093176e-06,1.1252836135874178
ar1_gaussian,53,ledoit_wolf,0.5245946080984139,2.269183589433772e-06,1.040301294041559
ar1_gaussian,53,oas,0.5244513037322275,2.2672835100573026e-06,1.0353567159686565
ar1_gaussian,53,pca4,0.527811907441524,2.128010396725231e-06,1.1263443795361299
ar1_gaussian,53,structured_q0,0.5274727285989277,2.128926655832979e-06,1.0493460649065034
ar1_gaussian,53,residual_qr_50,0.5273687219877239,2.1552360928526075e-06,1.030138618313481
ar1_gaussian,54,sample,0.7705265513344275,2.870611291337286e-06,1.4606748771369382
ar1_gaussian,54,ledoit_wolf,0.7606801149943656,2.7718410939710498e-06,1.3038967199865146
ar1_gaussian,54,oas,0.7612671609229049,2.7778080344419462e-06,1.313696031466015
ar1_gaussian,54,pca4,0.7728598431249233,2.3734259965941486e-06,1.126016883064881
ar1_gaussian,54,structured_q0,0.7685590428785618,2.36640975568648e-06,1.0569445785113771
ar1_gaussian,54,residual_qr_50,0.7694601741921411,2.4421454043418056e-06,1.1144095996961083
ar1_gaussian,55,sample,0.5986705216253402,2.433847875897348e-06,1.4053192597587765
ar1_gaussian,55,ledoit_wolf,0.5955413903758496,2.374654216060643e-06,1.2813706682964618
ar1_gaussian,55,oas,0.5952734537194828,2.3693590436365316e-06,1.269727601395794
ar1_gaussian,55,pca4,0.5988790117643287,2.0682594153531878e-06,1.2253228105481675
ar1_gaussian,55,structured_q0,0.5982542388892117,2.064960678608082e-06,1.1369666151282407
ar1_gaussian,55,residual_qr_50,0.5983901947391742,2.147329937741737e-06,1.171868652139193
ar1_gaussian,56,sample,0.5121376729196009,2.204503743686775e-06,1.3564874718454494
ar1_gaussian,56,ledoit_wolf,0.510485808252539,2.176025103138255e-06,1.2549008912915443
ar1_gaussian,56,oas,0.5103482801929901,2.173297679574514e-06,1.2447747167368766
ar1_gaussian,56,pca4,0.5118373677159415,1.9938751145729376e-06,1.1946223948440617
ar1_gaussian,56,structured_q0,0.5125732345867989,1.996988209014014e-06,1.113024819524624
ar1_gaussian,56,residual_qr_50,0.5122990121150891,2.0511762539547252e-06,1.174928418858335
ar1_gaussian,57,sample,0.6956788711468934,2.098549641924707e-06,1.1930134923642217
ar1_gaussian,57,ledoit_wolf,0.6839468038701524,2.0652009226414406e-06,1.0992188216056453
ar1_gaussian,57,oas,0.682465766924861,2.0607410377357427e-06,1.0858778839884662
ar1_gaussian,57,pca4,0.7013717699183049,1.859676287591426e-06,1.081491246673654
ar1_gaussian,57,structured_q0,0.695289059214013,1.8670720000604034e-06,1.0244377866868162
ar1_gaussian,57,residual_qr_50,0.6954154884530638,1.931359332870255e-06,1.0473585074634668
ar1_gaussian,58,sample,0.2573461602157212,2.4249531197052968e-06,0.9971790523043719
ar1_gaussian,58,ledoit_wolf,0.25197282988070485,2.38437695883866e-06,0.9183010040869515
ar1_gaussian,58,oas,0.25165885490883777,2.3817350892779023e-06,0.9128924732933271
ar1_gaussian,58,pca4,0.261703068894304,2.143229067067104e-06,0.9315424841115977
ar1_gaussian,58,structured_q0,0.2566690008299561,2.1388275566291585e-06,0.8694380120599717
ar1_gaussian,58,residual_qr_50,0.2568370163778278,2.216413403891066e-06,0.8774269395848933
ar1_gaussian,59,sample,0.4341239155240192,2.8885686538247148e-06,1.696781558582471
ar1_gaussian,59,ledoit_wolf,0.434980176084871,2.847789722670341e-06,1.5683400562823095
ar1_gaussian,59,oas,0.4350737777105351,2.843705802177798e-06,1.5548969803046853
ar1_gaussian,59,pca4,0.4318500383112823,2.5709550312008832e-06,1.4051996152581878
ar1_gaussian,59,structured_q0,0.4336397661141582,2.5690835327227204e-06,1.3129053599607476
ar1_gaussian,59,residual_qr_50,0.433803577716531,2.660126357161167e-06,1.4164243176689246
ar1_gaussian,60,sample,0.5553961354619824,2.0584876565361528e-06,1.040191011672441
ar1_gaussian,60,ledoit_wolf,0.5580977967103862,2.0214827636192424e-06,0.9532935356188332
ar1_gaussian,60,oas,0.5582723347863837,2.0191710976729454e-06,0.9475376027995291
ar1_gaussian,60,pca4,0.5523530558291191,1.8075837260278834e-06,0.8456046895852917
ar1_gaussian,60,structured_q0,0.5545389262913295,1.7960925602935456e-06,0.7877949356836565
ar1_gaussian,60,residual_qr_50,0.5549171350526101,1.8618278019592456e-06,0.8510282465819478
ar1_gaussian,61,sample,0.5825316093635649,2.1188247811409945e-06,1.3385402195739418
ar1_gaussian,61,ledoit_wolf,0.5688282014721763,2.0989741208976363e-06,1.1991787809678445
ar1_gaussian,61,oas,0.5693497627926466,2.0997361052002267e-06,1.204795876924753
ar1_gaussian,61,pca4,0.591839949290732,2.076471461578687e-06,1.0259865772671284
ar1_gaussian,61,structured_q0,0.5819543274305424,2.0670845752173543e-06,0.9479771264100739
ar1_gaussian,61,residual_qr_50,0.5821154578520182,2.0559980817174323e-06,1.061126236387559
ar1_gaussian,62,sample,0.46444414677651713,2.0615742464927392e-06,1.1500638107964019
ar1_gaussian,62,ledoit_wolf,0.47001671592234173,2.0364624750675236e-06,1.0755634255660271
ar1_gaussian,62,oas,0.47025270898628624,2.0353870432761333e-06,1.072187062022829
ar1_gaussian,62,pca4,0.4566024866488116,1.9120002792274782e-06,0.9866613755348284
ar1_gaussian,62,structured_q0,0.46445861776118536,1.908882267080014e-06,0.9189587649090504
ar1_gaussian,62,residual_qr_50,0.4643513926692135,1.9167155761483608e-06,0.9632224111669436
ar1_gaussian,63,sample,0.626801049173733,1.6744275551551207e-06,0.8892254025530306
ar1_gaussian,63,ledoit_wolf,0.6176899516916737,1.6606851298745676e-06,0.8213756275964521
ar1_gaussian,63,oas,0.6178369127504381,1.6609071281411238e-06,0.8225829190904081
ar1_gaussian,63,pca4,0.6308451699918436,1.6896603464393152e-06,0.8936201379028776
ar1_gaussian,63,structured_q0,0.6260277228712564,1.6876536186187633e-06,0.8294175415279226
ar1_gaussian,63,residual_qr_50,0.6263233120168228,1.6374391325174417e-06,0.8140640742830008
ar1_gaussian,64,sample,0.698917391862927,2.2111792900631587e-06,1.8697395762798805
ar1_gaussian,64,ledoit_wolf,0.700870972109217,2.1848548342842413e-06,1.6568866618830584
ar1_gaussian,64,oas,0.7008920241962913,2.1846040228448986e-06,1.6545679550545709
ar1_gaussian,64,pca4,0.6970442246250792,2.2115626236355214e-06,1.4951107037679052
ar1_gaussian,64,structured_q0,0.6990120564603785,2.2119141061019862e-06,1.402695085403248
ar1_gaussian,64,residual_qr_50,0.6989508396261918,2.1309940571361956e-06,1.4849394793522877
ar1_gaussian,65,sample,0.43372486703261554,2.3263169549944387e-06,1.4506577111431804
ar1_gaussian,65,ledoit_wolf,0.419252442686927,2.2939649173823817e-06,1.3263372915552207
ar1_gaussian,65,oas,0.41917814580273965,2.2937996610758458e-06,1.325657211735305
ar1_gaussian,65,pca4,0.44514903094601577,2.2199076209394085e-06,1.297422216449832
ar1_gaussian,65,structured_q0,0.43247901149933077,2.2222877177940444e-06,1.2074877437573628
ar1_gaussian,65,residual_qr_50,0.4328784103250309,2.1982775001420397e-06,1.2331984362720156
ar1_gaussian,66,sample,0.5959173942755729,2.0638626267329634e-06,1.155614948589256
ar1_gaussian,66,ledoit_wolf,0.5978683519463198,2.0341884556641836e-06,1.0548075171089868
ar1_gaussian,66,oas,0.5979720061831574,2.032696041949588e-06,1.0492667550222474
ar1_gaussian,66,pca4,0.5931459635805568,1.960151191410006e-06,1.0932806070055863
ar1_gaussian,66,structured_q0,0.5960100541969291,1.965449594647207e-06,1.029802438122811
ar1_gaussian,66,residual_qr_50,0.5959351714929806,1.95668363688714e-06,1.030974680790164
ar1_gaussian,67,sample,0.4420476916340966,1.5693479577144862e-06,0.931921139579694
ar1_gaussian,67,ledoit_wolf,0.44445894767433536,1.5516981614642106e-06,0.8639415600274502
ar1_gaussian,67,oas,0.4444244054583472,1.5519441803558225e-06,0.8649343185084158
ar1_gaussian,67,pca4,0.4375692500006204,1.4370294572338753e-06,0.7634052817751006
ar1_gaussian,67,structured_q0,0.44141225615340685,1.4406728235625582e-06,0.7180877663041679
ar1_gaussian,67,residual_qr_50,0.4416214014472932,1.4748331150917597e-06,0.7822265817746336
ar1_gaussian,68,sample,0.6447977782729076,2.438308924047991e-06,1.2802165387227982
ar1_gaussian,68,ledoit_wolf,0.6357807448723428,2.395722860741964e-06,1.167733671204873
ar1_gaussian,68,oas,0.635936746975223,2.396484579612303e-06,1.1698429449588217
ar1_gaussian,68,pca4,0.6494290654665185,2.1457177414243905e-06,1.0884784628796238
ar1_gaussian,68,structured_q0,0.644390039036425,2.1687634265464514e-06,1.034462455328169
ar1_gaussian,68,residual_qr_50,0.6445075290738973,2.236873566927071e-06,1.0893859257572998
ar1_gaussian,69,sample,0.40217628813011247,1.835787508140491e-06,1.1094069824907453
ar1_gaussian,69,ledoit_wolf,0.3992126537235553,1.798586096339723e-06,0.9950083304148195
ar1_gaussian,69,oas,0.3993921296606299,1.801001812761529e-06,1.0028953859756229
ar1_gaussian,69,pca4,0.40331952459435677,1.6456890922423916e-06,0.9423612941613434
ar1_gaussian,69,structured_q0,0.4011704783084523,1.6346803606965013e-06,0.8675905823383502
ar1_gaussian,69,residual_qr_50,0.4015903744873987,1.681575244980323e-06,0.9214069604439854
ar1_gaussian,70,sample,0.5886380259980908,1.952788336763203e-06,1.296863157831803
ar1_gaussian,70,ledoit_wolf,0.5836109239590749,1.923321989437042e-06,1.195353204662121
ar1_gaussian,70,oas,0.5832108688194946,1.9208997870186956e-06,1.1864159233965161
ar1_gaussian,70,pca4,0.5917035117870213,1.819758796514919e-06,1.136687273918539
ar1_gaussian,70,structured_q0,0.588838176127275,1.8022181212041246e-06,1.0536547813223043
ar1_gaussian,70,residual_qr_50,0.5886240994675788,1.821994490435901e-06,1.1056591611708266
ar1_gaussian,71,sample,0.5892241001652403,2.201210546927296e-06,1.3846430222316546
ar1_gaussian,71,ledoit_wolf,0.5850006336114505,2.1514612542256253e-06,1.2425883110963876
ar1_gaussian,71,oas,0.5849003047932224,2.150252856377033e-06,1.2389510957729855
ar1_gaussian,71,pca4,0.5894735515436017,1.9556591798286066e-06,1.083632511122578
ar1_gaussian,71,structured_q0,0.5890008919733993,1.959331264464659e-06,1.0136215118135945
ar1_gaussian,71,residual_qr_50,0.5890555715558524,1.9937875272987227e-06,1.0955261806875793
ar1_gaussian,72,sample,0.42308814026613467,2.2426100689837483e-06,1.1360984371619338
ar1_gaussian,72,ledoit_wolf,0.42430298123513854,2.1997638460500504e-06,1.044875896083158
ar1_gaussian,72,oas,0.42434349409501454,2.1985593102648647e-06,1.0421784232943216
ar1_gaussian,72,pca4,0.4218815612205794,1.999587625254531e-06,1.0397244610992604
ar1_gaussian,72,structured_q0,0.4218509203530694,1.999577016045761e-06,0.9708376874664395
ar1_gaussian,72,residual_qr_50,0.4223354652815957,2.030164402764929e-06,0.9732053006318581
ar1_gaussian,73,sample,0.38425785025262776,2.10654124731488e-06,1.136218554699512
ar1_gaussian,73,ledoit_wolf,0.3911666180871358,2.071203426610083e-06,1.05403746318079
ar1_gaussian,73,oas,0.3915659578582755,2.069171758280927e-06,1.0489890035555591
ar1_gaussian,73,pca4,0.37811834182361537,1.924785371133429e-06,1.0095636567445054
ar1_gaussian,73,structured_q0,0.38441860397152766,1.9039015758651177e-06,0.93109094542521
ar1_gaussian,73,residual_qr_50,0.38424122849907266,1.92947854814227e-06,0.9540601230122486
ar1_gaussian,74,sample,0.48556132361805554,1.70907153211276e-06,0.9083339973842494
ar1_gaussian,74,ledoit_wolf,0.4824623555204951,1.7033182871601017e-06,0.840964973292826
ar1_gaussian,74,oas,0.48229788241569127,1.703085230937463e-06,0.8368633220848828
ar1_gaussian,74,pca4,0.4846384311804253,1.7636821129142449e-06,0.8022706671545932
ar1_gaussian,74,structured_q0,0.4857829425702424,1.759187545151203e-06,0.7462556503383418
ar1_gaussian,74,residual_qr_50,0.48555965500819787,1.6964753311804402e-06,0.7796948101527587
ar1_gaussian,75,sample,0.6055373802513171,2.945217222758829e-06,1.8721702916212783
ar1_gaussian,75,ledoit_wolf,0.5876204980386199,2.8823019843252085e-06,1.685502829913156
ar1_gaussian,75,oas,0.5875373700662657,2.882002507588635e-06,1.6845847110980925
ar1_gaussian,75,pca4,0.6161803272925462,2.539824516633713e-06,1.5181808600562625
ar1_gaussian,75,structured_q0,0.6057186177285664,2.530351814496208e-06,1.4211932020558642
ar1_gaussian,75,residual_qr_50,0.6055216254964413,2.6647232612686412e-06,1.5439188806810882
ar1_gaussian,76,sample,0.5262226681015243,2.1616250416691267e-06,1.7866949708965005
ar1_gaussian,76,ledoit_wolf,0.5242368454452951,2.1317994137809906e-06,1.597592493972222
ar1_gaussian,76,oas,0.5242153166370719,2.1314612745950247e-06,1.5953069454690296
ar1_gaussian,76,pca4,0.5258411736838698,2.0695731276897958e-06,1.4463636709684284
ar1_gaussian,76,structured_q0,0.5254372706454827,2.060882153729216e-06,1.3444764526679889
ar1_gaussian,76,residual_qr_50,0.5257893877908462,2.0584414703464504e-06,1.468258586798944
ar1_gaussian,77,sample,0.7051367436528635,2.1792139285707756e-06,1.276004238005182
ar1_gaussian,77,ledoit_wolf,0.6918672845670029,2.1353457300747843e-06,1.1589391288482904
ar1_gaussian,77,oas,0.6912016982179435,2.1330552276151952e-06,1.1526427483118862
ar1_gaussian,77,pca4,0.7136549968734175,1.8676826882611837e-06,0.9841795401036935
ar1_gaussian,77,structured_q0,0.7053701805177288,1.8702292585409008e-06,0.9177372440036594
ar1_gaussian,77,residual_qr_50,0.705123874030403,1.952944660504503e-06,1.009618761229562
ar1_gaussian,78,sample,0.5937326928750872,3.062380851570089e-06,1.5162740836426238
ar1_gaussian,78,ledoit_wolf,0.5808695494688928,3.0020393490773978e-06,1.3801396599451907
ar1_gaussian,78,oas,0.5817031060361837,3.0060401482196175e-06,1.3895796493158847
ar1_gaussian,78,pca4,0.6016814959515958,2.6413905817337023e-06,1.1825762861281062
ar1_gaussian,78,structured_q0,0.5929998569569269,2.6343644622192856e-06,1.0924476331993223
ar1_gaussian,78,residual_qr_50,0.5932118395377644,2.757182457976342e-06,1.2082729315076461
ar1_gaussian,79,sample,0.35595395947982533,1.7251288449517197e-06,0.8871584208673816
ar1_gaussian,79,ledoit_wolf,0.36090827318875124,1.7115645619740408e-06,0.8263835901870664
ar1_gaussian,79,oas,0.3606629322136033,1.7122091222383995e-06,0.8295537513208248
ar1_gaussian,79,pca4,0.35055857564046256,1.6691949856160805e-06,0.8601662486769261
ar1_gaussian,79,structured_q0,0.35511110785616207,1.6676569439609181e-06,0.8072045047867016
ar1_gaussian,79,residual_qr_50,0.3554225764589869,1.6676414311758815e-06,0.8116267961186313
var2_student,0,sample,0.32654395106965967,2.0336428622924425e-06,1.2956813163077554
var2_student,0,ledoit_wolf,0.33253567962219277,1.977717614556926e-06,1.1884778042576876
var2_student,0,oas,0.332643369004172,1.9766978628512712e-06,1.1864302463781933
var2_student,0,pca4,0.32225364862748745,1.702986359878664e-06,1.0560955711058282
var2_student,0,structured_q0,0.3262801944896238,1.70648286764381e-06,0.9820652136202804
var2_student,0,residual_qr_50,0.3263133555316548,1.754128500958243e-06,1.0179882572988384
var2_student,1,sample,0.5532358098022101,2.0240077771859243e-06,1.0760020688025695
var2_student,1,ledoit_wolf,0.5459626525366796,1.987296441651805e-06,1.003637154331944
var2_student,1,oas,0.545611793436984,1.985363573794519e-06,0.9996989024645259
var2_student,1,pca4,0.5549313052872917,1.7292264932964014e-06,0.9155792675681782
var2_student,1,structured_q0,0.5533179277228476,1.7185066050749233e-06,0.839894983633703
var2_student,1,residual_qr_50,0.5531022156132313,1.8041563436774044e-06,0.8891084263445632
var2_student,2,sample,0.5328965995738525,2.4270797694630926e-06,1.3007639829104722
var2_student,2,ledoit_wolf,0.5195832118815987,2.3878495641744533e-06,1.1924312315055834
var2_student,2,oas,0.5205402164971975,2.39080801296278e-06,1.2009204889830452
var2_student,2,pca4,0.5392364160019442,2.174970406490088e-06,1.0551919661371805
var2_student,2,structured_q0,0.5309376754126456,2.1793633034032226e-06,0.9734663409515211
var2_student,2,residual_qr_50,0.5317369135251212,2.2436598782288507e-06,1.0553471678267283
var2_student,3,sample,0.38286535200856225,1.5631094387268856e-06,1.0480240207203475
var2_student,3,ledoit_wolf,0.3836546451361836,1.5449585755974678e-06,0.9707081754246578
var2_student,3,oas,0.38362387194681313,1.5455402639772e-06,0.973316758965707
var2_student,3,pca4,0.37866294431603886,1.4646295568844875e-06,0.8119355246531142
var2_student,3,structured_q0,0.3816048437606616,1.4716594249553776e-06,0.7579404625948957
var2_student,3,residual_qr_50,0.38207457903749165,1.4760314068355187e-06,0.8404916085544148
var2_student,4,sample,0.6452779553057922,2.7306816115175645e-06,2.018835720151444
var2_student,4,ledoit_wolf,0.6333359594694148,2.7095500962375437e-06,1.8674687735982196
var2_student,4,oas,0.6324940730000541,2.7079722096892697e-06,1.8552482247181867
var2_student,4,pca4,0.6506202410409603,2.671746011466793e-06,1.6331816054328483
var2_student,4,structured_q0,0.6457055163901289,2.6645720358805053e-06,1.5258409289779855
var2_student,4,residual_qr_50,0.6454158854071278,2.627885078512258e-06,1.645113852596797
var2_student,5,sample,0.3283395421939359,1.793623520701447e-06,0.930203323018639
var2_student,5,ledoit_wolf,0.3295531310415365,1.7651034383443899e-06,0.8607602960315804
var2_student,5,oas,0.3293373546005259,1.7690123170199119e-06,0.870742232053574
var2_student,5,pca4,0.32643919124297377,1.643004758804794e-06,0.8800730712837019
var2_student,5,structured_q0,0.3266964372148588,1.6493790028892858e-06,0.8214486939774427
var2_student,5,residual_qr_50,0.32727894046554334,1.6709796120237622e-06,0.8303209224588252
var2_student,6,sample,0.41370590855743783,2.174284113082917e-06,1.4782897322256676
var2_student,6,ledoit_wolf,0.40583844557456666,2.118587976194897e-06,1.3446994099308496
var2_student,6,oas,0.40591131903265953,2.119126532418137e-06,1.3460403813083373
var2_student,6,pca4,0.4173588123771211,1.839061027306283e-06,1.0862698302324956
var2_student,6,structured_q0,0.4124616898483315,1.8431461088634569e-06,1.0169788359803555
var2_student,6,residual_qr_50,0.41280296645938336,1.9046425521703582e-06,1.1240206820367082
var2_student,7,sample,0.3178355441090287,2.613752244881199e-06,1.3910484117591846
var2_student,7,ledoit_wolf,0.3216531415282539,2.5743444314874043e-06,1.280697799572296
var2_student,7,oas,0.3215265851366519,2.5755799369356216e-06,1.2843862904846357
var2_student,7,pca4,0.3176979237049708,2.422689928191701e-06,1.1679207144805908
var2_student,7,structured_q0,0.3176933151586205,2.4182145921783546e-06,1.0833957121120903
var2_student,7,residual_qr_50,0.31761877202827016,2.4299794457678603e-06,1.1395540590039277
var2_student,8,sample,0.2562797190299645,1.9280776994207627e-06,0.9187511758320711
var2_student,8,ledoit_wolf,0.2494742660652831,1.9059453899216956e-06,0.8606216427338682
var2_student,8,oas,0.24953936038871288,1.9061838873537199e-06,0.8612864625939993
var2_student,8,pca4,0.26571127217183027,1.7812260877476625e-06,0.7724104848147637
var2_student,8,structured_q0,0.25390128883182445,1.7798085492414256e-06,0.7288429767924917
var2_student,8,residual_qr_50,0.25455011139488337,1.8013270930151362e-06,0.7750804656184872
var2_student,9,sample,0.48893293222294565,2.2499607417992466e-06,1.3493756513533026
var2_student,9,ledoit_wolf,0.48232965412900203,2.210663076752493e-06,1.2242847244189106
var2_student,9,oas,0.4835603179816639,2.2181305600768406e-06,1.2495895428527024
var2_student,9,pca4,0.49146483818306347,2.1297415137129513e-06,1.2828056633711833
var2_student,9,structured_q0,0.4885024327546391,2.1449599844449594e-06,1.2068107068400031
var2_student,9,residual_qr_50,0.4885960638796976,2.130957426766434e-06,1.200556573458793
var2_student,10,sample,0.34553640383091705,2.5851593990892295e-06,1.4932182547829937
var2_student,10,ledoit_wolf,0.3531398607219391,2.5519248284596114e-06,1.397288480958304
var2_student,10,oas,0.3533499320291229,2.5509992833458523e-06,1.3944745714445914
var2_student,10,pca4,0.33530694361933305,2.4124480010772858e-06,1.3373612445437122
var2_student,10,structured_q0,0.3445345694950258,2.4023300810468185e-06,1.23643266968452
var2_student,10,residual_qr_50,0.34482559582983796,2.411404836437566e-06,1.2712297991946713
var2_student,11,sample,0.3112635036562445,1.7751189783223979e-06,0.8566624196408349
var2_student,11,ledoit_wolf,0.31048845895125465,1.7482010712512935e-06,0.7991907668522584
var2_student,11,oas,0.3105095866779733,1.7497375873450918e-06,0.8026375552380238
var2_student,11,pca4,0.307750763293243,1.572285625627443e-06,0.7219185243188173
var2_student,11,structured_q0,0.31001715271923,1.566156829042047e-06,0.6727335543563728
var2_student,11,residual_qr_50,0.31034163366750855,1.6159746705930517e-06,0.7158378348204488
var2_student,12,sample,0.2542164244673317,1.7878061364225041e-06,0.9222017950874931
var2_student,12,ledoit_wolf,0.25892802179314556,1.7460754650224874e-06,0.8451237234775872
var2_student,12,oas,0.25864867400667335,1.7485011113926211e-06,0.8498844715490868
var2_student,12,pca4,0.2512290568306921,1.5592878688214188e-06,0.7831041325332909
var2_student,12,structured_q0,0.2535393256772991,1.5566735217292683e-06,0.7334394075211363
var2_student,12,residual_qr_50,0.253767679704113,1.5844171394755775e-06,0.7587637797645566
var2_student,13,sample,0.4321225196181239,1.8235660208747578e-06,0.7873916298191344
var2_student,13,ledoit_wolf,0.4243227016775575,1.786279394311211e-06,0.7259098336222611
var2_student,13,oas,0.4248333821756663,1.7888801878918672e-06,0.7303754909959629
var2_student,13,pca4,0.43582424032328154,1.6048765740943104e-06,0.7160216154776436
var2_student,13,structured_q0,0.4324151107270799,1.6078239564042428e-06,0.6732221230542552
var2_student,13,residual_qr_50,0.4320022497941324,1.6616615836367873e-06,0.6868535295279302
var2_student,14,sample,0.5219299195724271,2.396482324271207e-06,1.3957815811456336
var2_student,14,ledoit_wolf,0.5049803351781147,2.332236935708465e-06,1.259748839649258
var2_student,14,oas,0.5057632360935067,2.3353360533269015e-06,1.2664031026611389
var2_student,14,pca4,0.5337062849880173,1.9613446645557053e-06,1.0713065495917633
var2_student,14,structured_q0,0.5208388073689639,1.9500315532569622e-06,0.9869122205341221
var2_student,14,residual_qr_50,0.5211529919220803,2.071692206970145e-06,1.0753033886874954
var2_student,15,sample,0.4119206285055517,3.1046188806257085e-06,1.585913892262592
var2_student,15,ledoit_wolf,0.40064109321141705,3.060650038498253e-06,1.4806438881241564
var2_student,15,oas,0.39999362210882033,3.0578923980594356e-06,1.4737457477783527
var2_student,15,pca4,0.41767788375060805,2.7549921208962478e-06,1.3272014442144562
var2_student,15,structured_q0,0.4100595714614656,2.722712404721282e-06,1.2200754474830748
var2_student,15,residual_qr_50,0.410800975081614,2.8345203311924542e-06,1.3135646426033165
var2_student,16,sample,0.4341798177226846,2.2594407891996304e-06,1.2378522125564866
var2_student,16,ledoit_wolf,0.4276102205963183,2.2203838917030637e-06,1.159000098461058
var2_student,16,oas,0.4271954390885581,2.2176354986803597e-06,1.153254897332639
var2_student,16,pca4,0.43681365851958753,1.8429596933759867e-06,0.9700306792063865
var2_student,16,structured_q0,0.433877291492934,1.8164665834974486e-06,0.887713624322708
var2_student,16,residual_qr_50,0.43381907663710995,1.967306110340215e-06,0.9865569559494312
var2_student,17,sample,0.3895083011786609,1.4741512977514515e-06,0.8260874809612622
var2_student,17,ledoit_wolf,0.3952279924203943,1.4447482777497671e-06,0.7586746409077478
var2_student,17,oas,0.39517080010149813,1.4450325211433695e-06,0.7593633545240871
var2_student,17,pca4,0.38390957845192886,1.3453929009267688e-06,0.7221970317440843
var2_student,17,structured_q0,0.38882285177515674,1.3298543164431853e-06,0.6682720614044809
var2_student,17,residual_qr_50,0.3890458714470084,1.3468065875059595e-06,0.6916320528865479
var2_student,18,sample,0.3519398929391317,2.06718979292481e-06,1.2498725159701072
var2_student,18,ledoit_wolf,0.35059082519554224,2.015680704054394e-06,1.1115376663956675
var2_student,18,oas,0.3506140726155215,2.0168436747768534e-06,1.114791865493024
var2_student,18,pca4,0.3538747947890303,1.7861930672691802e-06,0.9199308217699685
var2_student,18,structured_q0,0.3519987728349957,1.7995261307103466e-06,0.874092499397106
var2_student,18,residual_qr_50,0.3518445182349628,1.860175262209836e-06,0.9746994981801167
var2_student,19,sample,0.25409385807074036,2.536196907911145e-06,1.7257111842813928
var2_student,19,ledoit_wolf,0.24988460354214412,2.499702685220291e-06,1.5950488589437728
var2_student,19,oas,0.2498681468817149,2.4995390712039714e-06,1.5944395470239754
var2_student,19,pca4,0.25759671820533375,2.272069233187213e-06,1.3902936138957096
var2_student,19,structured_q0,0.25314723881292195,2.2454812880475506e-06,1.2835390012331738
var2_student,19,residual_qr_50,0.2533320881025405,2.313690291250986e-06,1.3925298027827036
var2_student,20,sample,0.33059347550289464,3.879328681759551e-06,1.721756287977824
var2_student,20,ledoit_wolf,0.32552754876366785,3.805813799500325e-06,1.6108905715765047
var2_student,20,oas,0.32542764758568943,3.804205625679787e-06,1.6083576259228132
var2_student,20,pca4,0.3327148411536973,3.265725140477181e-06,1.5388376623492537
var2_student,20,structured_q0,0.3284753022676864,3.258569382877618e-06,1.4286328963031714
var2_student,20,residual_qr_50,0.3292086747346557,3.427108212786476e-06,1.4636717320029908
var2_student,21,sample,0.34720271930024754,1.8268016770606292e-06,1.2039149690513056
var2_student,21,ledoit_wolf,0.3505851433247061,1.7911530967674635e-06,1.102364373360141
var2_student,21,oas,0.35040491027681936,1.792985700866844e-06,1.1077361706988584
var2_student,21,pca4,0.34032535136269304,1.5866198742441836e-06,0.9249620185620764
var2_student,21,structured_q0,0.34663499514942475,1.5688899741895679e-06,0.8525909077147403
var2_student,21,residual_qr_50,0.34671484709851186,1.6309647980454775e-06,0.9371422873689308
var2_student,22,sample,0.29377224923470163,2.063057514730223e-06,0.9584316868825963
var2_student,22,ledoit_wolf,0.29699689582041267,2.0389808484614253e-06,0.9025667139705675
var2_student,22,oas,0.2969483482749979,2.0393173125028735e-06,0.903389326084028
var2_student,22,pca4,0.2924305224033019,1.8552977971616766e-06,0.8666183844280516
var2_student,22,structured_q0,0.29300578428661556,1.8517791218464646e-06,0.8107079356710725
var2_student,22,residual_qr_50,0.2930910058201259,1.9096465341092545e-06,0.8394286575323963
var2_student,23,sample,0.47362052335699867,1.4077180340445206e-06,0.9147371700619296
var2_student,23,ledoit_wolf,0.4593964408736357,1.3800180440239411e-06,0.8279183248282574
var2_student,23,oas,0.4601601973959589,1.3815534808924187e-06,0.8329783711293498
var2_student,23,pca4,0.48186567551423926,1.2758010986996546e-06,0.7535298755472201
var2_student,23,structured_q0,0.47358181035956876,1.2730512787478763e-06,0.7018398711016665
var2_student,23,residual_qr_50,0.47347561425690876,1.295434738737838e-06,0.7525879708383993
var2_student,24,sample,0.3316708573764213,2.183508233522376e-06,1.426040251645543
var2_student,24,ledoit_wolf,0.3222019683082518,2.1246706199644626e-06,1.278693776729022
var2_student,24,oas,0.32256431744764164,2.1270472335630705e-06,1.284848345896825
var2_student,24,pca4,0.33788387786451046,1.9204689862319303e-06,1.1040467661003466
var2_student,24,structured_q0,0.33209485495302954,1.907382701802247e-06,1.0294670489043163
var2_student,24,residual_qr_50,0.3317418846770789,1.9282952534481192e-06,1.0957460224656983
var2_student,25,sample,0.5742963108712933,2.413923766471614e-06,2.147153757809746
var2_student,25,ledoit_wolf,0.5685479163143559,2.377779270099246e-06,1.9387604010111468
var2_student,25,oas,0.5682203046504222,2.375609390275851e-06,1.9259215208907228
var2_student,25,pca4,0.5777870068533428,2.1985054523932347e-06,1.631772924117551
var2_student,25,structured_q0,0.5739766351076165,2.2004996482282973e-06,1.5270334827973417
var2_student,25,residual_qr_50,0.5740391763809376,2.2436170618408373e-06,1.6908506575979676
var2_student,26,sample,0.4968015303708123,2.6986182099933936e-06,1.566147910558958
var2_student,26,ledoit_wolf,0.5002098150923415,2.647225573567039e-06,1.4435034033266563
var2_student,26,oas,0.5000057204275535,2.65036705350187e-06,1.4512650273334187
var2_student,26,pca4,0.4936181893139749,2.273844939677962e-06,1.3295684051125625
var2_student,26,structured_q0,0.496967158530949,2.2441241712731333e-06,1.2126387753689112
var2_student,26,residual_qr_50,0.49682448714374416,2.4007005993248552e-06,1.3104334526700554
var2_student,27,sample,0.6288320600611617,2.0767503007969046e-06,1.1977279422362714
var2_student,27,ledoit_wolf,0.6182220510999256,2.0376749672577097e-06,1.0712312330632803
var2_student,27,oas,0.6192224161330414,2.0414402313258654e-06,1.0839693219361903
var2_student,27,pca4,0.6330361438193058,1.8477943602125182e-06,0.8783695808114587
var2_student,27,structured_q0,0.6284053837756697,1.828666001652413e-06,0.8079017286267669
var2_student,27,residual_qr_50,0.6285273564900654,1.8680481339993464e-06,0.9050480553744639
var2_student,28,sample,0.35697078165534146,3.019055920745353e-06,1.876838790126072
var2_student,28,ledoit_wolf,0.36336554874993177,2.9684899159697307e-06,1.720368701759239
var2_student,28,oas,0.3631484251955624,2.97020423563756e-06,1.7259650374043145
var2_student,28,pca4,0.3521607001140075,2.7374209752211025e-06,1.5399704620135455
var2_student,28,structured_q0,0.3563915543572061,2.750741768432464e-06,1.4362998322174496
var2_student,28,residual_qr_50,0.3565807602755417,2.779985863086762e-06,1.5214542333268968
var2_student,29,sample,0.3486494296606092,3.232946102002071e-06,2.051467645389037
var2_student,29,ledoit_wolf,0.3558871359829131,3.164601542187885e-06,1.8530872078446317
var2_student,29,oas,0.355837982151346,3.165067359541591e-06,1.854468704178461
var2_student,29,pca4,0.3425660133285621,2.749559365056227e-06,1.4933903151849632
var2_student,29,structured_q0,0.3482937790522527,2.7576338609321124e-06,1.3912797496110512
var2_student,29,residual_qr_50,0.3483693075131849,2.8805251811485793e-06,1.5494759763161123
var2_student,30,sample,0.2282776739892047,2.3557808009228206e-06,1.1115147054278873
var2_student,30,ledoit_wolf,0.22589042929292824,2.320885587474868e-06,1.0379582560395721
var2_student,30,oas,0.22593411199020416,2.3217704013239364e-06,1.0399051901456506
var2_student,30,pca4,0.2271547986177349,2.164219870426992e-06,0.9607289083505135
var2_student,30,structured_q0,0.22583737593225514,2.1327316432448023e-06,0.8836228358893167
var2_student,30,residual_qr_50,0.22653863353798023,2.151048982242303e-06,0.9135725260871684
var2_student,31,sample,0.6394489643948482,2.343561430453839e-06,1.509306380915854
var2_student,31,ledoit_wolf,0.627027888261458,2.2990260832281655e-06,1.391120363329528
var2_student,31,oas,0.627977669501087,2.3028267595803353e-06,1.4014950052241444
var2_student,31,pca4,0.6431935232260535,1.9224278423390796e-06,1.1616389590567533
var2_student,31,structured_q0,0.6381344088626043,1.9190119407551056e-06,1.0776157770990642
var2_student,31,residual_qr_50,0.6387159479571801,2.054921713820453e-06,1.189995910661937
var2_student,32,sample,0.29112095495631274,2.074671263857691e-06,1.239606427836418
var2_student,32,ledoit_wolf,0.2854788389295673,2.041510346903917e-06,1.153348362249713
var2_student,32,oas,0.28555637385440624,2.0420162733360046e-06,1.1547287364866694
var2_student,32,pca4,0.2947188355916923,1.7950439344454196e-06,1.0612138189470917
var2_student,32,structured_q0,0.2894308785539325,1.8054474744533517e-06,0.9924154771108293
var2_student,32,residual_qr_50,0.28987343161572615,1.876915550916741e-06,1.0390664101539218
var2_student,33,sample,0.23597109262868982,2.084052723476903e-06,1.4926089707486514
var2_student,33,ledoit_wolf,0.23793863401037,2.0506866778780652e-06,1.3703362957331344
var2_student,33,oas,0.2379020118655838,2.0512548814002606e-06,1.372504667594868
var2_student,33,pca4,0.23349501629717373,1.8602901572015428e-06,1.2770636950686174
var2_student,33,structured_q0,0.23526571143016844,1.8656642519562547e-06,1.1895126017826891
var2_student,33,residual_qr_50,0.23546647686637615,1.911749585984766e-06,1.2472431893222007
var2_student,34,sample,0.4350128344552595,3.1745929576879227e-06,1.3381080093808024
var2_student,34,ledoit_wolf,0.42238953828141934,3.1018668051804554e-06,1.232354524634773
var2_student,34,oas,0.42258688074467216,3.103074137108727e-06,1.2341872914886176
var2_student,34,pca4,0.44205036130226494,2.7880748946828507e-06,1.2641478772129153
var2_student,34,structured_q0,0.43387196361982966,2.7404808896473584e-06,1.161212675481098
var2_student,34,residual_qr_50,0.4343120626410087,2.834305869056427e-06,1.1568484140639717
var2_student,35,sample,0.23625769074477496,2.152262425164571e-06,1.4064687858250133
var2_student,35,ledoit_wolf,0.24163382251667387,2.1172789394591808e-06,1.300769722903532
var2_student,35,oas,0.24148818322591062,2.118213001705648e-06,1.3037238388741332
var2_student,35,pca4,0.23445358042968367,1.9518271268160134e-06,1.224666610394468
var2_student,35,structured_q0,0.23641120287587347,1.9481255360108394e-06,1.1406862640832844
var2_student,35,residual_qr_50,0.23613957959666645,1.9772801016760443e-06,1.186077869789591
var2_student,36,sample,0.29321751695079745,3.2694086932279057e-06,2.4863175483714954
var2_student,36,ledoit_wolf,0.29344837171913185,3.189398388089083e-06,2.2410470617995166
var2_student,36,oas,0.2934409555527816,3.190691237831308e-06,2.2450884616075184
var2_student,36,pca4,0.29214872100720485,2.6804035143473106e-06,1.763574012999138
var2_student,36,structured_q0,0.29238653695652655,2.710443287806481e-06,1.675571381360745
var2_student,36,residual_qr_50,0.2926542395493738,2.8933586302047916e-06,1.912491453199093
var2_student,37,sample,0.5830222471846522,1.90977254621624e-06,0.8906459115270182
var2_student,37,ledoit_wolf,0.5704543415083838,1.8705020103996143e-06,0.832600233628478
var2_student,37,oas,0.5705733518088377,1.8708933334557412e-06,0.8332118078874353
var2_student,37,pca4,0.590129003016898,1.6169659825981692e-06,0.7517105094045217
var2_student,37,structured_q0,0.5824718625711475,1.6299049656308781e-06,0.7071062310048293
var2_student,37,residual_qr_50,0.5825139964152509,1.687312723992142e-06,0.7339037026160106
var2_student,38,sample,0.29977925472999206,1.4875891829849804e-06,1.0400421799415525
var2_student,38,ledoit_wolf,0.3047151701646676,1.449671109559693e-06,0.9460109879020667
var2_student,38,oas,0.3048039869616948,1.4490042541301818e-06,0.9443108729483017
var2_student,38,pca4,0.29580167971342275,1.2778255627740833e-06,0.8150646411611175
var2_student,38,structured_q0,0.29923792334094435,1.2600239744018197e-06,0.7490624701946625
var2_student,38,residual_qr_50,0.2993225839652594,1.2969325341514521e-06,0.7950346096599271
var2_student,39,sample,0.2956500035784279,2.116053430948266e-06,1.4826662443919174
var2_student,39,ledoit_wolf,0.2941017421113122,2.0712858662027667e-06,1.3123896469232141
var2_student,39,oas,0.2942272073597644,2.076355373854352e-06,1.331959826995873
var2_student,39,pca4,0.2985367893889261,1.80704467843135e-06,0.9587362951577809
var2_student,39,structured_q0,0.2942572237309027,1.7855235400648035e-06,0.8799186776177806
var2_student,39,residual_qr_50,0.29476844544213987,1.8829823389910884e-06,1.0554675257628272
var2_student,40,sample,0.3647672580684385,3.1070227036186372e-06,2.1396708870140615
var2_student,40,ledoit_wolf,0.37142587549639866,3.024788614772156e-06,1.9111923323827635
var2_student,40,oas,0.3710337625655269,3.0297300583455153e-06,1.9251922738062026
var2_student,40,pca4,0.36193345425509627,2.5935969915658483e-06,1.6064178406777538
var2_student,40,structured_q0,0.3643210611615069,2.5840702511458444e-06,1.502282654231077
var2_student,40,residual_qr_50,0.36449149052059115,2.7208368225751775e-06,1.6332120459645012
var2_student,41,sample,0.4159560173047729,2.3573639712050632e-06,1.4963125722711093
var2_student,41,ledoit_wolf,0.4163785021273909,2.3038749267912757e-06,1.368614650502484
var2_student,41,oas,0.416322839799992,2.3082884704385414e-06,1.3795936709650103
var2_student,41,pca4,0.4138870308917773,1.986969252107799e-06,1.2596582742499742
var2_student,41,structured_q0,0.4149983628873865,1.9754147772928357e-06,1.171081091005502
var2_student,41,residual_qr_50,0.4152965063754702,2.0872582083855532e-06,1.2444346093684284
var2_student,42,sample,0.21503573910394796,2.0124800495137646e-06,1.1537845398239763
var2_student,42,ledoit_wolf,0.21448671988297774,1.989095311348308e-06,1.0846473627392876
var2_student,42,oas,0.2144763792574703,1.9881982727718553e-06,1.0818380992263583
var2_student,42,pca4,0.21120184262989222,1.927675138337581e-06,1.0024867453087545
var2_student,42,structured_q0,0.214802434632672,1.9121407948680375e-06,0.9231058625083906
var2_student,42,residual_qr_50,0.21473945457268948,1.8865812817602142e-06,0.9580008701721364
var2_student,43,sample,0.49068119657363723,2.4772286087406827e-06,1.449518156249573
var2_student,43,ledoit_wolf,0.49699805048624496,2.432821533017783e-06,1.3277150829615796
var2_student,43,oas,0.49644903870142915,2.436750319035348e-06,1.3389353126389965
var2_student,43,pca4,0.48726401053198537,2.2602228758655686e-06,1.313038750778641
var2_student,43,structured_q0,0.49068921064768056,2.239507146142715e-06,1.2179767598577855
var2_student,43,residual_qr_50,0.4906437516150136,2.283336747777661e-06,1.2470989795594754
var2_student,44,sample,0.4400353458852794,1.9168554072651128e-06,1.2406281303513105
var2_student,44,ledoit_wolf,0.44477645955042855,1.8847375852782027e-06,1.1461395765278675
var2_student,44,oas,0.4449924179654931,1.883296667755201e-06,1.1416081682023624
var2_student,44,pca4,0.4359570189299719,1.7824239518614747e-06,1.0540581119043977
var2_student,44,structured_q0,0.43983017022540727,1.7668962859791152e-06,0.9741339558006845
var2_student,44,residual_qr_50,0.4398499456444566,1.7614429951143691e-06,1.0160078539160804
var2_student,45,sample,0.6387140722241109,2.2037080602542655e-06,1.222816790807895
var2_student,45,ledoit_wolf,0.6200649954599807,2.175524550373701e-06,1.1311254192008064
var2_student,45,oas,0.621227074095608,2.1773995433024774e-06,1.137510787928936
var2_student,45,pca4,0.6505034064278683,1.9659162554772314e-06,0.9146115764993532
var2_student,45,structured_q0,0.6391132900432137,1.988491299034406e-06,0.8778313452835782
var2_student,45,residual_qr_50,0.6387475344779164,2.043815799973875e-06,0.9749178585611433
var2_student,46,sample,0.48754113936765403,1.7762854731096732e-06,1.124175009608718
var2_student,46,ledoit_wolf,0.4919300270670538,1.7399586225088552e-06,1.016380339529327
var2_student,46,oas,0.49198644455465707,1.7395046689701833e-06,1.0149677852591057
var2_student,46,pca4,0.4835405915524023,1.551871284394245e-06,0.9185369472645922
var2_student,46,structured_q0,0.4869595119335529,1.569225946524811e-06,0.8713158543230412
var2_student,46,residual_qr_50,0.4871968618661259,1.6083219833699187e-06,0.9155951846806053
var2_student,47,sample,0.40978761371179456,2.420049235911515e-06,1.5411328036099472
var2_student,47,ledoit_wolf,0.40875236070618615,2.3881180561698813e-06,1.4153981423082238
var2_student,47,oas,0.40878064209152754,2.3892523155171196e-06,1.4200595385459962
var2_student,47,pca4,0.41005954842737147,2.2747516397252968e-06,1.2032109670563502
var2_student,47,structured_q0,0.4095037596091973,2.2755437144413893e-06,1.1241771106385576
var2_student,47,residual_qr_50,0.40951384184805667,2.2684650841780035e-06,1.2180614859923122
var2_student,48,sample,0.37054583255962015,2.4330566459268474e-06,1.1367186858238776
var2_student,48,ledoit_wolf,0.3575615782149866,2.377197636841413e-06,1.0408861990089953
var2_student,48,oas,0.35914899477238993,2.384484300616164e-06,1.053836763953754
var2_student,48,pca4,0.37779633876261354,2.097418516702463e-06,0.9547349320056718
var2_student,48,structured_q0,0.36961323745114516,2.0868887089322173e-06,0.8850783179839554
var2_student,48,residual_qr_50,0.3699167988517423,2.1762856147004932e-06,0.9416373228386501
var2_student,49,sample,0.3593353760315921,3.3404227736615727e-06,2.1780549897783015
var2_student,49,ledoit_wolf,0.35721988907011026,3.2779748209819254e-06,1.9591413197312446
var2_student,49,oas,0.35727388130867127,3.2798157276090865e-06,1.96572901393866
var2_student,49,pca4,0.3591131460210348,2.9054918025505745e-06,1.5315463511203262
var2_student,49,structured_q0,0.3583092193394679,2.914429026149006e-06,1.446283249839701
var2_student,49,residual_qr_50,0.3586545786289028,3.0302872995449054e-06,1.6544792785319398
var2_student,50,sample,0.33625921817546645,2.126284925283495e-06,1.109188968628775
var2_student,50,ledoit_wolf,0.34133574676879286,2.101137677741535e-06,1.0235279852264059
var2_student,50,oas,0.3406348855765963,2.1044576689434275e-06,1.035818622657062
var2_student,50,pca4,0.33365823836705255,2.0071963983809326e-06,1.087983302323989
var2_student,50,structured_q0,0.33558895126328736,2.007785243544769e-06,1.0151240071924017
var2_student,50,residual_qr_50,0.3358291068015913,2.0167853844407606e-06,1.0003813767660013
var2_student,51,sample,0.41936604042909337,2.3326093204162217e-06,1.432359494543981
var2_student,51,ledoit_wolf,0.4221044443215413,2.2913078056154874e-06,1.3048200253249245
var2_student,51,oas,0.42202387530092766,2.292472411711533e-06,1.308537766363748
var2_student,51,pca4,0.4150332149529399,2.0247483901033633e-06,1.1747913855269518
var2_student,51,structured_q0,0.4187450966507566,2.014703955015487e-06,1.0757633146564374
var2_student,51,residual_qr_50,0.41894618870947137,2.105888352325314e-06,1.1599985981628884
var2_student,52,sample,0.4372498390920446,2.1753161352011165e-06,1.0270407105263974
var2_student,52,ledoit_wolf,0.4254988310203797,2.1426046399826645e-06,0.9620628651971231
var2_student,52,oas,0.4257702996954082,2.143410939411194e-06,0.9637577222377989
var2_student,52,pca4,0.444279836191044,2.004381607315009e-06,0.9423872707533527
var2_student,52,structured_q0,0.43611134465469015,2.0087880600833316e-06,0.8839925048483176
var2_student,52,residual_qr_50,0.4364471043771442,2.0145026804443047e-06,0.892908915468547
var2_student,53,sample,0.2266971468566142,2.23205042855324e-06,1.0855701862215756
var2_student,53,ledoit_wolf,0.2217487271537245,2.201488290058082e-06,1.0036326629361534
var2_student,53,oas,0.22181933317865696,2.2019896199193615e-06,1.0050501862567158
var2_student,53,pca4,0.23090380832238872,2.0417051974098475e-06,0.8794086988405664
var2_student,53,structured_q0,0.22441925479792008,2.039355000589952e-06,0.8213807651635672
var2_student,53,residual_qr_50,0.22518308155751854,2.0658303127109012e-06,0.8775957902395369
var2_student,54,sample,0.510138141417416,2.5206345552519048e-06,1.4698226490633635
var2_student,54,ledoit_wolf,0.5052427676353267,2.472967202886456e-06,1.3699648650877199
var2_student,54,oas,0.505149445972072,2.472006911789018e-06,1.3678395829902577
var2_student,54,pca4,0.510502139895113,2.2642044774065456e-06,1.3482422634748945
var2_student,54,structured_q0,0.5098007183358868,2.2665015170156546e-06,1.2626785416052815
var2_student,54,residual_qr_50,0.5097907238169607,2.2637710854299203e-06,1.2442018236643204
var2_student,55,sample,0.794097868515819,2.5235916165683506e-06,1.276389584158227
var2_student,55,ledoit_wolf,0.7751144990138318,2.464138315194051e-06,1.1541282812188844
var2_student,55,oas,0.7766660649055109,2.468879665906006e-06,1.1647013711577516
var2_student,55,pca4,0.8024439411897039,2.337843999979373e-06,1.15480145337628
var2_student,55,structured_q0,0.79325367544023,2.348700814331017e-06,1.0735784287177612
var2_student,55,residual_qr_50,0.7935663618917991,2.3120602181755867e-06,1.0730119180532602
var2_student,56,sample,0.46441143315286487,1.8557422367498545e-06,1.2048813133478447
var2_student,56,ledoit_wolf,0.46820379268024814,1.8236000642143254e-06,1.1024110563190532
var2_student,56,oas,0.4681917049849661,1.8237001888632073e-06,1.1027422445746677
var2_student,56,pca4,0.45965903464720975,1.6384931156116497e-06,0.9304603329415105
var2_student,56,structured_q0,0.4640907266878398,1.6403424055003593e-06,0.8691178587935018
var2_student,56,residual_qr_50,0.4641465032481058,1.6922726526824504e-06,0.9636034823182306
var2_student,57,sample,0.36756905833466486,2.510215162818704e-06,1.5611120330244153
var2_student,57,ledoit_wolf,0.3602511249035672,2.4800865224141608e-06,1.452004702227893
var2_student,57,oas,0.3601766447037249,2.4797494693566457e-06,1.4507450660895729
var2_student,57,pca4,0.3705591918442569,2.2020073348638673e-06,1.2156328822706637
var2_student,57,structured_q0,0.3673782938286702,2.2099961558672742e-06,1.1585530349387598
var2_student,57,residual_qr_50,0.36717283973299947,2.3103957001003535e-06,1.2821149302303874
var2_student,58,sample,0.30228791312664416,2.38793845018599e-06,1.2225380295896016
var2_student,58,ledoit_wolf,0.30207933290751177,2.3594948480200492e-06,1.1332697676027308
var2_student,58,oas,0.30207897036895404,2.3595456425644896e-06,1.133435108361863
var2_student,58,pca4,0.3046014813703689,2.1462820063489228e-06,1.099591707009187
var2_student,58,structured_q0,0.3009188392219935,2.141377300969845e-06,1.0242947429162113
var2_student,58,residual_qr_50,0.3013870079198546,2.2204800503710877e-06,1.0600948741064558
var2_student,59,sample,0.5867649728112332,2.8635722225433664e-06,1.6079159012010045
var2_student,59,ledoit_wolf,0.5748197156508151,2.805837924943449e-06,1.475787120770647
var2_student,59,oas,0.5748815719570138,2.806139992146957e-06,1.4765245606679998
var2_student,59,pca4,0.5937787204028457,2.5402118243473843e-06,1.3944364223585237
var2_student,59,structured_q0,0.5861251463585877,2.53062827536886e-06,1.2980425514382654
var2_student,59,residual_qr_50,0.586293446778611,2.5958441813561196e-06,1.3469482195088054
var2_student,60,sample,0.424369825195437,2.625551299901398e-06,1.4485852121081286
var2_student,60,ledoit_wolf,0.4207226622027403,2.5691527533488183e-06,1.3360840945280648
var2_student,60,oas,0.4206847499226225,2.568517847703691e-06,1.3347551416328367
var2_student,60,pca4,0.42573299340237464,2.277679939027524e-06,1.3098710165541267
var2_student,60,structured_q0,0.42351732745434,2.305749623772514e-06,1.2350855352829426
var2_student,60,residual_qr_50,0.42380352384800823,2.3522563436856385e-06,1.2443827590632188
var2_student,61,sample,0.6227040329840956,1.9905536717487553e-06,1.1561578754173039
var2_student,61,ledoit_wolf,0.6084135985954678,1.940891114301407e-06,1.0382475513275464
var2_student,61,oas,0.6090044783986596,1.9429923776292257e-06,1.0434024384430287
var2_student,61,pca4,0.6312533887735521,1.6354126361183986e-06,0.8411420211104922
var2_student,61,structured_q0,0.6227196572328418,1.6617215747246056e-06,0.7962388111481244
var2_student,61,residual_qr_50,0.6225628163374807,1.752050638064521e-06,0.8829363630007993
var2_student,62,sample,0.3949733212554105,2.2334628041372456e-06,1.4281835941249335
var2_student,62,ledoit_wolf,0.39288673011869063,2.1796239055733825e-06,1.2997811698184314
var2_student,62,oas,0.3929704880941324,2.1821194850332936e-06,1.3059041982239104
var2_student,62,pca4,0.39294584940438354,1.9072185612668383e-06,1.0017718898556442
var2_student,62,structured_q0,0.3941047470434574,1.9129247888633193e-06,0.9467907575804153
var2_student,62,residual_qr_50,0.3943295702063086,1.962492139870475e-06,1.0430709662415025
var2_student,63,sample,0.3150140932381163,2.1163279369172754e-06,0.9963888085693201
var2_student,63,ledoit_wolf,0.31827447855364793,2.0741298164399624e-06,0.919080233515651
var2_student,63,oas,0.3182571680850342,2.0743457005141354e-06,0.919490114765073
var2_student,63,pca4,0.3118339289733058,1.7916083871764348e-06,0.8100631118483471
var2_student,63,structured_q0,0.3144947469868192,1.8061899661678783e-06,0.7641426079630897
var2_student,63,residual_qr_50,0.3145883340145642,1.8915998813108538e-06,0.8137495288625847
var2_student,64,sample,0.41658445563618096,2.4419945845662855e-06,1.4087410202168607
var2_student,64,ledoit_wolf,0.4231716139691429,2.3781138556725587e-06,1.2668471448527103
var2_student,64,oas,0.4222388464796983,2.387231547552956e-06,1.2874250777943468
var2_student,64,pca4,0.41166379004939985,1.9659940687079726e-06,0.9965707817422002
var2_student,64,structured_q0,0.4163366341022572,1.9664653671618277e-06,0.9272681200142266
var2_student,64,residual_qr_50,0.4163729674420149,2.1076433442055055e-06,1.0534927718189373
var2_student,65,sample,0.43095120574033147,2.5363793449485532e-06,1.632638089755204
var2_student,65,ledoit_wolf,0.4194332487635102,2.5002284085418867e-06,1.486112757914406
var2_student,65,oas,0.4194176266068385,2.5001769115416217e-06,1.4858964690586705
var2_student,65,pca4,0.4381353814395115,2.299027393422879e-06,1.2565297475740849
var2_student,65,structured_q0,0.43046985627347295,2.2930394690747077e-06,1.1784914844325984
var2_student,65,residual_qr_50,0.4305394377666083,2.353475780132029e-06,1.30365142430217
var2_student,66,sample,0.751472917654977,2.076177585398699e-06,1.2929599563976872
var2_student,66,ledoit_wolf,0.7318542590285964,2.0400660746538414e-06,1.190685742035798
var2_student,66,oas,0.7342378069175559,2.044639307474511e-06,1.2044018944712487
var2_student,66,pca4,0.7616976744270377,1.9469478540951338e-06,1.1381907030131082
var2_student,66,structured_q0,0.7512100362049613,1.9018073504421782e-06,1.0374899570014553
var2_student,66,residual_qr_50,0.7511989772602692,1.908060517615563e-06,1.0712264916042755
var2_student,67,sample,0.4430802985174423,1.9796770687466453e-06,1.4935967590569392
var2_student,67,ledoit_wolf,0.4221642831979656,1.9256752982391958e-06,1.2497289506172615
var2_student,67,oas,0.4308155963600055,1.947154768787813e-06,1.351139203434403
var2_student,67,pca4,0.45019848747379404,1.852537288662943e-06,1.2289665846423716
var2_student,67,structured_q0,0.44262684105299377,1.8398280875970963e-06,1.1354027361160222
var2_student,67,residual_qr_50,0.44275910891615095,1.85394498886112e-06,1.2150280268633125
var2_student,68,sample,0.518302398856981,3.2796904718948107e-06,1.6160692789843107
var2_student,68,ledoit_wolf,0.5227197355715976,3.215328586322791e-06,1.4940528151301387
var2_student,68,oas,0.5227067082445067,3.2155123275607903e-06,1.494420467821363
var2_student,68,pca4,0.5122640232538661,2.8079105094817717e-06,1.2824982726508702
var2_student,68,structured_q0,0.5171576590962966,2.7878563265808937e-06,1.1967873027709661
var2_student,68,residual_qr_50,0.5176054879393182,2.908918484760338e-06,1.2919742084672237
var2_student,69,sample,0.5274920382015292,2.143505780299933e-06,1.1613951552932067
var2_student,69,ledoit_wolf,0.5185910545458302,2.1082684923931227e-06,1.0708564661774618
var2_student,69,oas,0.5195581180043586,2.112306632888009e-06,1.0817031824937526
var2_student,69,pca4,0.5316797047244682,1.945148899465334e-06,1.0064973298520679
var2_student,69,structured_q0,0.5274043886833492,1.931397805910792e-06,0.9373252183982739
var2_student,69,residual_qr_50,0.5272835549766425,1.9814903637270587e-06,0.9899458811866274
var2_student,70,sample,0.3704316639468254,2.527662457319299e-06,1.539601032548478
var2_student,70,ledoit_wolf,0.3744632027259554,2.473580015561172e-06,1.402023500070573
var2_student,70,oas,0.3745418356115643,2.4725598628399515e-06,1.3992986504948806
var2_student,70,pca4,0.3672404832706101,2.2325323602606654e-06,1.2983473198563904
var2_student,70,structured_q0,0.37049658133850377,2.2258342522710557e-06,1.220959048758761
var2_student,70,residual_qr_50,0.3703734158223878,2.2952404495632656e-06,1.295024299228163
var2_student,71,sample,0.4227778848349568,2.8657690994847586e-06,1.6727240205281533
var2_student,71,ledoit_wolf,0.4284559449080473,2.816331083901332e-06,1.5285505697749158
var2_student,71,oas,0.42803588950414234,2.8198759378653527e-06,1.5392176008552154
var2_student,71,pca4,0.4167944969050344,2.5483716599705547e-06,1.3259598217238702
var2_student,71,structured_q0,0.42242736990453283,2.5031811259734476e-06,1.2046385912894462
var2_student,71,residual_qr_50,0.4224061353344445,2.599807343791623e-06,1.3245755432460011
var2_student,72,sample,0.25816687339780453,1.965489094197299e-06,1.2513942411942462
var2_student,72,ledoit_wolf,0.25873436296499275,1.9084398320718715e-06,1.1281859299404389
var2_student,72,oas,0.25866481923780305,1.9126946881483618e-06,1.1377808878807445
var2_student,72,pca4,0.25728981634043663,1.627918230548023e-06,1.0477190600845792
var2_student,72,structured_q0,0.2577313754454901,1.6203965539898483e-06,0.9716117656469351
var2_student,72,residual_qr_50,0.25778762568507363,1.711534691413277e-06,1.024479765675773
var2_student,73,sample,0.35899578398328547,1.5645553411429047e-06,1.0669580785651909
var2_student,73,ledoit_wolf,0.36202875005881346,1.5395426186003215e-06,0.976464279465974
var2_student,73,oas,0.36200082046022347,1.5397700591735566e-06,0.9773239941910676
var2_student,73,pca4,0.3553410434743851,1.4336773848060669e-06,0.8554972478740895
var2_student,73,structured_q0,0.35880195622923877,1.4288145233761305e-06,0.7991528368643315
var2_student,73,residual_qr_50,0.3588096858859344,1.4468004249369158e-06,0.8585494467236418
var2_student,74,sample,0.40835402602637527,3.129980481306247e-06,2.3260943432819814
var2_student,74,ledoit_wolf,0.40340817323549183,3.0492186895296763e-06,2.074737548602337
var2_student,74,oas,0.40388665485678904,3.0574493157513034e-06,2.1009412242155285
var2_student,74,pca4,0.4083266141034919,2.641481396317371e-06,1.8232278425167217
var2_student,74,structured_q0,0.4071709946187629,2.6570507814614373e-06,1.7176254704636489
var2_student,74,residual_qr_50,0.4076476670556995,2.7781382512559836e-06,1.83985487206438
var2_student,75,sample,0.42331607092483686,1.5767425451372002e-06,0.7840107852698488
var2_student,75,ledoit_wolf,0.42645240952364,1.557350515756702e-06,0.7354828089471335
var2_student,75,oas,0.4263233668183598,1.5581724835593062e-06,0.7376535216813287
var2_student,75,pca4,0.4194109631498197,1.4464908164926242e-06,0.7350470985056516
var2_student,75,structured_q0,0.42329330161573847,1.4332579057548484e-06,0.6869965329370947
var2_student,75,residual_qr_50,0.42322326177102226,1.4566677020288384e-06,0.6899936538875634
var2_student,76,sample,0.2461761335089287,2.331807843756528e-06,1.739100286876757
var2_student,76,ledoit_wolf,0.24885119984998635,2.3076516162484235e-06,1.6079211115098428
var2_student,76,oas,0.24892904978979227,2.3069967367155795e-06,1.604237925714935
var2_student,76,pca4,0.24781788876295271,2.1331516844109764e-06,1.327531479890357
var2_student,76,structured_q0,0.24511255495471693,2.1213472728243205e-06,1.2382014569760984
var2_student,76,residual_qr_50,0.24543006259780378,2.188768358635194e-06,1.4021986455133464
var2_student,77,sample,0.5516211827520806,2.317929134643657e-06,1.685771186391736
var2_student,77,ledoit_wolf,0.5366451206387045,2.268480615643294e-06,1.5345797270339345
var2_student,77,oas,0.536560783157978,2.2682051484297635e-06,1.5336895189243005
var2_student,77,pca4,0.5636899282367323,2.177603612708473e-06,1.412948485580465
var2_student,77,structured_q0,0.5519806845037218,2.1819413243001696e-06,1.3186771176682344
var2_student,77,residual_qr_50,0.5514992897307263,2.139762717807672e-06,1.3563436752425804
var2_student,78,sample,0.3109869635533358,2.313124417972919e-06,1.5672149371729616
var2_student,78,ledoit_wolf,0.3016607076531392,2.259961221286007e-06,1.416912108803877
var2_student,78,oas,0.30158172098033,2.2594922942815744e-06,1.4155341904066043
var2_student,78,pca4,0.31826089253153617,2.0540925269531346e-06,1.1931914801286365
var2_student,78,structured_q0,0.3106502621345716,2.044683492081702e-06,1.1103790502243718
var2_student,78,residual_qr_50,0.3105785124823736,2.0732959519840464e-06,1.2036320140457446
var2_student,79,sample,0.36513673034258304,2.8283426718259753e-06,1.4683351655112156
var2_student,79,ledoit_wolf,0.3627975570407136,2.7595336456090243e-06,1.3354393145404408
var2_student,79,oas,0.3629594167325396,2.765094102280228e-06,1.3467153827228773
var2_student,79,pca4,0.3648294092753488,2.5434799965916755e-06,1.227393357882254
var2_student,79,structured_q0,0.36464556379103313,2.542989885334954e-06,1.142860286201393
var2_student,79,residual_qr_50,0.36463154616548105,2.541631126621241e-06,1.1797878339539416
dcc_student,0,sample,0.4224315410525214,2.191152586603221e-06,1.405668947186331
dcc_student,0,ledoit_wolf,0.42709515864910613,2.160258246923134e-06,1.2704358598077965
dcc_student,0,oas,0.42577109755418835,2.168668864962355e-06,1.3096250019971885
dcc_student,0,pca4,0.41917141689519616,2.1000457144892376e-06,1.363179628824698
dcc_student,0,structured_q0,0.4217196774449036,2.1091973125665753e-06,1.2822809495828895
dcc_student,0,residual_qr_50,0.4220166979794607,2.0995882675794545e-06,1.279231307892482
dcc_student,1,sample,0.2649266877459893,1.8314900172676667e-06,0.875811959218147
dcc_student,1,ledoit_wolf,0.26222697689527813,1.782594505087881e-06,0.7823849861660274
dcc_student,1,oas,0.2632332738652535,1.8039470528515796e-06,0.8248471455088655
dcc_student,1,pca4,0.2642234913018966,1.6687205573533423e-06,0.8474075172777144
dcc_student,1,structured_q0,0.2645565069079426,1.6630644697828196e-06,0.7890082828461277
dcc_student,1,residual_qr_50,0.26464710683280096,1.6763112032088004e-06,0.773440779031648
dcc_student,2,sample,0.6214001694061774,2.051763355560694e-06,1.0729476214071751
dcc_student,2,ledoit_wolf,0.6035145649351316,2.0019981606756292e-06,0.9377477374060833
dcc_student,2,oas,0.6113672464537222,2.023904089316419e-06,0.9996899081239291
dcc_student,2,pca4,0.6246164102890598,1.925470697099432e-06,0.9107114828255468
dcc_student,2,structured_q0,0.6216312472577351,1.937763802116775e-06,0.8520981524105433
dcc_student,2,residual_qr_50,0.6214162444068739,1.9193648755735357e-06,0.8831826954259219
dcc_student,3,sample,0.4159032002144808,2.6533595719453394e-06,1.5808689874446535
dcc_student,3,ledoit_wolf,0.4114908549571054,2.5959122745533326e-06,1.388213167939078
dcc_student,3,oas,0.41282794005602896,2.6139259363517128e-06,1.4514255536737206
dcc_student,3,pca4,0.41473410808272954,2.4219283319482826e-06,1.3289594322727254
dcc_student,3,structured_q0,0.41563047777617407,2.4421153384069704e-06,1.2385419393485102
dcc_student,3,residual_qr_50,0.4156787668440068,2.4661986028162065e-06,1.3030331232499113
dcc_student,4,sample,0.38357902169703495,1.7159179112368787e-06,0.8981459051980757
dcc_student,4,ledoit_wolf,0.38397988412508827,1.6598555473301806e-06,0.7623542236038962
dcc_student,4,oas,0.3836604301128665,1.6818005143170507e-06,0.816800916834863
dcc_student,4,pca4,0.3825417177713828,1.4734931916447423e-06,0.6921330065776771
dcc_student,4,structured_q0,0.38293883796694755,1.454093683087925e-06,0.6368875012988211
dcc_student,4,residual_qr_50,0.3831430640367075,1.5227334227068426e-06,0.6974049981685984
dcc_student,5,sample,0.47557749528766285,2.7522297724770427e-06,1.6045542444543408
dcc_student,5,ledoit_wolf,0.4661662000922195,2.6891808481820367e-06,1.4178074281561885
dcc_student,5,oas,0.46942719425208895,2.7116257478178e-06,1.4865836532121746
dcc_student,5,pca4,0.4775899777803089,2.4961203204872207e-06,1.364521213527995
dcc_student,5,structured_q0,0.4758058782847412,2.463005038466615e-06,1.2514265832546134
dcc_student,5,residual_qr_50,0.4755995507255148,2.5326989940495746e-06,1.3389002428082304
dcc_student,6,sample,0.6450870215372284,3.0078532775291722e-06,1.9064820487664984
dcc_student,6,ledoit_wolf,0.6225532425868437,2.888635660964654e-06,1.6167171340673379
dcc_student,6,oas,0.6309367941096589,2.933891242718573e-06,1.7276469145168567
dcc_student,6,pca4,0.6517745847758728,2.4696175425161335e-06,1.3925790458529808
dcc_student,6,structured_q0,0.6439784620650987,2.441030535529753e-06,1.2726629663514395
dcc_student,6,residual_qr_50,0.6444530174701091,2.5963715642951736e-06,1.422441612474932
dcc_student,7,sample,0.6373588398023129,2.1196882958616563e-06,1.2206123176148556
dcc_student,7,ledoit_wolf,0.6284073514384158,2.065415265074738e-06,1.0500040641676196
dcc_student,7,oas,0.6325398527754151,2.090355840645386e-06,1.1312720265519325
dcc_student,7,pca4,0.6386298877069648,1.9682543197075913e-06,1.0059407941062082
dcc_student,7,structured_q0,0.6369610514496425,1.9585757404584717e-06,0.9377589814454192
dcc_student,7,residual_qr_50,0.6370672648048328,1.9844541275479443e-06,1.0099807335462447
dcc_student,8,sample,0.7794602134658802,2.2766759425305055e-06,1.2038753317819177
dcc_student,8,ledoit_wolf,0.7571416902353141,2.231880538568669e-06,1.0854992570690267
dcc_student,8,oas,0.7646609784090435,2.2474417311146397e-06,1.1281271476799388
dcc_student,8,pca4,0.786783744013562,2.043957775153601e-06,1.1100406475955995
dcc_student,8,structured_q0,0.7788675629943975,2.047797065518948e-06,1.0349948027446778
dcc_student,8,residual_qr_50,0.7790519876397458,2.1061701680642873e-06,1.0604012159262644
dcc_student,9,sample,0.49253790764053157,1.8551208330808403e-06,1.0919401112916136
dcc_student,9,ledoit_wolf,0.4966471125199747,1.8266101958082217e-06,1.004935721599761
dcc_student,9,oas,0.4960277818127721,1.8307519776024688e-06,1.0185435707320236
dcc_student,9,pca4,0.48804798941649946,1.8152137496623025e-06,1.0360560258255795
dcc_student,9,structured_q0,0.49205189677797584,1.7920471408791368e-06,0.956345663213348
dcc_student,9,residual_qr_50,0.4922212688972111,1.7523720055689606e-06,0.9512435697798739
dcc_student,10,sample,0.529204810438122,1.9439250988189787e-06,1.1732089802856274
dcc_student,10,ledoit_wolf,0.5129661401099214,1.900187792113665e-06,1.0575985820242557
dcc_student,10,oas,0.5179111485917612,1.913666843270791e-06,1.0948438858784686
dcc_student,10,pca4,0.5363973355683647,1.687282619309409e-06,1.0574504836088308
dcc_student,10,structured_q0,0.5283064624819305,1.6809575777909418e-06,0.9802064832267079
dcc_student,10,residual_qr_50,0.5285865868353952,1.7623846913785186e-06,1.0177493731798721
dcc_student,11,sample,0.408899565802323,2.0795486327822993e-06,1.4616381596522643
dcc_student,11,ledoit_wolf,0.40368485876710075,1.9781317563604313e-06,1.1483946954506152
dcc_student,11,oas,0.40630830884254127,2.0306210012010496e-06,1.3151537267312539
dcc_student,11,pca4,0.41137288149120865,1.8087680877704175e-06,1.2352927494521544
dcc_student,11,structured_q0,0.40811186081236667,1.8090885801383813e-06,1.140757491048256
dcc_student,11,residual_qr_50,0.4084251055868158,1.8702624993083106e-06,1.2018420059089934
dcc_student,12,sample,0.6652308779335994,3.2733335158382177e-06,2.306164190212309
dcc_student,12,ledoit_wolf,0.6494521816519018,3.1302614347752236e-06,1.8734871834055715
dcc_student,12,oas,0.655398193776046,3.183209987677231e-06,2.035633521978956
dcc_student,12,pca4,0.670635400200519,2.7634520559454257e-06,1.5978769012084952
dcc_student,12,structured_q0,0.6652839183789263,2.7592744847821983e-06,1.4965079682262146
dcc_student,12,residual_qr_50,0.6652110231004368,2.9018165420969564e-06,1.720883646730823
dcc_student,13,sample,0.37508941553381203,1.636273693637564e-06,1.0704085209046494
dcc_student,13,ledoit_wolf,0.37318896279916164,1.6085392738641978e-06,0.9747171281916437
dcc_student,13,oas,0.3734081375119019,1.6124496870035503e-06,0.9887600856356916
dcc_student,13,pca4,0.37644419691659303,1.4137795635215375e-06,0.868804847883504
dcc_student,13,structured_q0,0.37525602945432873,1.4266930454202885e-06,0.8185585400443811
dcc_student,13,residual_qr_50,0.3750046623476016,1.4903678444064706e-06,0.8804014820509961
dcc_student,14,sample,0.6944377441953029,2.7349495510001153e-06,1.5459476262960887
dcc_student,14,ledoit_wolf,0.696562615244655,2.680438489888331e-06,1.3601408018801255
dcc_student,14,oas,0.6957132493704641,2.701218879441941e-06,1.4342023787893392
dcc_student,14,pca4,0.6918268558292554,2.5704790040038856e-06,1.3040934490882647
dcc_student,14,structured_q0,0.6944006994812123,2.5552672797858047e-06,1.2154751681125868
dcc_student,14,residual_qr_50,0.694389318438417,2.5641190867481297e-06,1.2799700573248982
dcc_student,15,sample,1.5762278496752355,2.03115424884849e-06,1.27042052110843
dcc_student,15,ledoit_wolf,1.5146721152962421,1.920367523797336e-06,0.942213513965891
dcc_student,15,oas,1.5539141374802539,1.9835846678058963e-06,1.1403590876146006
dcc_student,15,pca4,1.5847553286216214,1.8084743596981476e-06,1.086524470058027
dcc_student,15,structured_q0,1.57595429796355,1.7932106827472946e-06,1.0071982654147595
dcc_student,15,residual_qr_50,1.576043778831576,1.835598524209177e-06,1.0538979771136647
dcc_student,16,sample,0.3648085086395125,3.083385744316826e-06,1.611149471535219
dcc_student,16,ledoit_wolf,0.3636113469418672,3.022673940515008e-06,1.417893371352442
dcc_student,16,oas,0.3639837722061506,3.0512571966566734e-06,1.513785600217473
dcc_student,16,pca4,0.3631639543697451,2.8768734430234843e-06,1.363279889123803
dcc_student,16,structured_q0,0.363311325133695,2.8769141824602586e-06,1.2698784099836566
dcc_student,16,residual_qr_50,0.36387962635822646,2.9023739316243657e-06,1.3431186459752653
dcc_student,17,sample,0.5983180951702969,2.434530022615854e-06,1.5386027857865343
dcc_student,17,ledoit_wolf,0.6012169555460046,2.3870335519562325e-06,1.3831112047051186
dcc_student,17,oas,0.6002988690134974,2.4019436376594423e-06,1.4337623291087993
dcc_student,17,pca4,0.5948945330422291,2.1808900746778694e-06,1.3364014893600467
dcc_student,17,structured_q0,0.5989683255752358,2.1860548418222984e-06,1.2474585266683182
dcc_student,17,residual_qr_50,0.5986067564503771,2.2289895649699743e-06,1.279442210527364
dcc_student,18,sample,1.0022985640960573,2.0317624197071725e-06,1.0374791101321046
dcc_student,18,ledoit_wolf,0.9737711603008105,1.950811146531069e-06,0.8720979307647077
dcc_student,18,oas,0.9872189718661427,1.988490909806728e-06,0.9514944333104299
dcc_student,18,pca4,1.008112973139919,1.7793559360464444e-06,0.8889079639680731
dcc_student,18,structured_q0,1.001996541984761,1.7702659817740991e-06,0.8221024242333438
dcc_student,18,residual_qr_50,1.0020979877838436,1.8170123863462615e-06,0.8479215291553744
dcc_student,19,sample,0.6291928188362955,2.845329346156081e-06,2.1537854977254
dcc_student,19,ledoit_wolf,0.6160736997756816,2.779340506403669e-06,1.9145837640646601
dcc_student,19,oas,0.6207436612945513,2.803287469938485e-06,2.0047641494053603
dcc_student,19,pca4,0.6319855037626031,2.5627311014933307e-06,1.9268405549496708
dcc_student,19,structured_q0,0.6301760318203267,2.5647430272386686e-06,1.819219341145306
dcc_student,19,residual_qr_50,0.6296168445364215,2.6247946049877316e-06,1.8691972277963933
dcc_student,20,sample,0.5296101232383802,2.324652758577145e-06,1.6699285268277044
dcc_student,20,ledoit_wolf,0.5345899889621775,2.2862800354374007e-06,1.5140967303779893
dcc_student,20,oas,0.5334620915229301,2.294641191684904e-06,1.5498402762626728
dcc_student,20,pca4,0.5248484565753818,2.1856690307849706e-06,1.5349802263967334
dcc_student,20,structured_q0,0.5293954777887048,2.181907960066663e-06,1.4257129621459583
dcc_student,20,residual_qr_50,0.5294173438656427,2.193739862551818e-06,1.4532597580159916
dcc_student,21,sample,0.2916488091391383,2.375952803656281e-06,1.0614280506121614
dcc_student,21,ledoit_wolf,0.29789186776666793,2.3285775180948952e-06,0.9592118945596647
dcc_student,21,oas,0.296370034734019,2.3398175823111915e-06,0.9845857882307891
dcc_student,21,pca4,0.2868494160296034,2.1369988567467245e-06,0.9443808564297133
dcc_student,21,structured_q0,0.2914037492975392,2.130643441559133e-06,0.8765282361193156
dcc_student,21,residual_qr_50,0.29142071216661264,2.1726944812890057e-06,0.9031983605994105
dcc_student,22,sample,0.3594725197454678,2.5888807174224604e-06,1.5638118965272765
dcc_student,22,ledoit_wolf,0.3670816528257418,2.5356878086806955e-06,1.4475120451609702
dcc_student,22,oas,0.3661990857430206,2.541920347315338e-06,1.4617556760067538
dcc_student,22,pca4,0.3525934375900078,2.292808749727558e-06,1.3131759943374472
dcc_student,22,structured_q0,0.3586399678399039,2.3043484911641397e-06,1.2300039576425745
dcc_student,22,residual_qr_50,0.35889074443711516,2.3086524576600164e-06,1.2582431664790936
dcc_student,23,sample,0.9741794050944186,2.777546693109324e-06,1.974875143524163
dcc_student,23,ledoit_wolf,0.9371286566151353,2.5924112665008556e-06,1.500225269528214
dcc_student,23,oas,0.9592241902956704,2.69665665861925e-06,1.7731825803227084
dcc_student,23,pca4,0.9789128856287314,2.27174637698314e-06,1.5378658480711347
dcc_student,23,structured_q0,0.9732210123202382,2.267717073744624e-06,1.423426188619186
dcc_student,23,residual_qr_50,0.9736558735369913,2.398374154555825e-06,1.535437430595158
dcc_student,24,sample,0.5184571489311499,1.9517176143664278e-06,1.1363068561658871
dcc_student,24,ledoit_wolf,0.4979686711587932,1.9090883786637884e-06,1.016118459238772
dcc_student,24,oas,0.5029297607165806,1.9195071864233047e-06,1.0464507430602925
dcc_student,24,pca4,0.5305594690229061,1.7552765512130677e-06,0.9665226254180286
dcc_student,24,structured_q0,0.5166474594418632,1.7586359434544288e-06,0.9004909513488755
dcc_student,24,residual_qr_50,0.5173160539969169,1.7877313441265173e-06,0.9396123393457457
dcc_student,25,sample,0.5054695108273514,2.7401292007502263e-06,1.5900285750220966
dcc_student,25,ledoit_wolf,0.5107442321005029,2.6519284818352404e-06,1.4015050836956973
dcc_student,25,oas,0.5093051223793503,2.675007612449073e-06,1.4523876007661962
dcc_student,25,pca4,0.5000775658019792,2.324232614064598e-06,1.2248238588906077
dcc_student,25,structured_q0,0.5046892757430642,2.2947338592655507e-06,1.125066694740125
dcc_student,25,residual_qr_50,0.5050017404803295,2.4063865560130065e-06,1.230595118804063
dcc_student,26,sample,0.5966168155033921,2.713572245162822e-06,1.8774584217050965
dcc_student,26,ledoit_wolf,0.602577229043368,2.595350712944361e-06,1.5348792334902976
dcc_student,26,oas,0.600253758742114,2.6406417886702425e-06,1.6662547339229405
dcc_student,26,pca4,0.5945669770788825,2.176010636723936e-06,1.2619235653573073
dcc_student,26,structured_q0,0.5963954889610974,2.232247653976617e-06,1.2056318463610545
dcc_student,26,residual_qr_50,0.596496021205204,2.3626476533372407e-06,1.3734084138733893
dcc_student,27,sample,0.2439106587729583,2.5205186148084788e-06,1.1013794305090578
dcc_student,27,ledoit_wolf,0.2500268887077107,2.4616397378074374e-06,1.0176372591990568
dcc_student,27,oas,0.24888033825790012,2.472655895130568e-06,1.033856677802813
dcc_student,27,pca4,0.23898408345196007,2.089637037285274e-06,0.8843623928748474
dcc_student,27,structured_q0,0.24307137968864034,2.0932075293926864e-06,0.8239342854257434
dcc_student,27,residual_qr_50,0.24323689395292897,2.1963778727387818e-06,0.8801372763257669
dcc_student,28,sample,0.39277439926319957,1.9123653555479404e-06,1.0880309826651133
dcc_student,28,ledoit_wolf,0.38186802859232166,1.8664485479622564e-06,0.9458948150097773
dcc_student,28,oas,0.38620555936460294,1.8851503075359823e-06,1.0055069580707603
dcc_student,28,pca4,0.39499309508581404,1.7273001264646433e-06,0.8669448884738907
dcc_student,28,structured_q0,0.3918805273500369,1.71888473697412e-06,0.8094886002370368
dcc_student,28,residual_qr_50,0.39216705012603026,1.7539232041246781e-06,0.8759825512061135
dcc_student,29,sample,0.4406280602579436,2.6523184876999214e-06,1.3553242329676525
dcc_student,29,ledoit_wolf,0.43682617761363934,2.59738114655495e-06,1.1910877407454965
dcc_student,29,oas,0.43819643859637825,2.618250850625984e-06,1.2562754741790014
dcc_student,29,pca4,0.43889841027330667,2.440298020072457e-06,1.1795978287589086
dcc_student,29,structured_q0,0.44097797172707376,2.454339036517066e-06,1.1084698496682939
dcc_student,29,residual_qr_50,0.44069466964012816,2.4861441225577123e-06,1.155532249836183
dcc_student,30,sample,0.4660361464427399,2.6583280610165363e-06,1.4764636030287972
dcc_student,30,ledoit_wolf,0.47333314096630913,2.5941246490411724e-06,1.3414236977652492
dcc_student,30,oas,0.4718989401306529,2.6068690276589747e-06,1.3691326564564472
dcc_student,30,pca4,0.4611464861559049,2.1865695883467628e-06,1.1383620562885748
dcc_student,30,structured_q0,0.46585098825457344,2.2061259588666162e-06,1.0752738170989906
dcc_student,30,residual_qr_50,0.4658809062658215,2.3365102178997253e-06,1.1699399877511916
dcc_student,31,sample,0.2856830235208707,2.3520897558105124e-06,1.2817538448305785
dcc_student,31,ledoit_wolf,0.295642594434734,2.2779945029507528e-06,1.1007005819350997
dcc_student,31,oas,0.29142946063292424,2.308322567752219e-06,1.1760145109201776
dcc_student,31,pca4,0.28390205809969793,2.011122666040667e-06,0.8941232157185645
dcc_student,31,structured_q0,0.286177161814951,2.0094626971401692e-06,0.8410549445268937
dcc_student,31,residual_qr_50,0.2858078664621763,2.0905697400418285e-06,0.9521289790410994
dcc_student,32,sample,0.30490989476594904,2.6260631533889383e-06,1.1252166004618775
dcc_student,32,ledoit_wolf,0.30561413283766015,2.5642521454003786e-06,1.027470896311163
dcc_student,32,oas,0.3053604472376942,2.5779404467395516e-06,1.0497321978644094
dcc_student,32,pca4,0.3014537197026154,2.2417779250283508e-06,0.9947273981513487
dcc_student,32,structured_q0,0.30384624236587776,2.2058586426876214e-06,0.9137616719175168
dcc_student,32,residual_qr_50,0.30410907291868816,2.329096151663294e-06,0.951717927025304
dcc_student,33,sample,0.36312610468063306,1.4811842554926044e-06,0.6852165964287827
dcc_student,33,ledoit_wolf,0.3582462056644783,1.4465674386674589e-06,0.6178846588300951
dcc_student,33,oas,0.3594381611853304,1.4558928523661942e-06,0.6366739140406719
dcc_student,33,pca4,0.36377591545702576,1.3106916283975125e-06,0.5395730034333985
dcc_student,33,structured_q0,0.3623253849005105,1.3023270732587521e-06,0.4988306366161029
dcc_student,33,residual_qr_50,0.3624932880342501,1.3375137036944539e-06,0.5464439848041516
dcc_student,34,sample,0.5175928997637288,1.4163691344293256e-06,0.7835869580378002
dcc_student,34,ledoit_wolf,0.5075283585749369,1.3809301275072384e-06,0.7040239564466305
dcc_student,34,oas,0.5101325645070377,1.3904392183822412e-06,0.7260816675219579
dcc_student,34,pca4,0.5195932330445802,1.2760278304743517e-06,0.6343001678749163
dcc_student,34,structured_q0,0.5173529134849809,1.262136853438493e-06,0.5851877880041767
dcc_student,34,residual_qr_50,0.5173121919564032,1.27833667207017e-06,0.622977599588214
dcc_student,35,sample,0.33251786456479304,2.992477919940307e-06,1.4869918661883104
dcc_student,35,ledoit_wolf,0.33127991576457005,2.892525610243359e-06,1.2908179043056394
dcc_student,35,oas,0.3315624921132495,2.9306370025815268e-06,1.3685386089829652
dcc_student,35,pca4,0.3335114181048657,2.535926406684357e-06,1.1897605862296488
dcc_student,35,structured_q0,0.33134713998505316,2.5177561253858636e-06,1.1077261312925524
dcc_student,35,residual_qr_50,0.3317314690170691,2.6125550037657768e-06,1.1770349811228542
dcc_student,36,sample,0.6093193460280691,2.627632629567392e-06,1.764749598778464
dcc_student,36,ledoit_wolf,0.5975696720835607,2.5368010304365368e-06,1.4953594640898384
dcc_student,36,oas,0.6020357987810557,2.5709747010539556e-06,1.5996972968584162
dcc_student,36,pca4,0.612786639543937,2.22418355255254e-06,1.3456992174877893
dcc_student,36,structured_q0,0.6094846808186201,2.2409512227501354e-06,1.2747150096292212
dcc_student,36,residual_qr_50,0.6093374911645028,2.3381656093029193e-06,1.3826378055425474
dcc_student,37,sample,0.4071026514533264,2.1164947595507253e-06,1.1987683259208717
dcc_student,37,ledoit_wolf,0.39745858700330666,2.0976720381210497e-06,1.1036122965754507
dcc_student,37,oas,0.40008202929821357,2.103174992440909e-06,1.1325338621855188
dcc_student,37,pca4,0.4102274501896899,2.0348791476786416e-06,1.0507569517521298
dcc_student,37,structured_q0,0.406612829598318,2.0263928975503526e-06,0.9775145310766348
dcc_student,37,residual_qr_50,0.4067049948163505,2.0409604643566625e-06,1.0378338054865694
dcc_student,38,sample,0.45169357061418713,1.7979037309035692e-06,1.2564191243462268
dcc_student,38,ledoit_wolf,0.4495725445505959,1.7578161909885074e-06,1.1074572325463496
dcc_student,38,oas,0.45009885956447404,1.7687596385162395e-06,1.1501368034990636
dcc_student,38,pca4,0.4526882905475577,1.6020483260734893e-06,1.078339299872105
dcc_student,38,structured_q0,0.45101474605543224,1.6138270660033327e-06,1.0127671627223758
dcc_student,38,residual_qr_50,0.4512838063172713,1.649908059873473e-06,1.0625592607571066
dcc_student,39,sample,0.8730512191800931,1.9080473448820976e-06,0.9658299591736343
dcc_student,39,ledoit_wolf,0.8461934730695665,1.8744789084267146e-06,0.8450962024773544
dcc_student,39,oas,0.8578566289882387,1.8885880638790135e-06,0.8992291094758919
dcc_student,39,pca4,0.8803463962935544,1.8394250865245282e-06,0.9155510301237342
dcc_student,39,structured_q0,0.872300850592058,1.8342584898976758e-06,0.8457102766342625
dcc_student,39,residual_qr_50,0.8725931377915848,1.8213174544258092e-06,0.8569373839099782
dcc_student,40,sample,0.6618052801043727,3.409584363377394e-06,1.5406573422040954
dcc_student,40,ledoit_wolf,0.639293367572306,3.3324599031893498e-06,1.3866391832128728
dcc_student,40,oas,0.6478294073277283,3.3629288027824836e-06,1.4492602379661752
dcc_student,40,pca4,0.6695116488951242,2.972603890285407e-06,1.3620319153895006
dcc_student,40,structured_q0,0.6613108059284986,2.9614066275142563e-06,1.2677429579959179
dcc_student,40,residual_qr_50,0.6614534159903609,3.0871381832360712e-06,1.3199734181422078
dcc_student,41,sample,0.5611145643353496,1.8497377676184829e-06,1.0361528584595516
dcc_student,41,ledoit_wolf,0.5561041816722423,1.7796584823939527e-06,0.8882556987194512
dcc_student,41,oas,0.5581195377686262,1.808952882454617e-06,0.9510849345820324
dcc_student,41,pca4,0.5609597202037787,1.5043165418605396e-06,0.7442219049544936
dcc_student,41,structured_q0,0.5610424318714107,1.526418984676906e-06,0.701490165559761
dcc_student,41,residual_qr_50,0.5609970747386384,1.5990021402487988e-06,0.7738243703662109
dcc_student,42,sample,0.5891738186339179,1.6739121245402235e-06,1.1217678407695009
dcc_student,42,ledoit_wolf,0.5942703552310948,1.64414919691674e-06,1.0203700691973894
dcc_student,42,oas,0.5928989564825455,1.6521906182697005e-06,1.0491226720259363
dcc_student,42,pca4,0.5847424265525547,1.5294152279575862e-06,0.9349380176417686
dcc_student,42,structured_q0,0.5883096378015709,1.508021707343384e-06,0.8624262629945605
dcc_student,42,residual_qr_50,0.588710042201016,1.5284281891295362e-06,0.9094745647065384
dcc_student,43,sample,0.28294834149054565,2.348743518214611e-06,1.3954594654445915
dcc_student,43,ledoit_wolf,0.2852043405132172,2.308949883516476e-06,1.2588286648629812
dcc_student,43,oas,0.2845717654493697,2.3178118494591246e-06,1.2913929975034062
dcc_student,43,pca4,0.28157494902756497,2.2164206782909735e-06,1.2632007194649846
dcc_student,43,structured_q0,0.2816359260233221,2.212672286374513e-06,1.180542628399899
dcc_student,43,residual_qr_50,0.2820661627276393,2.2148145192690225e-06,1.2036233921985622
dcc_student,44,sample,0.4880555529363639,2.2958708062841322e-06,1.3069706199326185
dcc_student,44,ledoit_wolf,0.49262903423034093,2.2228933320689242e-06,1.1376751101125644
dcc_student,44,oas,0.49078204973237965,2.250583837923933e-06,1.2042069003533071
dcc_student,44,pca4,0.48672567627809005,2.0055402960048503e-06,1.147775689193726
dcc_student,44,structured_q0,0.487386335117368,1.9971698539536116e-06,1.0673025911002578
dcc_student,44,residual_qr_50,0.4876643697508214,2.0537336581948572e-06,1.088580012407742
dcc_student,45,sample,0.45076409634213294,2.4981056561043384e-06,1.215036063859044
dcc_student,45,ledoit_wolf,0.4561519966029109,2.4056434577387464e-06,1.066032938689913
dcc_student,45,oas,0.4535791178265803,2.448368248766049e-06,1.1380175820927019
dcc_student,45,pca4,0.448166603402785,2.1312065205373246e-06,1.0982263840284614
dcc_student,45,structured_q0,0.45083720177048503,2.13877628908733e-06,1.0316856348861525
dcc_student,45,residual_qr_50,0.45076139540718807,2.2124540456578994e-06,1.0338933866410656
dcc_student,46,sample,0.420853534264648,2.9188043776241955e-06,1.3359553450942767
dcc_student,46,ledoit_wolf,0.42205479893658193,2.863954800961946e-06,1.24192056432243
dcc_student,46,oas,0.4217889085168436,2.874787686414207e-06,1.2613112606427823
dcc_student,46,pca4,0.41714743650641345,2.501464767695914e-06,1.1638899981054558
dcc_student,46,structured_q0,0.4205220636323024,2.4776765321555182e-06,1.066298402183266
dcc_student,46,residual_qr_50,0.4204942253369754,2.5954048989755566e-06,1.1028643781148066
dcc_student,47,sample,0.33316010572370663,2.6610464785389047e-06,1.5563599427138042
dcc_student,47,ledoit_wolf,0.3377619648672532,2.5983025216692787e-06,1.3937263794018284
dcc_student,47,oas,0.3368942777806372,2.6097291012510785e-06,1.4241404387170449
dcc_student,47,pca4,0.3316381093079692,2.2731620851647205e-06,1.1267026136107594
dcc_student,47,structured_q0,0.3319737490438156,2.271791148474407e-06,1.0525845833988576
dcc_student,47,residual_qr_50,0.3324445919847556,2.3708273527262104e-06,1.189182430783223
dcc_student,48,sample,0.8272441231607757,2.1389935470577123e-06,1.263150914157452
dcc_student,48,ledoit_wolf,0.7978293310168697,2.0507094229668163e-06,1.0650417525423936
dcc_student,48,oas,0.8121755026823906,2.0932377708137472e-06,1.162828852061592
dcc_student,48,pca4,0.8330516736817047,1.8038398653087794e-06,1.0374631078428074
dcc_student,48,structured_q0,0.8262111049299848,1.8023242316781596e-06,0.9699771134824153
dcc_student,48,residual_qr_50,0.8266430801988742,1.8813534761127787e-06,1.0197248184469763
dcc_student,49,sample,0.5604267643438158,2.295700269890855e-06,1.101489664375346
dcc_student,49,ledoit_wolf,0.5499189270180277,2.255501701761087e-06,0.9801931637788035
dcc_student,49,oas,0.552917771436365,2.2670800124333257e-06,1.0166774909955165
dcc_student,49,pca4,0.5671228597358543,2.213312023284024e-06,0.9597025724856075
dcc_student,49,structured_q0,0.5597623216285291,2.1997004002284664e-06,0.889067058198512
dcc_student,49,residual_qr_50,0.5599409198475539,2.179429667773771e-06,0.9289945473918961
dcc_student,50,sample,0.43400886633709346,2.060651838748872e-06,1.199897025624215
dcc_student,50,ledoit_wolf,0.4236528092327222,2.004851201372429e-06,1.0605238582683212
dcc_student,50,oas,0.42643091973068353,2.0197667495177786e-06,1.0997479081158192
dcc_student,50,pca4,0.43763029251709135,1.8754265539587006e-06,1.10912892230872
dcc_student,50,structured_q0,0.4337135270187905,1.8690571960755092e-06,1.0268068588210426
dcc_student,50,residual_qr_50,0.4337386420663197,1.8899527288980198e-06,1.0383295928297316
dcc_student,51,sample,0.41679008767601494,2.0284473008426245e-06,1.3102985780750227
dcc_student,51,ledoit_wolf,0.40037878689362444,1.981849731539406e-06,1.16551695139642
dcc_student,51,oas,0.40371967150517035,1.9915617106130345e-06,1.196570236808278
dcc_student,51,pca4,0.42508143136383775,1.7960305931659686e-06,0.9662210092744814
dcc_student,51,structured_q0,0.41619166201394553,1.773158497048759e-06,0.891756719071742
dcc_student,51,residual_qr_50,0.41628007506035564,1.8174518514886155e-06,0.9914387461008553
dcc_student,52,sample,0.7100685239796993,2.5113099450400684e-06,1.3754656731450214
dcc_student,52,ledoit_wolf,0.6877683750143323,2.4311976952030625e-06,1.1985049527869829
dcc_student,52,oas,0.6967257460872157,2.4631877330888278e-06,1.2719941294437467
dcc_student,52,pca4,0.7148621485944389,2.200521673783381e-06,1.2927428519532547
dcc_student,52,structured_q0,0.7103937130129664,2.1927046289119674e-06,1.2066318354132282
dcc_student,52,residual_qr_50,0.7101631516284868,2.2836515631311745e-06,1.2278692159057674
dcc_student,53,sample,0.8289935350342387,2.000763162365983e-06,0.9791026516095611
dcc_student,53,ledoit_wolf,0.7985596709599091,1.9366064892036796e-06,0.8331022637452363
dcc_student,53,oas,0.8119160756797612,1.962888152120885e-06,0.8966346662268024
dcc_student,53,pca4,0.8388368747617994,1.8047830612458542e-06,0.8327617424734577
dcc_student,53,structured_q0,0.828335549622954,1.8017334027966128e-06,0.775852664074659
dcc_student,53,residual_qr_50,0.8285177151994956,1.8307105947412347e-06,0.8142128141931547
dcc_student,54,sample,1.5300544246538954,2.1107953105811005e-06,1.0607419465798376
dcc_student,54,ledoit_wolf,1.4544804770589268,2.0018440875681533e-06,0.7657629302421596
dcc_student,54,oas,1.510951053912522,2.0778715823127636e-06,0.9790279762087071
dcc_student,54,pca4,1.5365270366908765,1.8886787579286854e-06,0.9473585132815749
dcc_student,54,structured_q0,1.5301712994853613,1.870159757480537e-06,0.875442483673762
dcc_student,54,residual_qr_50,1.5300717404787811,1.9245600064511964e-06,0.9115311489847493
dcc_student,55,sample,0.6759014629009131,2.742606104338172e-06,1.8521848204437712
dcc_student,55,ledoit_wolf,0.6581033101297473,2.6347219943834826e-06,1.3560350132509251
dcc_student,55,oas,0.6692708057571566,2.6979155008256593e-06,1.655681884964674
dcc_student,55,pca4,0.6762287299236794,2.5238231523743377e-06,1.4045451558074056
dcc_student,55,structured_q0,0.6758255871543108,2.5132828189159923e-06,1.3157082044612352
dcc_student,55,residual_qr_50,0.6758340707146634,2.5289602168184006e-06,1.440315542711542
dcc_student,56,sample,0.5846747387864247,2.103908508085158e-06,1.2781627258730972
dcc_student,56,ledoit_wolf,0.5743776435028465,2.037872240930797e-06,1.0985874547958427
dcc_student,56,oas,0.5772439474957187,2.0566238274518947e-06,1.1502803703197768
dcc_student,56,pca4,0.5878431435024853,1.8386023416761932e-06,0.9189786869242321
dcc_student,56,structured_q0,0.584458413216614,1.8113694520308833e-06,0.8460614379905921
dcc_student,56,residual_qr_50,0.5844826917492995,1.866958236401833e-06,0.947415685744811
dcc_student,57,sample,1.0789667055221077,1.7999753250930121e-06,0.9445555320549843
dcc_student,57,ledoit_wolf,1.0244094843267277,1.7046448313152018e-06,0.7179328816945105
dcc_student,57,oas,1.0607986725645069,1.7646415180419201e-06,0.8644107536513804
dcc_student,57,pca4,1.0869995386910392,1.5955981141527289e-06,0.8207883559961122
dcc_student,57,structured_q0,1.0783681531741431,1.5877708837541283e-06,0.7680531099209946
dcc_student,57,residual_qr_50,1.0786057165206058,1.6293608653860095e-06,0.7927705543044649
dcc_student,58,sample,0.37817735829406957,2.245548431640584e-06,1.2539120340964671
dcc_student,58,ledoit_wolf,0.3740973631957963,2.188063352044379e-06,1.0860342124868188
dcc_student,58,oas,0.37549139549587257,2.209048056765952e-06,1.1494105500647624
dcc_student,58,pca4,0.37799781819274364,2.044292951018264e-06,1.020563487786721
dcc_student,58,structured_q0,0.3780747896325662,2.029823888765564e-06,0.9465171862070445
dcc_student,58,residual_qr_50,0.37801912984511143,2.070839692006049e-06,1.0210573525126019
dcc_student,59,sample,0.7341882631825026,1.8375987750582535e-06,0.803532907513036
dcc_student,59,ledoit_wolf,0.6920071360096949,1.7867081858942653e-06,0.7130981515437733
dcc_student,59,oas,0.7119044102486415,1.810412050480992e-06,0.7566345726818109
dcc_student,59,pca4,0.7534518416354236,1.616839417748304e-06,0.6899913766090908
dcc_student,59,structured_q0,0.7324265748098782,1.614928800997859e-06,0.6416636761147537
dcc_student,59,residual_qr_50,0.7329016324538646,1.670968510399821e-06,0.6779019713730597
dcc_student,60,sample,0.3810838532385321,2.2713674568826275e-06,1.387428142094204
dcc_student,60,ledoit_wolf,0.3844785191752832,2.2376494716792852e-06,1.2940560231046483
dcc_student,60,oas,0.3839016705329582,2.2434765958137874e-06,1.3109594514637164
dcc_student,60,pca4,0.3738319340407886,2.01564866191024e-06,1.265982770884584
dcc_student,60,structured_q0,0.38002720034862786,2.011601322238381e-06,1.1748042862477264
dcc_student,60,residual_qr_50,0.38042345147477385,2.0668278258424847e-06,1.1976145507578535
dcc_student,61,sample,0.43666509957525373,1.940578143018765e-06,1.2935204782662926
dcc_student,61,ledoit_wolf,0.4383644973296745,1.89974320622025e-06,1.0726041616631294
dcc_student,61,oas,0.43744284585879706,1.916546264918066e-06,1.171662718797659
dcc_student,61,pca4,0.4347113103745948,1.8461633438130787e-06,1.0806176472429132
dcc_student,61,structured_q0,0.4363573667463655,1.883502922890149e-06,1.0248452694493906
dcc_student,61,residual_qr_50,0.4364451427013641,1.8527128575174895e-06,1.0748348218596973
dcc_student,62,sample,0.39999455667197503,3.295567280254211e-06,1.8469627064744962
dcc_student,62,ledoit_wolf,0.4068571719565875,3.2077765619514895e-06,1.6658547289973065
dcc_student,62,oas,0.40478540185579415,3.2346598710058237e-06,1.7225883952133818
dcc_student,62,pca4,0.3962501892965459,2.8169684542219853e-06,1.640608613395343
dcc_student,62,structured_q0,0.39895608479192024,2.7895901485482173e-06,1.5319874845288601
dcc_student,62,residual_qr_50,0.39940771084920496,2.9310438060951386e-06,1.5628072256988759
dcc_student,63,sample,0.40523747935494614,2.4001041570141538e-06,1.3476904342157328
dcc_student,63,ledoit_wolf,0.39557758176904223,2.3277303633540054e-06,1.1567693000568295
dcc_student,63,oas,0.40041330671944875,2.363336724121718e-06,1.256697045218887
dcc_student,63,pca4,0.40733530449873506,2.254110895570331e-06,1.2324301361806147
dcc_student,63,structured_q0,0.4055222963563916,2.27884694703602e-06,1.1583195245517475
dcc_student,63,residual_qr_50,0.4052605981013297,2.252420941926998e-06,1.167944679625866
dcc_student,64,sample,0.33622286705922927,1.7478529325893219e-06,0.8905442627212133
dcc_student,64,ledoit_wolf,0.32795898261561873,1.7099191852994077e-06,0.8188009247230129
dcc_student,64,oas,0.32955150291253915,1.717883166873712e-06,0.8343702883902343
dcc_student,64,pca4,0.34028562166016413,1.4778592712464015e-06,0.7731813922499191
dcc_student,64,structured_q0,0.33552324388785276,1.4552833624461971e-06,0.710516256782983
dcc_student,64,residual_qr_50,0.3356624944365607,1.5377918627263503e-06,0.7416896656648165
dcc_student,65,sample,0.6188428891782867,2.229291062902563e-06,1.2441504569663693
dcc_student,65,ledoit_wolf,0.5972505202266346,2.1626520282328e-06,1.0805010789837899
dcc_student,65,oas,0.6048485049537706,2.185999065834235e-06,1.1395423737018806
dcc_student,65,pca4,0.6272808701935572,1.9315137384527456e-06,1.094705170613304
dcc_student,65,structured_q0,0.6183214383241044,1.912090321785085e-06,1.0047291336116562
dcc_student,65,residual_qr_50,0.6184771500551711,2.0029692883104207e-06,1.0542440994683722
dcc_student,66,sample,0.41765639820316164,2.300865426424488e-06,1.4367472660648979
dcc_student,66,ledoit_wolf,0.4256937686435859,2.243337041249052e-06,1.2032327458749643
dcc_student,66,oas,0.4211909412950973,2.273461389867242e-06,1.3282384448253821
dcc_student,66,pca4,0.4149380130581483,2.065209080253296e-06,1.2253606779396176
dcc_student,66,structured_q0,0.4175256462840462,2.100797227573399e-06,1.1532621132314806
dcc_student,66,residual_qr_50,0.41750729164075867,2.1579346040571407e-06,1.2101857092301038
dcc_student,67,sample,0.4660201394270915,1.7815010982576015e-06,0.8216995654895943
dcc_student,67,ledoit_wolf,0.45191678312313943,1.7433125238549655e-06,0.7311424376473913
dcc_student,67,oas,0.4556292956168976,1.7532159490182006e-06,0.7560436192107781
dcc_student,67,pca4,0.476186652524126,1.674593925173507e-06,0.7620129380210499
dcc_student,67,structured_q0,0.46531209888072256,1.6798861214572923e-06,0.7114064729674617
dcc_student,67,residual_qr_50,0.4654487276237511,1.6635112000990374e-06,0.7099307822883563
dcc_student,68,sample,0.3122904410191819,2.6849864488331777e-06,1.453307511874342
dcc_student,68,ledoit_wolf,0.31369790342189846,2.6530227097043773e-06,1.3461305587265777
dcc_student,68,oas,0.31338743645609113,2.6585648675872356e-06,1.3658651547646503
dcc_student,68,pca4,0.3081251396514517,2.4797785758158556e-06,1.3037263501993026
dcc_student,68,structured_q0,0.31201521198342264,2.480168978023651e-06,1.2157023948573877
dcc_student,68,residual_qr_50,0.31186634329581986,2.530047521400007e-06,1.2694828543732584
dcc_student,69,sample,0.39812004624355374,2.821085483061099e-06,1.4162875078189774
dcc_student,69,ledoit_wolf,0.3915635955798584,2.7152964019295747e-06,1.172011003063092
dcc_student,69,oas,0.3950523383128013,2.7728853384031328e-06,1.310693646558136
dcc_student,69,pca4,0.4016910988210261,2.558183242925205e-06,1.2587212492493889
dcc_student,69,structured_q0,0.3978838675950283,2.540672378498291e-06,1.1648064207673188
dcc_student,69,residual_qr_50,0.3978949164416404,2.5842685722022582e-06,1.2015524863152174
dcc_student,70,sample,0.623608219220888,2.0682529776421773e-06,1.0841524811961842
dcc_student,70,ledoit_wolf,0.6117252676342656,2.03023413303538e-06,0.9737287458446079
dcc_student,70,oas,0.6156968267596395,2.043135859317795e-06,1.0132011382304225
dcc_student,70,pca4,0.6268401333031319,1.9461423219845682e-06,0.975789839134205
dcc_student,70,structured_q0,0.6228334578298729,1.912798563791227e-06,0.8922115556357904
dcc_student,70,residual_qr_50,0.6231385562649353,1.9269005321719082e-06,0.9245488316010884
dcc_student,71,sample,1.1197483395655137,3.0827618442035594e-06,1.5325129094151588
dcc_student,71,ledoit_wolf,1.0854375424294258,3.0014268184749956e-06,1.3219585287221287
dcc_student,71,oas,1.0977622209707798,3.030173690261569e-06,1.3986146922547484
dcc_student,71,pca4,1.1334065737564116,2.6560918468666915e-06,1.2618003342883672
dcc_student,71,structured_q0,1.1207244787196389,2.6894781886990215e-06,1.195182470143588
dcc_student,71,residual_qr_50,1.1201347372609003,2.7888914884133526e-06,1.2639467889333529
dcc_student,72,sample,0.5839999429007994,1.98876541333451e-06,1.6987925125537624
dcc_student,72,ledoit_wolf,0.5856372176998298,1.8799687472426705e-06,1.3518515654023455
dcc_student,72,oas,0.5847302601262626,1.9303503288713813e-06,1.515136528443263
dcc_student,72,pca4,0.5829807116859167,1.63598707431937e-06,1.2164536288411245
dcc_student,72,structured_q0,0.5837491556820394,1.6318136215888916e-06,1.1250894316774087
dcc_student,72,residual_qr_50,0.5838267271588363,1.724963213229509e-06,1.271837252882596
dcc_student,73,sample,0.6578616200134004,1.5817557825049826e-06,1.0777483846711882
dcc_student,73,ledoit_wolf,0.6198514635420297,1.4767528969400323e-06,0.7586089883166645
dcc_student,73,oas,0.6464687961985406,1.544778806635751e-06,0.9707767500026308
dcc_student,73,pca4,0.6628858426378974,1.3477074088958153e-06,0.8739582742126983
dcc_student,73,structured_q0,0.6575511564184552,1.3529346799281246e-06,0.8207114260739089
dcc_student,73,residual_qr_50,0.657639527750151,1.4162600487450343e-06,0.8890642416770596
dcc_student,74,sample,0.39914040552204655,3.2615049503030705e-06,2.073449676528599
dcc_student,74,ledoit_wolf,0.40402971416171346,3.2127982270050475e-06,1.8908915714552177
dcc_student,74,oas,0.4028304614870807,3.224728561159133e-06,1.9377176895541388
dcc_student,74,pca4,0.39298163834906746,3.0189184992746783e-06,1.8103931846681838
dcc_student,74,structured_q0,0.3983686551475176,3.0137185744653835e-06,1.6871543457767875
dcc_student,74,residual_qr_50,0.39866884713918144,3.05878056930182e-06,1.7687245793729374
dcc_student,75,sample,0.5936990955830098,2.0475657062636475e-06,1.1882404333143066
dcc_student,75,ledoit_wolf,0.5681971871677112,2.0086568008084005e-06,1.0394827869205372
dcc_student,75,oas,0.5773484785511388,2.0224196899153907e-06,1.0947314391231249
dcc_student,75,pca4,0.6038477674433443,1.9283875439543955e-06,0.9497679674257892
dcc_student,75,structured_q0,0.5929036223697278,1.9547429086933667e-06,0.9000909621657712
dcc_student,75,residual_qr_50,0.5931734153678783,1.945131607090941e-06,0.970367535829885
dcc_student,76,sample,0.5850617188718443,2.848228300268258e-06,2.2813568310750285
dcc_student,76,ledoit_wolf,0.5641905152968961,2.7907567971236146e-06,2.0483668800185475
dcc_student,76,oas,0.5690130808869411,2.8046912432721946e-06,2.105480087501058
dcc_student,76,pca4,0.595468774440956,2.345990078002989e-06,1.5697037054623904
dcc_student,76,structured_q0,0.5845449588453918,2.3479774123670075e-06,1.4672150681633407
dcc_student,76,residual_qr_50,0.5845908519290521,2.5211141470471e-06,1.695673685815886
dcc_student,77,sample,0.3025093976189592,2.2088581079804266e-06,0.9698432894887249
dcc_student,77,ledoit_wolf,0.29787916871929065,2.177848545206216e-06,0.9045154782607342
dcc_student,77,oas,0.29850240234917774,2.182618256272098e-06,0.9150444218855974
dcc_student,77,pca4,0.30347174055153847,2.0119923883270825e-06,0.8687708447996882
dcc_student,77,structured_q0,0.3009187994822183,1.9837454851130966e-06,0.7973071893930934
dcc_student,77,residual_qr_50,0.30142647706748105,2.0282772994914816e-06,0.8240302860198343
dcc_student,78,sample,0.4472383973208428,1.709079272883195e-06,0.8889471949554978
dcc_student,78,ledoit_wolf,0.4412344511757334,1.654240059683196e-06,0.7641218783148476
dcc_student,78,oas,0.4434684010194474,1.6752936566057585e-06,0.8134616302433598
dcc_student,78,pca4,0.44772238315040885,1.4589466406535383e-06,0.7386510682542311
dcc_student,78,structured_q0,0.4468718563054757,1.4637906865097387e-06,0.6929300426277739
dcc_student,78,residual_qr_50,0.4469573518065812,1.5263112254106664e-06,0.7326404261642545
dcc_student,79,sample,0.33463869507040833,2.293186192545454e-06,1.4382370970190568
dcc_student,79,ledoit_wolf,0.3246990206434254,2.2250412019465523e-06,1.2666506465734617
dcc_student,79,oas,0.32729164984320086,2.2433093214481554e-06,1.3140030373611085
dcc_student,79,pca4,0.3376644166173554,2.0005033066342338e-06,1.2357962532602071
dcc_student,79,structured_q0,0.33423952169094395,1.973076448454463e-06,1.134398270168443
dcc_student,79,residual_qr_50,0.3342760660776158,2.0456875062339894e-06,1.179053903481757
state_loadings,0,sample,0.8361405213219678,2.695367969878835e-06,1.6238642827588345
state_loadings,0,ledoit_wolf,0.8154543531400444,2.5699986045068285e-06,1.3661153031326774
state_loadings,0,oas,0.8179631377893675,2.5848900875628065e-06,1.3969758555066851
state_loadings,0,pca4,0.846675777038823,2.080244451702156e-06,1.0824319274496923
state_loadings,0,structured_q0,0.7287042906930319,2.1186189770190934e-06,0.7642870748992768
state_loadings,0,residual_qr_50,0.7813625172659803,2.221466414139813e-06,0.9517902922030241
state_loadings,1,sample,0.4956869420216371,2.095571012829959e-06,1.2568008067972705
state_loadings,1,ledoit_wolf,0.487614460155175,2.0534655563499905e-06,1.1515235728107487
state_loadings,1,oas,0.4885703985127985,2.0585963268542083e-06,1.1650466702921842
state_loadings,1,pca4,0.4994530272048119,1.8440457781821912e-06,1.2385816584036229
state_loadings,1,structured_q0,0.4534632101193462,1.8955927906728082e-06,0.8878474717035951
state_loadings,1,residual_qr_50,0.4716332997826115,1.9202353981877924e-06,0.9756392476881891
state_loadings,2,sample,0.5722447186154662,2.5797415495176882e-06,1.210212268314237
state_loadings,2,ledoit_wolf,0.5629998736386187,2.478977164190328e-06,1.0320935089773866
state_loadings,2,oas,0.5649207666168693,2.4999097283054775e-06,1.0698661753854672
state_loadings,2,pca4,0.5760772759415075,2.2027730091657827e-06,0.9922927757460647
state_loadings,2,structured_q0,0.5494641252995942,2.1614370559802857e-06,0.6120718758729078
state_loadings,2,residual_qr_50,0.5586266210315017,2.2147303508160365e-06,0.7447761780278748
state_loadings,3,sample,0.6669149491399646,2.19861310207043e-06,1.3412483585230734
state_loadings,3,ledoit_wolf,0.6580073145448263,2.113057996428863e-06,1.128075191397577
state_loadings,3,oas,0.6609163359353091,2.140762249595937e-06,1.198499438116158
state_loadings,3,pca4,0.6682088290919198,1.7994462544572235e-06,1.0235454494958196
state_loadings,3,structured_q0,0.6425460933472563,2.0151401331014608e-06,0.7210719227886867
state_loadings,3,residual_qr_50,0.6528574269116426,2.0075377408339615e-06,0.8683339607527635
state_loadings,4,sample,0.6094997930383104,2.0745324867355004e-06,1.454917454623723
state_loadings,4,ledoit_wolf,0.6048990247090772,2.0289171560986964e-06,1.245099225812517
state_loadings,4,oas,0.6065237707521073,2.044680138048935e-06,1.3221388091336015
state_loadings,4,pca4,0.6086236119827152,1.9354496371016936e-06,1.1872554840726783
state_loadings,4,structured_q0,0.5932813091663203,2.069604486661444e-06,0.7945047530651204
state_loadings,4,residual_qr_50,0.5994701764735494,2.0095461056981917e-06,0.9602165156248651
state_loadings,5,sample,0.8083481753751516,2.9674570872872147e-06,1.5076986073609577
state_loadings,5,ledoit_wolf,0.7990960478912098,2.8708154237036432e-06,1.3105312344266131
state_loadings,5,oas,0.7993859601750787,2.873892327648369e-06,1.316947926989339
state_loadings,5,pca4,0.8108414058003862,2.4944771118284424e-06,1.0315584292755884
state_loadings,5,structured_q0,0.7911529799980637,2.5118484110848767e-06,0.7803124338593153
state_loadings,5,residual_qr_50,0.7993267496789529,2.5670982391954868e-06,0.9494380000588538
state_loadings,6,sample,0.4122647631015925,2.1515514641212722e-06,1.1995324756653234
state_loadings,6,ledoit_wolf,0.4082078889424943,2.101573031489721e-06,1.0668239670194384
state_loadings,6,oas,0.40866514241058605,2.1074459993153106e-06,1.0832568059198489
state_loadings,6,pca4,0.4126078900116195,1.901613511507536e-06,0.9834091425175793
state_loadings,6,structured_q0,0.4045624355207712,1.9696699929454996e-06,0.7271176235936102
state_loadings,6,residual_qr_50,0.4067186557110905,1.952391862721482e-06,0.8297151094580953
state_loadings,7,sample,0.6040714428884938,2.1335848759280754e-06,1.588084421083312
state_loadings,7,ledoit_wolf,0.6017412788861201,2.056628478740556e-06,1.3796452424607732
state_loadings,7,oas,0.6022993720002632,2.0762164943567402e-06,1.4336460612418556
state_loadings,7,pca4,0.6033990711653119,1.6602844150461395e-06,1.0504906581860698
state_loadings,7,structured_q0,0.5891015597592629,1.7137765095376864e-06,0.7259208538616186
state_loadings,7,residual_qr_50,0.5940056365456006,1.8012525861124203e-06,0.9367459480297075
state_loadings,8,sample,0.61047317282606,3.1966096436369293e-06,1.3814291630259872
state_loadings,8,ledoit_wolf,0.6140359196382067,3.1320851014517075e-06,1.2479927191613756
state_loadings,8,oas,0.6136821035245419,3.13838404594346e-06,1.2616560323705646
state_loadings,8,pca4,0.60695039805239,2.8482847035180835e-06,1.2234563691208145
state_loadings,8,structured_q0,0.6298469256630488,2.946535850719633e-06,0.9627749288853488
state_loadings,8,residual_qr_50,0.6199555789426135,2.9771955262759e-06,1.0733793129215934
state_loadings,9,sample,0.46532120824951023,2.6947404971996224e-06,1.3905261475514354
state_loadings,9,ledoit_wolf,0.46129595277143715,2.59094724642989e-06,1.214771772685568
state_loadings,9,oas,0.46226566269481795,2.6173210610012904e-06,1.2605001957774624
state_loadings,9,pca4,0.46518976280196195,2.160947159997014e-06,1.1452193599435578
state_loadings,9,structured_q0,0.4663019891930373,2.2506174925049824e-06,0.7588574333268977
state_loadings,9,residual_qr_50,0.4613813990543863,2.3174728805768516e-06,0.9093506480346502
state_loadings,10,sample,0.7302071054053593,2.331604774545981e-06,1.3926344828781412
state_loadings,10,ledoit_wolf,0.7226112674884051,2.2025733577223896e-06,1.1498094055450727
state_loadings,10,oas,0.7244163328572658,2.2325243920649778e-06,1.206728925304421
state_loadings,10,pca4,0.7315902054474184,1.8180547895363324e-06,0.9601157552128375
state_loadings,10,structured_q0,0.691181785389287,1.8461751133864696e-06,0.6300979231042836
state_loadings,10,residual_qr_50,0.7093146530082343,1.8897649029846655e-06,0.772777308667711
state_loadings,11,sample,0.7242447967931734,2.238023908652798e-06,1.2930023120575829
state_loadings,11,ledoit_wolf,0.7155502852841755,2.183938661570062e-06,1.132699788220452
state_loadings,11,oas,0.7166433806388687,2.1908929998520704e-06,1.1539343288790092
state_loadings,11,pca4,0.7265089350093984,1.93143682579162e-06,0.9908795869760916
state_loadings,11,structured_q0,0.6924290422868673,2.171663842479566e-06,0.674553713443452
state_loadings,11,residual_qr_50,0.7064759521533183,2.1002510162247875e-06,0.8081372397906885
state_loadings,12,sample,0.9250627715558125,2.3548334579599624e-06,1.3978538459174028
state_loadings,12,ledoit_wolf,0.9054882752540557,2.3111704471852106e-06,1.2321723013135655
state_loadings,12,oas,0.9094749133853615,2.3197298588314523e-06,1.267182098041544
state_loadings,12,pca4,0.9313933117005684,2.253415390869453e-06,1.240207964901398
state_loadings,12,structured_q0,0.8389289998567926,2.275127978980058e-06,0.828722599333261
state_loadings,12,residual_qr_50,0.8808738151848501,2.21818918898035e-06,0.9579549665294651
state_loadings,13,sample,1.3437990929596804,1.502367015528037e-06,0.962312712379776
state_loadings,13,ledoit_wolf,1.3120385124413574,1.4742619067374668e-06,0.8524757045876932
state_loadings,13,oas,1.315051739896369,1.4769746238727361e-06,0.8633435741565044
state_loadings,13,pca4,1.3645471448379212,1.3566949205527272e-06,0.6828968124548189
state_loadings,13,structured_q0,1.2202345750987096,1.3729236800128816e-06,0.49455954579718236
state_loadings,13,residual_qr_50,1.28132077953859,1.368319379052099e-06,0.6103486643225365
state_loadings,14,sample,0.5700255918497744,2.486570245638131e-06,2.036900100217917
state_loadings,14,ledoit_wolf,0.5748190599777998,2.4530967725054767e-06,1.8264761801810578
state_loadings,14,oas,0.5737891551886289,2.4601276798859843e-06,1.8740976818311752
state_loadings,14,pca4,0.5660459707339706,2.3829368411943477e-06,1.7635101317292257
state_loadings,14,structured_q0,0.6069026981892865,2.5474083306882345e-06,1.137967374216022
state_loadings,14,residual_qr_50,0.5876041463365084,2.4450800716851005e-06,1.3722982023262613
state_loadings,15,sample,0.612125971473955,2.055651627024588e-06,1.4998858199448055
state_loadings,15,ledoit_wolf,0.6070194903711895,1.9929385102793453e-06,1.313927271593596
state_loadings,15,oas,0.6085641684959604,2.012288169303058e-06,1.3730254778072228
state_loadings,15,pca4,0.6121710153947831,1.7950176110961956e-06,1.2610451740150381
state_loadings,15,structured_q0,0.5972116611577251,1.7532620679655978e-06,0.7806910020780542
state_loadings,15,residual_qr_50,0.6017184434915446,1.8038677605717078e-06,0.9596084344765572
state_loadings,16,sample,0.46737402862904437,1.8840256674278282e-06,1.243735936505515
state_loadings,16,ledoit_wolf,0.46482980577593946,1.8303809648354102e-06,1.0905805758602098
state_loadings,16,oas,0.4654216686274762,1.8437392383374222e-06,1.1300305126610493
state_loadings,16,pca4,0.46624637230618327,1.5958592265841882e-06,1.0619715744973022
state_loadings,16,structured_q0,0.44852847374671845,1.761077120309107e-06,0.7111974263321059
state_loadings,16,residual_qr_50,0.45404391438399355,1.7161952992209007e-06,0.8135796582213364
state_loadings,17,sample,0.572483407637806,2.51122045415165e-06,1.263855296900458
state_loadings,17,ledoit_wolf,0.5729470345915217,2.4739782455712603e-06,1.1369476200164959
state_loadings,17,oas,0.5729090565228806,2.4764801903411335e-06,1.1462134234749761
state_loadings,17,pca4,0.5716337205558785,2.3850689346590272e-06,1.173976998746786
state_loadings,17,structured_q0,0.5805336953554742,2.469311662903517e-06,0.835817725287699
state_loadings,17,residual_qr_50,0.5760202724130736,2.395959675788834e-06,0.9351518806150164
state_loadings,18,sample,0.6742444730945347,1.8613033075683209e-06,1.3349873654526332
state_loadings,18,ledoit_wolf,0.6752774182986898,1.7964679858503858e-06,1.1103302052190152
state_loadings,18,oas,0.6748752466961034,1.81835793288544e-06,1.1876197695745336
state_loadings,18,pca4,0.672385146247871,1.6121761901077873e-06,1.0227595018244244
state_loadings,18,structured_q0,0.694866815401796,1.8294387546066168e-06,0.6746503943206982
state_loadings,18,residual_qr_50,0.6830391936842816,1.7599804455908366e-06,0.8118814972652558
state_loadings,19,sample,0.7009517914639434,2.1234638435117865e-06,1.2633858451535478
state_loadings,19,ledoit_wolf,0.6820098319075388,2.076797353877711e-06,1.112733324320168
state_loadings,19,oas,0.6856187756958756,2.085449139599662e-06,1.1423173715046235
state_loadings,19,pca4,0.7109229276504947,1.9545216451339893e-06,1.0638946231471273
state_loadings,19,structured_q0,0.602477378268693,1.9984629409736515e-06,0.6706437244760591
state_loadings,19,residual_qr_50,0.6496242420560927,1.9667689830146136e-06,0.815068308877611
state_loadings,20,sample,0.425708660775024,2.357222565489e-06,1.2599347905924736
state_loadings,20,ledoit_wolf,0.424947948732062,2.276369501131754e-06,1.0873444148753353
state_loadings,20,oas,0.42506449594103063,2.292800941052566e-06,1.1229557587003076
state_loadings,20,pca4,0.4242207695230539,1.9530309280726226e-06,0.9798528397186056
state_loadings,20,structured_q0,0.43526043623401606,2.1520607804956034e-06,0.6618895663359693
state_loadings,20,residual_qr_50,0.4282318398246727,2.1679819548276696e-06,0.8182498665957757
state_loadings,21,sample,0.518061871604763,2.335905631023595e-06,1.3685221704462
state_loadings,21,ledoit_wolf,0.5115366521859251,2.270894251774764e-06,1.1899311346148953
state_loadings,21,oas,0.5129838350564453,2.285041693706496e-06,1.2310072694936804
state_loadings,21,pca4,0.5196573864045678,2.048072483010163e-06,1.134819227512193
state_loadings,21,structured_q0,0.4874965796552815,2.258331689142574e-06,0.7512840952688408
state_loadings,21,residual_qr_50,0.49854287965241995,2.1628878776608124e-06,0.8644920925169834
state_loadings,22,sample,0.5179782219387964,2.7627313491868503e-06,1.2765385450569091
state_loadings,22,ledoit_wolf,0.5121089954808125,2.6661537580903426e-06,1.0979021759253509
state_loadings,22,oas,0.5129286950144784,2.6798019547283194e-06,1.1236678755808687
state_loadings,22,pca4,0.519510557667949,2.236087550085641e-06,0.9358526063553779
state_loadings,22,structured_q0,0.5028392060075104,2.455251166760855e-06,0.7098209501996411
state_loadings,22,residual_qr_50,0.5085545997877511,2.4693914720637486e-06,0.833765642806482
state_loadings,23,sample,0.4889043248430163,2.565708229473075e-06,1.507744194524866
state_loadings,23,ledoit_wolf,0.48762413437052343,2.510108889838069e-06,1.3422049069164101
state_loadings,23,oas,0.4877806189527881,2.518067574573753e-06,1.3668536368436268
state_loadings,23,pca4,0.4878707156812133,2.227883906019186e-06,1.1834326147665308
state_loadings,23,structured_q0,0.48949180864804304,2.296966990430615e-06,0.9106584861935105
state_loadings,23,residual_qr_50,0.4881755161354761,2.3343524318136115e-06,1.0677029813585477
state_loadings,24,sample,1.3534871482927981,2.188687316216429e-06,1.0576236086091988
state_loadings,24,ledoit_wolf,1.3237639593062736,2.1248186829630347e-06,0.9155413269400658
state_loadings,24,oas,1.3289715154514226,2.1359818293728207e-06,0.9409361009571494
state_loadings,24,pca4,1.3666357429585747,1.8662517971565632e-06,0.8324108504776107
state_loadings,24,structured_q0,1.2243391644195531,2.0061912292434934e-06,0.5413147045186453
state_loadings,24,residual_qr_50,1.2864941540452974,2.0030555321271722e-06,0.6634134494383974
state_loadings,25,sample,0.33104512466585795,2.163455507757164e-06,1.3019008750702714
state_loadings,25,ledoit_wolf,0.3191384995293224,2.1073057752536826e-06,1.152198803502122
state_loadings,25,oas,0.32230818118898397,2.1227019553729694e-06,1.1946329081032034
state_loadings,25,pca4,0.3362864022619999,1.8594075274700408e-06,1.0642035408627708
state_loadings,25,structured_q0,0.282874367581684,1.8373350101018088e-06,0.7056518189416153
state_loadings,25,residual_qr_50,0.30273881988797574,1.9048255211166804e-06,0.8621267682318082
state_loadings,26,sample,0.5487398387811322,2.284540285447559e-06,1.4254136373295112
state_loadings,26,ledoit_wolf,0.5465756287956148,2.19131637137722e-06,1.1818992863349165
state_loadings,26,oas,0.5471722168710528,2.216305124508912e-06,1.2513319456583785
state_loadings,26,pca4,0.548147502594118,2.033328879205191e-06,1.2170754341482206
state_loadings,26,structured_q0,0.5459112416620303,2.124764043994802e-06,0.7471304547235144
state_loadings,26,residual_qr_50,0.5459037262858504,2.0727163420545657e-06,0.8912203475946128
state_loadings,27,sample,0.5699671800877257,2.830723781662985e-06,2.2054143186515693
state_loadings,27,ledoit_wolf,0.5759453138357452,2.695642327793812e-06,1.8089442344299513
state_loadings,27,oas,0.5737772884813432,2.7402850824173633e-06,1.944298692790907
state_loadings,27,pca4,0.5666214365462708,2.482386552158782e-06,1.720213837195666
state_loadings,27,structured_q0,0.616920673894517,2.6376662224969104e-06,1.0722074450647445
state_loadings,27,residual_qr_50,0.5921038165989557,2.5333624550727945e-06,1.2696622111890257
state_loadings,28,sample,0.6076575450653405,2.6465567672153274e-06,1.2684835497459988
state_loadings,28,ledoit_wolf,0.5985109257711255,2.5578057477656908e-06,1.069903299959298
state_loadings,28,oas,0.6014946900088374,2.5856607689660437e-06,1.1351443231930411
state_loadings,28,pca4,0.6109576885192353,2.3069840289117096e-06,1.1867456657007398
state_loadings,28,structured_q0,0.578164879838559,2.6813984763629835e-06,0.8545682426644621
state_loadings,28,residual_qr_50,0.5906947732273988,2.6216615323185543e-06,0.9691001129449639
state_loadings,29,sample,0.6339856918521916,2.502003454256523e-06,1.1504931252635506
state_loadings,29,ledoit_wolf,0.6295035041402721,2.4209140878932394e-06,1.0197296642355214
state_loadings,29,oas,0.6301049933985394,2.4322703157959907e-06,1.0384957717058396
state_loadings,29,pca4,0.6333967590834892,2.1115588374133117e-06,1.0025913642934208
state_loadings,29,structured_q0,0.6275693491771837,2.1360442865077953e-06,0.6823546793953614
state_loadings,29,residual_qr_50,0.6294528514836096,2.167695464570388e-06,0.7863839773351806
state_loadings,30,sample,0.45105535464105434,2.4369604584232726e-06,1.263677980575574
state_loadings,30,ledoit_wolf,0.4446895832512387,2.3701813172622974e-06,1.11498050234327
state_loadings,30,oas,0.4458859064432229,2.3831322976166364e-06,1.1450455484103768
state_loadings,30,pca4,0.4525286309157076,2.129373275605782e-06,1.0821550069061996
state_loadings,30,structured_q0,0.43507136305530014,2.0996561265452735e-06,0.7314869809174239
state_loadings,30,residual_qr_50,0.4420393706769725,2.154981003257805e-06,0.8621002298487302
state_loadings,31,sample,0.8350407853341353,1.9534875370828072e-06,1.3783185030762841
state_loadings,31,ledoit_wolf,0.828370479542746,1.918792628638007e-06,1.2180039973044186
state_loadings,31,oas,0.830134947170641,1.928148395320841e-06,1.2629325810845833
state_loadings,31,pca4,0.8342660033880603,1.8470541369452383e-06,1.1199077690245798
state_loadings,31,structured_q0,0.8039870756620084,1.8032768790366279e-06,0.6831103443606809
state_loadings,31,residual_qr_50,0.817977770868059,1.7947316985112265e-06,0.8524250409648899
state_loadings,32,sample,0.3163202854286342,1.974639890268548e-06,1.0737187493136149
state_loadings,32,ledoit_wolf,0.3170242759620777,1.8937763536085835e-06,0.8984938031635601
state_loadings,32,oas,0.3166447792464074,1.9211951078511e-06,0.9595991022825259
state_loadings,32,pca4,0.31468186187818864,1.6150783267027478e-06,0.8166551185295853
state_loadings,32,structured_q0,0.3216351209733244,1.7270138348196504e-06,0.5965391631962939
state_loadings,32,residual_qr_50,0.3174358158382324,1.7609462321254106e-06,0.7229787476798873
state_loadings,33,sample,0.5867233992144274,2.58083896264262e-06,1.6563660587828086
state_loadings,33,ledoit_wolf,0.5825248011712164,2.492793697045456e-06,1.3977740144023485
state_loadings,33,oas,0.5837840315663989,2.5196580358472393e-06,1.478188016313535
state_loadings,33,pca4,0.5864281288935677,2.2330672103721373e-06,1.2734686750929296
state_loadings,33,structured_q0,0.5816743599910321,2.182082851000709e-06,0.7509921228283097
state_loadings,33,residual_qr_50,0.5824128891297566,2.2116822037003974e-06,0.9482852711282639
state_loadings,34,sample,0.4700212306233686,2.8072795049189198e-06,1.7517184375588033
state_loadings,34,ledoit_wolf,0.4688184470270266,2.746814897494917e-06,1.5406525421363861
state_loadings,34,oas,0.46889187305006824,2.7511627990073123e-06,1.5560208969751597
state_loadings,34,pca4,0.4698768542080984,2.4336225263105494e-06,1.2590021047085551
state_loadings,34,structured_q0,0.4651784040181033,2.5027948978806043e-06,0.8479807884326405
state_loadings,34,residual_qr_50,0.4658630217755475,2.557409531510626e-06,1.0772230899282886
state_loadings,35,sample,0.5873294105085538,2.776949762017534e-06,1.7054141655349984
state_loadings,35,ledoit_wolf,0.5874240191991724,2.6987348827792095e-06,1.4696508739038676
state_loadings,35,oas,0.5873612630331319,2.725143760833281e-06,1.552320947763394
state_loadings,35,pca4,0.5849368003944049,2.545992230872672e-06,1.5115621556098597
state_loadings,35,structured_q0,0.5939981802252698,2.4794821705926796e-06,0.9403303236867008
state_loadings,35,residual_qr_50,0.5894024191774789,2.476813510032838e-06,1.1114456756861477
state_loadings,36,sample,0.6297120370218025,1.8136191430024746e-06,1.17376685744334
state_loadings,36,ledoit_wolf,0.6175981696580097,1.7603903081706686e-06,1.0367562470642773
state_loadings,36,oas,0.6187380109047306,1.7654678341958493e-06,1.050243500902026
state_loadings,36,pca4,0.6369195717242208,1.591026905208086e-06,0.8838433462285609
state_loadings,36,structured_q0,0.5687869342243912,1.6988208042188577e-06,0.5989974028008409
state_loadings,36,residual_qr_50,0.5958533239037337,1.6650181222548149e-06,0.7242302590570577
state_loadings,37,sample,0.648131337176699,2.4740098437020457e-06,1.4450902626278723
state_loadings,37,ledoit_wolf,0.6424595980666508,2.3939910655679605e-06,1.2421027635408028
state_loadings,37,oas,0.643985857910729,2.4157289478294317e-06,1.2984456700379305
state_loadings,37,pca4,0.6490800210931041,2.028484332458572e-06,1.2077940250802814
state_loadings,37,structured_q0,0.6337500625506367,2.0281041929569178e-06,0.7432327495771724
state_loadings,37,residual_qr_50,0.6385260566414815,2.103830977223073e-06,0.9075344378768618
state_loadings,38,sample,0.8688625021473393,1.9075419652972133e-06,1.148266317061598
state_loadings,38,ledoit_wolf,0.8493119608126382,1.8573592834514281e-06,1.0164017150864362
state_loadings,38,oas,0.853736385943827,1.8688375146596154e-06,1.0473915821274615
state_loadings,38,pca4,0.8778159864228551,1.599700637448781e-06,0.9148683483242799
state_loadings,38,structured_q0,0.752191270434038,1.6594949667624316e-06,0.6069886623502954
state_loadings,38,residual_qr_50,0.8083146312260978,1.6911007866507029e-06,0.7291140575253652
state_loadings,39,sample,0.6303849261608606,2.7940701544382803e-06,1.7566001915049065
state_loadings,39,ledoit_wolf,0.6247332432059113,2.721900656212308e-06,1.5531496992842673
state_loadings,39,oas,0.6257137965793638,2.7346339433801243e-06,1.5903666410426875
state_loadings,39,pca4,0.6304665588308356,2.4662745671737885e-06,1.4327104760265692
state_loadings,39,structured_q0,0.6155808986839014,2.5256519694569323e-06,0.9877160838558365
state_loadings,39,residual_qr_50,0.6217640302660682,2.529450188342337e-06,1.173964381190035
state_loadings,40,sample,0.41782409771282486,2.04730433656153e-06,1.3047209421270964
state_loadings,40,ledoit_wolf,0.41498489889986323,1.982561974300868e-06,1.1363172027001294
state_loadings,40,oas,0.4155185493297849,1.9960972435397164e-06,1.1719700018219485
state_loadings,40,pca4,0.4167010229744469,1.7538186592365476e-06,0.8367089157718982
state_loadings,40,structured_q0,0.41309929741919527,1.8392718960106563e-06,0.6068172113942208
state_loadings,40,residual_qr_50,0.41024242472539246,1.7961221469797231e-06,0.7386241656873002
state_loadings,41,sample,0.6194457966461056,1.7655659205814146e-06,0.9390038309889719
state_loadings,41,ledoit_wolf,0.6121138763947526,1.7081465738070192e-06,0.8182166855484064
state_loadings,41,oas,0.6133018477467066,1.7172474134715907e-06,0.8384496824426294
state_loadings,41,pca4,0.622231015861605,1.5452182123187747e-06,0.7360077381356155
state_loadings,41,structured_q0,0.5934059657285252,1.555909709054992e-06,0.480166569558227
state_loadings,41,residual_qr_50,0.6044336282376855,1.5525693660229804e-06,0.581743920309809
state_loadings,42,sample,0.40237797053432456,1.8429579044598628e-06,1.038097200438289
state_loadings,42,ledoit_wolf,0.40115371882736667,1.8135154038892456e-06,0.9422577238032496
state_loadings,42,oas,0.40132061154554693,1.818917186998393e-06,0.9606069948836222
state_loadings,42,pca4,0.4033638012766447,1.7245275990251275e-06,0.907389440696363
state_loadings,42,structured_q0,0.4023220199365544,1.7158314080819334e-06,0.6403431458698144
state_loadings,42,residual_qr_50,0.4001643025320386,1.709455458194798e-06,0.7432766722488153
state_loadings,43,sample,0.8253098212908421,1.9140233759330436e-06,1.0682383395978805
state_loadings,43,ledoit_wolf,0.7984533408543382,1.8525087227230376e-06,0.9327317839049909
state_loadings,43,oas,0.8043292360501821,1.8657356252816098e-06,0.9627146386548053
state_loadings,43,pca4,0.8424201693806644,1.6308048652579756e-06,0.8471769935352137
state_loadings,43,structured_q0,0.7028777952336465,1.6718830835911227e-06,0.5830983300783088
state_loadings,43,residual_qr_50,0.7624681916503508,1.6881938052374444e-06,0.6925358826404735
state_loadings,44,sample,0.7284416937299137,2.1972349722713247e-06,1.0853014358199027
state_loadings,44,ledoit_wolf,0.7068968887184027,2.135372663525708e-06,0.9460283742640723
state_loadings,44,oas,0.7097275363470213,2.1435607214380548e-06,0.9649937878464825
state_loadings,44,pca4,0.738183301478567,1.9269615006045694e-06,0.8891987964935254
state_loadings,44,structured_q0,0.6820914006722237,1.9777684437129963e-06,0.636900394247085
state_loadings,44,residual_qr_50,0.7045433348180773,1.976011956056368e-06,0.7413610286206543
state_loadings,45,sample,0.5560908417925368,2.376708129457504e-06,1.3097154531445627
state_loadings,45,ledoit_wolf,0.5467160504028782,2.3507822211176654e-06,1.1728453527385716
state_loadings,45,oas,0.5474846968096487,2.3529407648216266e-06,1.1848108894362468
state_loadings,45,pca4,0.5612180569481902,2.2444831482043434e-06,1.1077402339142375
state_loadings,45,structured_q0,0.5198255447722012,2.239717759008994e-06,0.7614446238055917
state_loadings,45,residual_qr_50,0.5366013054384334,2.256932702776254e-06,0.9165475624295825
state_loadings,46,sample,0.5464404090242848,1.473389091504943e-06,0.7681801490407781
state_loadings,46,ledoit_wolf,0.5413005741274659,1.4464897420031013e-06,0.6843697916830224
state_loadings,46,oas,0.54182254891915,1.4492730512757001e-06,0.6936052265326742
state_loadings,46,pca4,0.5503498960887927,1.3712192527886098e-06,0.6714413417054718
state_loadings,46,structured_q0,0.538931985549413,1.4714933352905167e-06,0.47546385101338196
state_loadings,46,residual_qr_50,0.5411688435541048,1.4171638789832746e-06,0.542583779505134
state_loadings,47,sample,0.526680079793441,2.7034708725624856e-06,1.407904361893927
state_loadings,47,ledoit_wolf,0.5266749412566545,2.616626573719097e-06,1.2259928757848704
state_loadings,47,oas,0.5266512616248978,2.6317495756760603e-06,1.2595559556239204
state_loadings,47,pca4,0.5255908110451523,2.3909077990800894e-06,1.1838418534741029
state_loadings,47,structured_q0,0.5173804414157808,2.507007009054868e-06,0.7958546752260539
state_loadings,47,residual_qr_50,0.5199665910100252,2.443937439793388e-06,0.9205671190878806
state_loadings,48,sample,0.8046735758407652,2.581417068780392e-06,1.1643214353451155
state_loadings,48,ledoit_wolf,0.7929413315674902,2.5305558291916464e-06,1.0306519442623023
state_loadings,48,oas,0.7952821453429062,2.540372820904161e-06,1.0583470761736342
state_loadings,48,pca4,0.8089650015941142,2.419152596586072e-06,0.9999452602427524
state_loadings,48,structured_q0,0.7720564153814266,2.4270050939671727e-06,0.6790469883359453
state_loadings,48,residual_qr_50,0.7866598923199469,2.38928510859698e-06,0.7909846021629502
state_loadings,49,sample,0.5149246537385843,2.368863790648274e-06,1.5378744728979687
state_loadings,49,ledoit_wolf,0.5151670642567768,2.3163794134722964e-06,1.336746703136214
state_loadings,49,oas,0.5150808170678488,2.326861196683214e-06,1.3791608112602296
state_loadings,49,pca4,0.5145251889815353,2.180298007380797e-06,1.2112566104091922
state_loadings,49,structured_q0,0.5246213750534625,2.263993327470017e-06,0.8243801606916048
state_loadings,49,residual_qr_50,0.5180058874529058,2.205189520633441e-06,0.9828952294330098
state_loadings,50,sample,0.496086780359292,1.6307001816422545e-06,0.7830641086370165
state_loadings,50,ledoit_wolf,0.49284243427182134,1.5964292202104095e-06,0.706810711475912
state_loadings,50,oas,0.4933794204177221,1.6023893392223403e-06,0.7209658148591981
state_loadings,50,pca4,0.4973600790962534,1.4978213090045926e-06,0.7137343331680952
state_loadings,50,structured_q0,0.4866183760373624,1.508142983758781e-06,0.5173624141112255
state_loadings,50,residual_qr_50,0.4897406360060167,1.5098828144697137e-06,0.5879784206781857
state_loadings,51,sample,0.8571005562613779,2.861412988213293e-06,1.2867945506741376
state_loadings,51,ledoit_wolf,0.8466882420911782,2.76625864523183e-06,1.1119853053718456
state_loadings,51,oas,0.8482681061194697,2.7803865958735763e-06,1.1391546395903949
state_loadings,51,pca4,0.8599286162303185,2.5058692760979847e-06,1.055969588753067
state_loadings,51,structured_q0,0.8344142864382379,2.530760097509448e-06,0.7199855985432569
state_loadings,51,residual_qr_50,0.8449738219760566,2.5378312431516596e-06,0.8490734955548633
state_loadings,52,sample,0.9420158227216932,2.109215988381467e-06,1.1224512169090126
state_loadings,52,ledoit_wolf,0.9158574360596168,2.0624650147668626e-06,0.994864801446164
state_loadings,52,oas,0.9226423100179274,2.074403372899045e-06,1.029235811386954
state_loadings,52,pca4,0.9538712019942722,1.9647860383395753e-06,1.0269238771440896
state_loadings,52,structured_q0,0.8748381562372055,1.957188751726903e-06,0.7545812801966368
state_loadings,52,residual_qr_50,0.907814633261746,1.9588540925132727e-06,0.8488044767841725
state_loadings,53,sample,0.5400258420542505,2.160340584589337e-06,1.238611610408017
state_loadings,53,ledoit_wolf,0.5374447268294366,2.0919035437570087e-06,1.0756120340890456
state_loadings,53,oas,0.5379117078502078,2.1045568726448703e-06,1.1075953366657907
state_loadings,53,pca4,0.541455863927281,1.9161724066098697e-06,1.0192873627430017
state_loadings,53,structured_q0,0.534452418490562,2.0957111805471884e-06,0.7312840468908621
state_loadings,53,residual_qr_50,0.5362514936156004,2.021949883383638e-06,0.8445208883246158
state_loadings,54,sample,0.5159558250877919,2.6294120419051844e-06,1.1366860230584068
state_loadings,54,ledoit_wolf,0.5103361429113652,2.5768861257713076e-06,1.0378360599322807
state_loadings,54,oas,0.5107289230566862,2.580771711969209e-06,1.0454541352402251
state_loadings,54,pca4,0.5172768546824471,2.2697848061941116e-06,1.012514523298839
state_loadings,54,structured_q0,0.48887726654685215,2.284380206895274e-06,0.7421595266180026
state_loadings,54,residual_qr_50,0.5012045002958958,2.3502403456802218e-06,0.8457052067994646
state_loadings,55,sample,0.5549510731450489,2.994915194558857e-06,1.6498548210177357
state_loadings,55,ledoit_wolf,0.5562432655685761,2.8967560282825733e-06,1.4432179558609628
state_loadings,55,oas,0.5560389318695164,2.9112753601169693e-06,1.4745641908387277
state_loadings,55,pca4,0.5520314434702259,2.513598749257703e-06,1.2755985301636263
state_loadings,55,structured_q0,0.5632015349336383,2.5096197690715223e-06,0.8630636771104099
state_loadings,55,residual_qr_50,0.5580191334098074,2.5799606071160005e-06,1.0488480301998828
state_loadings,56,sample,0.6545615109945937,2.34249399789322e-06,1.9359090361442908
state_loadings,56,ledoit_wolf,0.660234670184971,2.295940800005231e-06,1.721253267697113
state_loadings,56,oas,0.6585858827563927,2.309403661452953e-06,1.7843368595104387
state_loadings,56,pca4,0.6492261584487006,2.097766476215561e-06,1.4894665126553894
state_loadings,56,structured_q0,0.6805980162327222,2.1976243401379975e-06,1.1432085104484981
state_loadings,56,residual_qr_50,0.6670955286592307,2.1940675237597732e-06,1.3581635786896593
state_loadings,57,sample,0.8642379696229165,3.1735497598057494e-06,1.2542795869656045
state_loadings,57,ledoit_wolf,0.843067240573863,3.0528186466827444e-06,1.096191640470742
state_loadings,57,oas,0.8466248712032337,3.0730943723114652e-06,1.1234854880642144
state_loadings,57,pca4,0.8738394215432223,2.5571810841355213e-06,1.0318001061993012
state_loadings,57,structured_q0,0.8179284107681158,2.5835207100166072e-06,0.802259682185061
state_loadings,57,residual_qr_50,0.8406317167436784,2.7107464429802236e-06,0.9062542350437964
state_loadings,58,sample,0.7978697091932629,2.110843965316193e-06,1.3126922317573824
state_loadings,58,ledoit_wolf,0.782151322684591,2.0164256041605716e-06,1.1143968843648948
state_loadings,58,oas,0.7837789970872333,2.0257410512912886e-06,1.1346506479876182
state_loadings,58,pca4,0.8049381255629204,1.7427643272532924e-06,0.9746746586579904
state_loadings,58,structured_q0,0.7368098923152437,1.8575347536865701e-06,0.6559082480532674
state_loadings,58,residual_qr_50,0.7654793275028807,1.8152242436636386e-06,0.7704508626917084
state_loadings,59,sample,0.7391254282764579,3.127447730776394e-06,2.6772216152561223
state_loadings,59,ledoit_wolf,0.7438307416925074,3.057630445758936e-06,2.3569836659448176
state_loadings,59,oas,0.7420374030655573,3.083219730978269e-06,2.4822255302301106
state_loadings,59,pca4,0.7367100805808106,2.859460992115086e-06,2.2437738712131807
state_loadings,59,structured_q0,0.7655950158901592,2.942198336124508e-06,1.5230982447256174
state_loadings,59,residual_qr_50,0.7522566799979028,2.9161673080119077e-06,1.8179549097116008
state_loadings,60,sample,0.5424120255375628,3.064820968101301e-06,1.6631305954028452
state_loadings,60,ledoit_wolf,0.5313405773879105,2.983733713762317e-06,1.4437691460454407
state_loadings,60,oas,0.5331415462770792,2.996739147115296e-06,1.4803309162608715
state_loadings,60,pca4,0.5471521853904088,2.6344812778971105e-06,1.3048675777920926
state_loadings,60,structured_q0,0.5107751970249764,2.6398060466643223e-06,0.9059781358390301
state_loadings,60,residual_qr_50,0.5251822443610413,2.745319495083126e-06,1.1169855098363217
state_loadings,61,sample,0.6914289358626099,2.675807893790913e-06,1.266121073791628
state_loadings,61,ledoit_wolf,0.6710712634150343,2.589605355842406e-06,1.0906907274646402
state_loadings,61,oas,0.6756735678149784,2.6084029613808674e-06,1.1308697171283721
state_loadings,61,pca4,0.6992036047565008,2.280570851205276e-06,1.1693712720910858
state_loadings,61,structured_q0,0.6217647271159302,2.4983388626433614e-06,0.8467508075700578
state_loadings,61,residual_qr_50,0.6558890355057788,2.4661378539073683e-06,0.9293708943885661
state_loadings,62,sample,0.5840775635429668,2.9209307563310087e-06,1.3614113611752379
state_loadings,62,ledoit_wolf,0.5851579763979999,2.855293639698379e-06,1.2357459747283694
state_loadings,62,oas,0.5850072931044269,2.863674020279792e-06,1.252598162948346
state_loadings,62,pca4,0.5815489258381383,2.531804467079074e-06,1.2464646009348788
state_loadings,62,structured_q0,0.6007467534496269,2.5123405172801765e-06,0.808152479358947
state_loadings,62,residual_qr_50,0.5913023712119211,2.5878446538885817e-06,0.9546842775334161
state_loadings,63,sample,0.5701096306442466,3.3644863265265837e-06,2.244209452792688
state_loadings,63,ledoit_wolf,0.5744912999222097,3.264655828496735e-06,1.8460562762596973
state_loadings,63,oas,0.5727510376228474,3.3019489606276576e-06,1.9976723487241363
state_loadings,63,pca4,0.567500927957274,3.0946473233383645e-06,1.874151256103126
state_loadings,63,structured_q0,0.5967863395712136,3.2032310344617158e-06,1.1401640513379658
state_loadings,63,residual_qr_50,0.5824477316869574,3.1594635480286122e-06,1.4000053724042945
state_loadings,64,sample,0.39407093654502545,2.4529636324014786e-06,1.2550028800313502
state_loadings,64,ledoit_wolf,0.39527831235946986,2.3650386331963508e-06,1.052323883382825
state_loadings,64,oas,0.3948015524627751,2.391700703747489e-06,1.1159550777276221
state_loadings,64,pca4,0.3927377324060462,2.144499946498661e-06,1.0181796579581481
state_loadings,64,structured_q0,0.4237381290748107,2.182242826724557e-06,0.6248067767911232
state_loadings,64,residual_qr_50,0.4060803290437601,2.196049820159342e-06,0.7741430610013919
state_loadings,65,sample,0.4078242448608049,2.284740286224155e-06,1.332896403721623
state_loadings,65,ledoit_wolf,0.4045881638704461,2.2115506969248884e-06,1.1581726124641267
state_loadings,65,oas,0.4050360758499497,2.222268952114587e-06,1.1847412655964171
state_loadings,65,pca4,0.408422705311822,2.022183761433055e-06,1.109078625858684
state_loadings,65,structured_q0,0.3969205152067256,2.103793351732281e-06,0.7206367978889676
state_loadings,65,residual_qr_50,0.400433984305306,2.0867559252674326e-06,0.866993571436825
state_loadings,66,sample,0.38487781672192206,1.5640422304287889e-06,0.8999574089545557
state_loadings,66,ledoit_wolf,0.37980872622472056,1.5199234949425473e-06,0.7913752864718095
state_loadings,66,oas,0.3807077910517853,1.5278614715638066e-06,0.8123381456383927
state_loadings,66,pca4,0.388659620809107,1.4737461776276127e-06,0.781021259940343
state_loadings,66,structured_q0,0.36028463037841074,1.5269808017818102e-06,0.5388043581377089
state_loadings,66,residual_qr_50,0.3684548010638243,1.4534903138352791e-06,0.6060924943192724
state_loadings,67,sample,0.5061313561072485,2.544948693509303e-06,1.4040833627343094
state_loadings,67,ledoit_wolf,0.513010074111039,2.4817999892402227e-06,1.204804280905668
state_loadings,67,oas,0.5111729270396519,2.4977941294755398e-06,1.2574476981509803
state_loadings,67,pca4,0.502239111547726,2.309100300619993e-06,1.1478240763038465
state_loadings,67,structured_q0,0.5251047486042145,2.30914892460912e-06,0.7916774522082576
state_loadings,67,residual_qr_50,0.5152817508906202,2.3338473960267353e-06,0.953508264553098
state_loadings,68,sample,0.463587493341684,2.7856722919529403e-06,1.576429573589224
state_loadings,68,ledoit_wolf,0.47239743012740876,2.7390410540749586e-06,1.3848193102707806
state_loadings,68,oas,0.46948224953468826,2.753614255667207e-06,1.4497560805031158
state_loadings,68,pca4,0.4587294106436996,2.60716236244898e-06,1.4147126400775716
state_loadings,68,structured_q0,0.5459568622621831,2.840295885479707e-06,0.8131061449320446
state_loadings,68,residual_qr_50,0.5039449182049617,2.7116440811180664e-06,0.9901855624639972
state_loadings,69,sample,0.5566302024381611,1.7825290962249507e-06,0.9873687019726956
state_loadings,69,ledoit_wolf,0.5594696001698825,1.7305170531496617e-06,0.8647536596888804
state_loadings,69,oas,0.5589141801176298,1.740069225958774e-06,0.8877028711903532
state_loadings,69,pca4,0.5559405841593552,1.481683581209734e-06,0.7609862604219311
state_loadings,69,structured_q0,0.5763296149498484,1.5577155778860663e-06,0.5530093377599411
state_loadings,69,residual_qr_50,0.5656983726039791,1.5922814032051969e-06,0.6631257646308002
state_loadings,70,sample,0.5058067449102247,2.2645785755459515e-06,1.3940871311325995
state_loadings,70,ledoit_wolf,0.5091752477756927,2.2182883859661284e-06,1.2528766426894582
state_loadings,70,oas,0.508629144778875,2.225548648497956e-06,1.2759961588575304
state_loadings,70,pca4,0.5016348316712751,2.0223329257123043e-06,1.1550862589121542
state_loadings,70,structured_q0,0.51943811705426,2.1728922792171526e-06,0.8598749849395285
state_loadings,70,residual_qr_50,0.5115868732475769,2.1104502075289423e-06,0.9735055715733786
state_loadings,71,sample,0.5186114390658048,2.2738142907680273e-06,1.4624818502502028
state_loadings,71,ledoit_wolf,0.5221634402894738,2.1659240109695037e-06,1.204411849258463
state_loadings,71,oas,0.5210109397304056,2.1967567618402563e-06,1.2820561742034693
state_loadings,71,pca4,0.5174683676801979,1.9576070671858263e-06,1.1814434900475028
state_loadings,71,structured_q0,0.5296290531636342,2.1874568009132716e-06,0.7629941467428656
state_loadings,71,residual_qr_50,0.5224364221695573,2.0823962123777237e-06,0.8998925724724424
state_loadings,72,sample,0.4726316466189243,2.081558109374322e-06,1.4630267756555566
state_loadings,72,ledoit_wolf,0.46301845867364916,2.009223982672787e-06,1.2444720566034084
state_loadings,72,oas,0.46551237945357593,2.02827541124362e-06,1.3027226095009572
state_loadings,72,pca4,0.47442434542886747,1.7529087219597895e-06,1.0360669455266311
state_loadings,72,structured_q0,0.4394913161066699,1.7812246932837237e-06,0.7021448297207786
state_loadings,72,residual_qr_50,0.4536664334857568,1.8299892238695386e-06,0.8927803513789768
state_loadings,73,sample,0.5765068576999094,2.7491299611854695e-06,1.343916770364348
state_loadings,73,ledoit_wolf,0.5799847226859178,2.6709506469998926e-06,1.1926405731648764
state_loadings,73,oas,0.579222919879884,2.6874888026524372e-06,1.2265821311857872
state_loadings,73,pca4,0.5730780688239119,2.4474465947057854e-06,1.2323656068094502
state_loadings,73,structured_q0,0.6022486978144609,2.5395321827078985e-06,0.8238910104492841
state_loadings,73,residual_qr_50,0.588694136272684,2.5142939881900242e-06,0.9423035243498646
state_loadings,74,sample,0.27341374875040836,2.5562825421832157e-06,1.5482550993993656
state_loadings,74,ledoit_wolf,0.2735150182161054,2.503209611432873e-06,1.3475121347393642
state_loadings,74,oas,0.2733604375033635,2.5213519495449897e-06,1.419045398660876
state_loadings,74,pca4,0.27141767546137024,2.338929577356324e-06,1.3635736486823684
state_loadings,74,structured_q0,0.29082305501068223,2.4876840071116292e-06,0.9306426103669292
state_loadings,74,residual_qr_50,0.27930342498850735,2.4444507332400787e-06,1.0852590809563956
state_loadings,75,sample,0.540786958680902,2.0109559589360663e-06,1.152268811028465
state_loadings,75,ledoit_wolf,0.5367637614407003,1.9670307294078984e-06,1.0378275780772006
state_loadings,75,oas,0.5378188781271921,1.979056993190663e-06,1.0707882187893616
state_loadings,75,pca4,0.5420428847462322,1.7545616970432537e-06,1.0798966647229837
state_loadings,75,structured_q0,0.526086647289459,1.786239315491487e-06,0.7343943893599614
state_loadings,75,residual_qr_50,0.5310173809518068,1.8210192248147316e-06,0.8429651207398425
state_loadings,76,sample,0.5587299069766173,3.5904834523666084e-06,1.5594656070020592
state_loadings,76,ledoit_wolf,0.56007245281008,3.4797583567366483e-06,1.394093592892116
state_loadings,76,oas,0.559889225524264,3.493353228339061e-06,1.4153228358934367
state_loadings,76,pca4,0.5559169232435235,3.0504207597978043e-06,1.3919135470384383
state_loadings,76,structured_q0,0.5658590745534262,3.043362161993627e-06,1.0330814798568853
state_loadings,76,residual_qr_50,0.5614466758499882,3.1160264758449877e-06,1.1385575171290523
state_loadings,77,sample,0.3212472311611003,2.338267476158012e-06,1.1757911300186936
state_loadings,77,ledoit_wolf,0.3243617282006601,2.2860382178740116e-06,1.0305268012933495
state_loadings,77,oas,0.32366197418937676,2.2956459096543512e-06,1.0598081586133707
state_loadings,77,pca4,0.32054085235782165,2.184907771233149e-06,1.039148553150343
state_loadings,77,structured_q0,0.3319229754897018,2.293957256923048e-06,0.7610332731599657
state_loadings,77,residual_qr_50,0.3251371103457581,2.2255099958373976e-06,0.8557759505231238
state_loadings,78,sample,0.49906723450912943,2.490522035861986e-06,1.6568117857752167
state_loadings,78,ledoit_wolf,0.49827906684451595,2.4229487285720893e-06,1.4313257093986327
state_loadings,78,oas,0.49845500688063826,2.440418154136382e-06,1.492041191051182
state_loadings,78,pca4,0.4963518097715873,2.130534105630779e-06,1.2176628095637234
state_loadings,78,structured_q0,0.5058563758484957,2.2751938982191744e-06,0.8128141175934872
state_loadings,78,residual_qr_50,0.500060915749011,2.2558013611181406e-06,1.0152494065571167
state_loadings,79,sample,0.6240867762598276,3.1573798027144886e-06,1.3850128281208771
state_loadings,79,ledoit_wolf,0.619650785217832,3.081878972608322e-06,1.21481812541073
state_loadings,79,oas,0.6200334794058664,3.0885375338691365e-06,1.2303481598621007
state_loadings,79,pca4,0.6253807291950583,2.747583313632149e-06,1.0786774020599876
state_loadings,79,structured_q0,0.6131186325375363,2.8221495445244152e-06,0.8104149326273816
state_loadings,79,residual_qr_50,0.6180766075375763,2.885299221889181e-06,0.9654642629152359
