rho,channel,draw,rank,weight_error,first_order,bound,frontier_change,bound_covers
0.2,response,0,4,0.024443781160264428,0.025817111715458384,0.1041706693610032,-0.011043886689076214,True
0.2,response,1,3,0.01497065699265127,0.016053792653216437,0.09814350152187434,-0.0019275651248863725,True
0.2,response,2,6,0.01679732750824434,0.017961337923888675,0.09131986874068407,-0.0030428955340667902,True
0.2,response,3,2,0.016134669105783518,0.017114073577968375,0.0948512857707656,-0.004085932041726878,True
0.2,response,4,1,0.011707857312547946,0.012237478729305128,0.06295965651925732,-0.0034025053452409085,True
0.2,response,5,1,0.01934709339079229,0.02082378982631802,0.09829825578003396,-0.004190299318320306,True
0.2,response,6,4,0.018686245540843013,0.019769313554692112,0.08057499339909972,-0.006044977606510635,True
0.2,response,7,6,0.017604592198573382,0.018515772208316003,0.11396600642101794,-0.006424365846042926,True
0.2,response,8,3,0.02269454048088152,0.0241857548885346,0.09260015292974086,-0.007243058401719601,True
0.2,response,9,4,0.02045927692946284,0.02159798798111046,0.08392670892660423,-0.006647948361010844,True
0.2,response,10,3,0.008400034445770123,0.008838076222129475,0.0783676024938319,-0.002010634540083488,True
0.2,response,11,5,0.012862871756359754,0.01343701161287077,0.08654243321506584,-0.0033331685801729887,True
0.2,response,12,6,0.011758370925780446,0.012399186609132615,0.10315870808845728,-0.002215144558113858,True
0.2,response,13,3,0.008376718581035208,0.00903528575029606,0.10444156702614306,-0.0007439854173374042,True
0.2,response,14,6,0.036520051033717534,0.03955589699450455,0.1263227897588761,-0.013697239977392583,True
0.2,response,15,4,0.01861878017161064,0.019542883536008575,0.09474476166303562,-0.005704175711586205,True
0.2,response,16,1,0.0006301012458490835,0.0006681691594672247,0.0774303102030457,-6.7916254343036055e-06,True
0.2,response,17,5,0.022275845034581573,0.02387547693818481,0.10036705052244628,-0.006675174258418484,True
0.2,response,18,2,0.0028426508930485222,0.00304877348844189,0.09480336733738032,-9.819801379683696e-05,True
0.2,response,19,6,0.02954170495427314,0.03162889744318382,0.08944105375739911,-0.01241379958669161,True
0.2,response,20,1,0.007558665848309789,0.008040686554769921,0.08048902132401567,-0.0009124861567889128,True
0.2,response,21,4,0.013630583752010981,0.01448309238162199,0.1048584277841877,-0.0028594258589157086,True
0.2,response,22,3,0.010598891693848691,0.011162043282577918,0.101475530258899,-0.0021561884511953175,True
0.2,response,23,2,0.014700314138629184,0.015557602200545603,0.07359291396739247,-0.004073134945495709,True
0.2,response,24,2,0.014158614041140034,0.015146078945247648,0.09118326881177478,-0.0027318778321139456,True
0.2,response,25,1,0.004711552184812877,0.005060326585346522,0.08761838971619001,-0.0003060734676211894,True
0.2,response,26,5,0.009735047149502619,0.01011889075888411,0.09024852482961361,-0.0032200392270938837,True
0.2,response,27,2,0.006290298525069915,0.0066986346858901825,0.08539211676579031,-0.000549110832865993,True
0.2,response,28,5,0.024234496405522967,0.025812023904152232,0.0956911251153808,-0.009473996382201666,True
0.2,response,29,3,0.019225330521749837,0.020351977355813282,0.08669002598129806,-0.0066684040686907295,True
0.2,response,30,4,0.012386331622685902,0.013009972268164732,0.08563212922603108,-0.003604581202637904,True
0.2,response,31,3,0.008474469036355771,0.009147812686217104,0.13168813097493742,-0.000761550374998677,True
0.2,response,32,4,0.008438943817199342,0.008690378716471712,0.09980977847721978,-0.002598300988258176,True
0.2,response,33,5,0.02281076546707395,0.02417824278689459,0.11220405269340185,-0.009030464181711164,True
0.2,response,34,4,0.03175266164489713,0.034562824418796316,0.11543552822813223,-0.008945309682364146,True
0.2,response,35,2,0.011106778537073156,0.01189035334111303,0.10171721073699715,-0.0015252533855154293,True
0.2,response,36,4,0.006613439638605457,0.0068844569956996796,0.07738514910928315,-0.0013498770215803692,True
0.2,response,37,6,0.004989222672646454,0.005216899594407097,0.09642317130805843,-0.000660731135946824,True
0.2,response,38,1,0.007494194317380559,0.008065508270917345,0.0960132572689373,-0.0006562154941626109,True
0.2,response,39,4,0.010105592279618596,0.010508688847433298,0.0963147936565694,-0.0026666921187496733,True
0.2,response,40,5,0.015023338523894978,0.015718051202036266,0.07536792141319629,-0.005247643490996726,True
0.2,response,41,1,0.023466721141967326,0.025206870059526043,0.09532563208401669,-0.006506673753531428,True
0.2,response,42,5,0.01832326632420325,0.019150724133375346,0.07786015154470274,-0.007617952913574521,True
0.2,response,43,3,0.034901737314534345,0.037130985299780185,0.0855301141010405,-0.01872553643092569,True
0.2,response,44,5,0.024928846830236353,0.026353827903188094,0.10695921078187498,-0.011291898841052158,True
0.2,response,45,6,0.00969958429711736,0.010066561336015826,0.10174345428832389,-0.003925452857035054,True
0.2,response,46,4,0.02720236171908455,0.028934264257088126,0.09061526588901352,-0.012083192897098805,True
0.2,response,47,4,0.015580141683547169,0.016620603303840596,0.08685630135416762,-0.003954819503337642,True
0.2,response,48,6,0.03231019629945668,0.03464876767674145,0.10580823651470098,-0.01484219451447247,True
0.2,response,49,4,0.0176171336941196,0.018660314441741713,0.09068415404217633,-0.005866238399363395,True
0.2,response,50,4,0.026007238984218355,0.027839122048839104,0.10601228911314925,-0.007701683855904619,True
0.2,response,51,6,0.01184959065493289,0.012242741807300091,0.09732585193348549,-0.004560002130708567,True
0.2,response,52,4,0.007479333451763155,0.0077044089969007315,0.0811301468480534,-0.0022111842305262935,True
0.2,response,53,2,0.01538415828910715,0.016724630775548095,0.11612553503779594,-0.0020324464147378467,True
0.2,response,54,3,0.029352002282833165,0.031555795680636024,0.10331747050918014,-0.00999767144130731,True
0.2,response,55,6,0.014010685041332526,0.014749168032461025,0.09125289990042809,-0.003998523369197377,True
0.2,response,56,2,0.011850112523317694,0.012435139716682893,0.07556265061620941,-0.002857138374193476,True
0.2,response,57,5,0.021055378609208485,0.02259182069382948,0.10059274031338598,-0.004386850163892018,True
0.2,response,58,4,0.016950810185917136,0.01797942097769783,0.0886965557459498,-0.0046024710091261585,True
0.2,response,59,5,0.011917080081493985,0.012628145317894727,0.1060225010767047,-0.0026755422003244497,True
0.2,response,60,3,0.01314660859933104,0.01389011113603637,0.09158430270814312,-0.00346611279761995,True
0.2,response,61,3,0.011890768381766115,0.01238375418202845,0.06864186663913008,-0.0032098910388354803,True
0.2,response,62,4,0.01995432012598443,0.0218216284148727,0.12457150173675904,-0.002865962369064583,True
0.2,response,63,4,0.007308941661978624,0.007649394422734807,0.09763773592051517,-0.0019069955704534888,True
0.2,response,64,4,0.017531942475919233,0.01870238042582269,0.100288045846004,-0.006249246266346603,True
0.2,response,65,6,0.015792326092051286,0.01665472116788862,0.09152112442503024,-0.003987610876819862,True
0.2,response,66,4,0.015564142868835796,0.016732359752863243,0.1066031181212957,-0.0026989610045325694,True
0.2,response,67,6,0.020372391250885344,0.021484620367890943,0.09053791108590269,-0.009220693202616308,True
0.2,response,68,3,0.011899367623380695,0.012630125459284082,0.08901852244798443,-0.00258041245781621,True
0.2,response,69,4,0.019698595854168166,0.021396242730176408,0.13236027263694586,-0.005418760252805388,True
0.2,response,70,3,0.006441249034820203,0.006782592090704073,0.08871456076255622,-0.0012162820434908686,True
0.2,response,71,3,0.013614889427933295,0.014539093311719615,0.0845921402383538,-0.003128201113985145,True
0.2,response,72,5,0.02203779490743004,0.023667008903081425,0.09955178428286175,-0.005804203424134003,True
0.2,response,73,6,0.011451343843473849,0.011862722770941369,0.11950946589276547,-0.004502875751534927,True
0.2,response,74,1,0.0032166904230509683,0.003420952618235825,0.08131864900743419,-0.00016210782679965374,True
0.2,response,75,4,0.021777121734192332,0.022873058701854698,0.07456183171603048,-0.011180363100136748,True
0.2,response,76,2,0.017603432306096543,0.018893339317180406,0.09620335164371534,-0.003582035338478098,True
0.2,response,77,5,0.01812833441079618,0.019046149397289033,0.09844896030297846,-0.005742040727414103,True
0.2,response,78,6,0.03436370970704861,0.03705620028038192,0.11985549424044957,-0.011013848140872215,True
0.2,response,79,3,0.01585579466830642,0.0165436623418685,0.062470731425922646,-0.005359889447777797,True
0.2,response,80,5,0.029716647941881443,0.031962283597347076,0.11503715543383401,-0.009997081706751334,True
0.2,response,81,2,0.005252832383005537,0.005545885882889251,0.10388271103101457,-0.0004272018622431096,True
0.2,response,82,1,0.009523087235261435,0.010222858120059285,0.09622408398239876,-0.0010526931227654028,True
0.2,response,83,6,0.008290713798298596,0.008639699226635154,0.09040692370646515,-0.0018778550570461732,True
0.2,response,84,6,0.013274291872576031,0.01404662586995223,0.07567946449024769,-0.003964533000688382,True
0.2,response,85,6,0.0069225728512346445,0.0072061265520483595,0.10781481655881613,-0.001453898080476769,True
0.2,response,86,2,0.021557994089079734,0.02269958120599995,0.09017657765514958,-0.008535738948330953,True
0.2,response,87,2,0.011298688373802084,0.011807104199187518,0.07839254416367622,-0.0024939848312729223,True
0.2,response,88,2,0.0065249168274345215,0.006887908867384554,0.06836350328929902,-0.0009145555481143131,True
0.2,response,89,4,0.03348211302840111,0.035692223303734526,0.11626855166977453,-0.01604509257065338,True
0.2,response,90,1,0.0011807156489996064,0.0012407289875590384,0.06164268721538541,-3.6202323912622984e-05,True
0.2,response,91,5,0.02264441948537238,0.02426935675359097,0.09769620910513843,-0.006737023786821993,True
0.2,response,92,6,0.007549958068028285,0.007963502366043247,0.0873485904437655,-0.0010370833550946978,True
0.2,response,93,3,0.00776521039052377,0.008156959338830922,0.07696681362893999,-0.001377821089202764,True
0.2,response,94,3,0.006312739751758801,0.006562154263153115,0.07201034700251026,-0.0010880912918869354,True
0.2,response,95,1,0.011275555592934111,0.012168195274297681,0.10323533822213496,-0.0013054620827742316,True
0.2,response,96,2,0.03205055925081057,0.034256881926512286,0.09137202425153534,-0.013624873065017789,True
0.2,response,97,1,0.015334968622840502,0.01640738011111249,0.09529768223049555,-0.002769123812948854,True
0.2,response,98,3,0.014570529957137021,0.01536777061211265,0.08916100064446893,-0.004159967998688596,True
0.2,response,99,2,0.018917429598168917,0.020047136121992794,0.10026700947554983,-0.004761864912235135,True
0.2,response,100,4,0.005188924317819164,0.005379238401647119,0.0780095958919367,-0.0010804785559553982,True
0.2,response,101,2,0.00858173763955999,0.00897021287350402,0.08690396812549284,-0.0018186608313965154,True
0.2,response,102,1,0.0160113677204551,0.016957298324267466,0.07683905788130194,-0.004442661358975239,True
0.2,response,103,2,0.013313072054596855,0.01403175886188679,0.07023045092111947,-0.004233631336284767,True
0.2,response,104,5,0.01866967878129466,0.02002964489990277,0.09759392603248966,-0.004066564247902286,True
0.2,response,105,2,0.015989190974999276,0.017219425137075358,0.10171505348146846,-0.002739991834326892,True
0.2,response,106,6,0.012459416949797972,0.01303563462048152,0.0733531586878018,-0.004439499181024955,True
0.2,response,107,6,0.010042863945758474,0.01034698853468757,0.07016856550929393,-0.004217974115113324,True
0.2,response,108,4,0.01835850541838075,0.019407766907056753,0.10985110416753237,-0.004590693155461774,True
0.2,response,109,4,0.014027048531689441,0.01461998983412343,0.08917278220580478,-0.004964976803659621,True
0.2,response,110,6,0.0173190681860714,0.017934509840330844,0.08440008287146959,-0.008961797567769814,True
0.2,response,111,3,0.022848302006506494,0.024355369716040083,0.09319171261763871,-0.005192400573449118,True
0.2,response,112,4,0.01617473126242374,0.017090570773028196,0.09743096900265155,-0.004307182316247151,True
0.2,response,113,4,0.016151498742625784,0.01714621356996461,0.10168439458849546,-0.004211756403482289,True
0.2,response,114,3,0.03989358996755968,0.04314090518152732,0.10842203775442856,-0.01769389513240009,True
0.2,response,115,5,0.01696971544220839,0.0177642028604405,0.08919526589995383,-0.005682822560422975,True
0.2,response,116,5,0.022357035657139607,0.023724927849156995,0.11558798562612814,-0.009157846461560249,True
0.2,response,117,2,0.02562468626703849,0.027333042726634525,0.10257037307125025,-0.008803913577859077,True
0.2,response,118,6,0.009821269485514561,0.010430956283858796,0.09752629978082568,-0.002299807865702481,True
0.2,response,119,2,0.015413537812660194,0.016500327829346146,0.09309792270627078,-0.003209337491559372,True
0.2,screening,0,4,0.03825135675055726,0.038749059808855964,0.11499578605169183,-0.006894169918401997,True
0.2,screening,1,2,0.03173871854807123,0.030438150201570185,0.2000791329084833,-0.00021093871653752,True
0.2,screening,2,6,0.026448168225899786,0.026265682236405605,0.14671528241219986,0.006587472058252232,True
0.2,screening,3,5,0.03001410669770189,0.02987793569035875,0.0990350606184045,-0.00884198000627952,True
0.2,screening,4,2,0.03710388886750761,0.03732401101365457,0.1033447182599201,-0.0002484527192584735,True
0.2,screening,5,2,0.03216123199865319,0.030793732518953135,0.11983641320786803,0.016619280391924257,True
0.2,screening,6,6,0.03375467082394981,0.03309439601742415,0.14711263764319957,0.0071474800762058996,True
0.2,screening,7,4,0.024990025771580042,0.02464856080292207,0.0824110821960273,0.004301904872648372,True
0.2,screening,8,5,0.06025341214328866,0.061989839771082904,0.1975793757095759,-0.0061827582498295034,True
0.2,screening,9,2,0.03532932849911326,0.03550697318507182,0.1562981221067724,0.0038081045430876704,True
0.2,screening,10,1,0.030585702812130328,0.0306085614648371,0.14392206941469474,-0.0032897851594157297,True
0.2,screening,11,5,0.026425595571050276,0.026747169163357204,0.11569893082366686,-0.0030707396072292077,True
0.2,screening,12,3,0.037759843292985026,0.03854422354833363,0.12538129312937832,0.003782944848862665,True
0.2,screening,13,5,0.03498368875493387,0.03432680257552283,0.13836554721554492,0.006861100626026393,True
0.2,screening,14,2,0.03774521494831326,0.03816217727333834,0.15950749810421042,-0.004483843066195924,True
0.2,screening,15,5,0.05742866921183382,0.058385268929127376,0.13440501330349153,-0.012359362225369468,True
0.2,screening,16,6,0.03953693497200171,0.036622743587178146,0.1513138175116655,0.00012863100797172992,True
0.2,screening,17,6,0.04053726365085097,0.0399678577217079,0.15979141026575508,0.0006771751743576541,True
0.2,screening,18,5,0.037982403939679193,0.03855721962868923,0.13141752022331515,-0.01607411249516459,True
0.2,screening,19,6,0.037823898554312736,0.03738688980758424,0.13467291369184414,0.002348581876393492,True
0.2,screening,20,3,0.033864836630891036,0.034101463444769886,0.08642412990145225,0.0012312945515146605,True
0.2,screening,21,2,0.03203510111437608,0.03219017603239768,0.17170313092520373,-0.004199838853917038,True
0.2,screening,22,5,0.028807401812427063,0.02848994710729901,0.12216390392820745,0.0038427479438463436,True
0.2,screening,23,2,0.033799866066589794,0.03374829399696173,0.12403351411358411,0.008366592258163491,True
0.2,screening,24,2,0.03189813591144875,0.03149090057604222,0.16288622679138295,-0.005507727496836294,True
0.2,screening,25,2,0.07334627396213553,0.072799530973101,0.16049156661175534,0.005377197815186706,True
0.2,screening,26,1,0.031080094796557815,0.031510591813579285,0.11525095449169415,-0.006525946247637703,True
0.2,screening,27,4,0.018247165450794234,0.01843109403556382,0.17944303976584786,0.0026601521048624814,True
0.2,screening,28,5,0.03188455880492353,0.03221882431190749,0.11202118795629668,-0.0021101895967319396,True
0.2,screening,29,5,0.027089618206299626,0.028110898613991527,0.1411713649366299,-0.009128936988228217,True
0.2,screening,30,1,0.039692544079395,0.04050776429142661,0.1466944183373724,-0.006000958134781534,True
0.2,screening,31,6,0.040873972615065514,0.04255305121938881,0.14889076537998241,-0.005775702957786242,True
0.2,screening,32,6,0.045294946689854544,0.04535838975254443,0.08907955117617304,-0.008112467555687373,True
0.2,screening,33,6,0.02766372444226825,0.028931786530057846,0.13665162472527698,-0.012858300977732497,True
0.2,screening,34,6,0.041584591799520926,0.0410412769980538,0.12064307793954392,0.0024410829143401507,True
0.2,screening,35,6,0.029627749912225596,0.03074089824094654,0.08351048240713789,-0.009777790851744331,True
0.2,screening,36,6,0.038878266237604805,0.03971016992887688,0.1735976215198582,-0.0012408684964298619,True
0.2,screening,37,5,0.022198484446170307,0.022059534253514517,0.11576829321903126,0.0027323843384184235,True
0.2,screening,38,6,0.047308877207074836,0.046423972021472415,0.14033283331260665,0.017073438897619166,True
0.2,screening,39,4,0.025939738608760334,0.026057384988031132,0.10587440712070872,-0.0005608837232017056,True
0.2,screening,40,3,0.0473313577680514,0.04580264063329542,0.12592538962450336,0.008808387098908077,True
0.2,screening,41,1,0.02276573487583903,0.022608062300352293,0.16889667453714033,0.004291888184887871,True
0.2,screening,42,4,0.03709626920198647,0.03755107549176795,0.1271770114118848,-0.0040601438250395736,True
0.2,screening,43,6,0.03626041517119816,0.03657535822581953,0.1084601803909081,-0.0005302719571145809,True
0.2,screening,44,4,0.033241488458142406,0.032927906950875226,0.17730799588988674,-3.0430836207289564e-05,True
0.2,screening,45,6,0.030692434659595234,0.030051781413853434,0.10884894488111345,0.004379026935069672,True
0.2,screening,46,5,0.03367799775803721,0.03343695042968264,0.10932550442883464,0.005363709782262775,True
0.2,screening,47,2,0.03118982429878516,0.03089979895363476,0.15362948154423445,0.005884038402957405,True
0.2,screening,48,3,0.06388389748440905,0.06336857391563855,0.14426527332861785,-0.0017373843764646698,True
0.2,screening,49,5,0.03168245345559861,0.03288855731367966,0.14530824855323643,-0.006518449062092982,True
0.2,screening,50,4,0.028769120526365145,0.029460789092871423,0.08917308097297845,-0.008587568779624466,True
0.2,screening,51,3,0.057745437310418354,0.056025166923539586,0.15436052758078403,0.010410021185116268,True
0.2,screening,52,4,0.05284892118933831,0.05325431872870323,0.1364936494893634,-0.0015657028979653642,True
0.2,screening,53,4,0.03485805295341419,0.0346821258974452,0.136431311319701,0.000235339834510844,True
0.2,screening,54,4,0.02482203919058579,0.024854611232336402,0.12226999830785007,-0.004207291204863396,True
0.2,screening,55,2,0.05444881908757407,0.05437781714844646,0.18682106816852892,0.0005014190618248553,True
0.2,screening,56,1,0.04294890344973074,0.041898257687847724,0.14292937544019366,0.0038509558879442287,True
0.2,screening,57,1,0.026939737198374843,0.026181779507133143,0.13854514900291554,0.009990367732459903,True
0.2,screening,58,1,0.04147893841976895,0.039339141380889626,0.17155408040269593,0.008210123291643192,True
0.2,screening,59,4,0.03015595308663685,0.029752349947865516,0.1368642131796516,0.005468841958502955,True
0.2,screening,60,4,0.02780419724011538,0.02821133573555564,0.10845887125095184,-0.0006934366026728271,True
0.2,screening,61,1,0.04466132094900883,0.04491664409440027,0.14795351823525962,-0.0038240625358444405,True
0.2,screening,62,4,0.02721498395844483,0.026520118582543644,0.09092523620626232,0.0009530439744338985,True
0.2,screening,63,2,0.04799295007184176,0.047014298908611626,0.14295527265411176,0.006216787411705149,True
0.2,screening,64,4,0.04071071669369939,0.04096094959417729,0.16691323243146666,-0.00963951010104042,True
0.2,screening,65,5,0.031163275327691142,0.03303009194077664,0.1650936625646926,-0.009259833034773816,True
0.2,screening,66,1,0.03374312030209037,0.03396118201777655,0.11245730995222089,0.0026431301020336216,True
0.2,screening,67,2,0.025514108153899807,0.025132437635304487,0.10914067248463709,0.000838845189587532,True
0.2,screening,68,3,0.034068484753886415,0.03421452790175552,0.1505178627993527,-0.0006580557402236978,True
0.2,screening,69,4,0.030481779126257786,0.030054354649333835,0.15690049691966734,-0.004379783300441973,True
0.2,screening,70,2,0.033234906683471725,0.03297869434339666,0.1431454470846589,0.0018119040629031228,True
0.2,screening,71,6,0.054402594042038066,0.05233896697371677,0.1768767605720158,0.002120331480038075,True
0.2,screening,72,1,0.03587804408567787,0.03460372747429572,0.1192915734063686,0.017630203537265795,True
0.2,screening,73,6,0.030992822293525523,0.030300487846907666,0.1692437336100797,0.005105586632172512,True
0.2,screening,74,2,0.03563085151906588,0.03369586771949331,0.17204324240029564,0.01711730534321449,True
0.2,screening,75,5,0.027894123655660717,0.028223232022671425,0.1093696576847927,-0.0022675700794823313,True
0.2,screening,76,1,0.036020688657519326,0.036969937122170816,0.1643787693685067,-0.007425363640860793,True
0.2,screening,77,2,0.050172402728764595,0.05247463964083661,0.13496158564709843,-0.022663231291084013,True
0.2,screening,78,2,0.04366749086963879,0.04278656397763356,0.1452959554758945,0.015712867906858743,True
0.2,screening,79,5,0.03410512668211067,0.032900706939918895,0.10003334605781365,0.013034995035740356,True
0.2,screening,80,4,0.04380440929448434,0.04294619689223834,0.11679680453765243,0.014682448620503306,True
0.2,screening,81,1,0.02839449232303211,0.028089922350857433,0.12421949624927614,0.00247874397486543,True
0.2,screening,82,6,0.03946616211746195,0.03965779386172136,0.11887338383855904,0.007946509551233164,True
0.2,screening,83,1,0.03622981966210504,0.03638204081501727,0.11042109941186236,-0.0062143034079342714,True
0.2,screening,84,2,0.0467142467602059,0.04572809874601755,0.1262141872284252,0.011949727322021826,True
0.2,screening,85,5,0.057580697856405474,0.054260014312460816,0.12755954421762533,0.024987096850170837,True
0.2,screening,86,3,0.0454902494096673,0.04536349352373445,0.13843430294974304,0.0015588986303302689,True
0.2,screening,87,2,0.03845099953446238,0.03817697527546926,0.0946068058965334,0.004015055046727356,True
0.2,screening,88,5,0.03983874243841265,0.039147645394149874,0.16585272827733136,0.01545474210652757,True
0.2,screening,89,1,0.0632571943922028,0.06169372689429005,0.20847791050524,0.013545262039420783,True
0.2,screening,90,5,0.040540882674441545,0.03950074400485695,0.1288804527679771,0.019717295862769938,True
0.2,screening,91,5,0.03644036717337376,0.036503355942054824,0.166307567057322,-0.0015149263277867415,True
0.2,screening,92,2,0.04747412637401716,0.047972722627715375,0.15427311341063427,-0.003378030195777003,True
0.2,screening,93,2,0.0330899159033864,0.03335487754972,0.14344508037649503,0.005747647133391079,True
0.2,screening,94,4,0.03662191139045575,0.03605795014283274,0.13028840285135493,0.007252704564386255,True
0.2,screening,95,5,0.03894016502586134,0.0398270640052626,0.14092692165251308,-0.006129992463813469,True
0.2,screening,96,2,0.03267105344816322,0.03266242148008372,0.1552898804614366,0.007188805800933444,True
0.2,screening,97,3,0.06054028180974273,0.05921904277329363,0.15290554973606596,0.019523303271010917,True
0.2,screening,98,1,0.03483537646025949,0.03542081576990027,0.1673342839042908,-0.01045203512894574,True
0.2,screening,99,1,0.03390267837405989,0.03384714218293009,0.11634183859863433,-0.0002284074943906505,True
0.2,screening,100,6,0.02432684919736781,0.02432374097644985,0.12489738533329921,-0.0030656986800488106,True
0.2,screening,101,2,0.03181964319939007,0.03157582455715811,0.1380462689460509,0.006263693717142806,True
0.2,screening,102,6,0.04912377224626697,0.04895022573370717,0.1806179275410591,0.003819545870347095,True
0.2,screening,103,4,0.030451395303442146,0.03030354565621209,0.1684964059249393,-0.003746708509560978,True
0.2,screening,104,2,0.04136933267098265,0.039805950657108846,0.12722269650604942,0.02085749455688181,True
0.2,screening,105,5,0.060575109155114645,0.06060289509065974,0.14280522336076357,-0.004180487571133095,True
0.2,screening,106,2,0.026734696891399366,0.027362942025817683,0.12041287152152481,-0.00488215828248682,True
0.2,screening,107,2,0.04465646876197782,0.04581720438264902,0.14342516111774817,-0.008210320990213571,True
0.2,screening,108,5,0.0368501226648844,0.03686615046391542,0.14214637983086836,0.002958389996144842,True
0.2,screening,109,6,0.04161265233610933,0.041387831130235954,0.17406550294072615,-0.0011960428812818225,True
0.2,screening,110,3,0.03874226136747146,0.03816164326964763,0.14558862531027356,0.010618847810133794,True
0.2,screening,111,4,0.03235033214597547,0.03254375388555471,0.11113406824463937,-0.005196499799901386,True
0.2,screening,112,1,0.038673158486379644,0.03824795438751046,0.13305957208183972,0.0020703092671754543,True
0.2,screening,113,3,0.048270977381999126,0.04793651042721843,0.12876630147940668,-0.007439512347463065,True
0.2,screening,114,4,0.04644657994859806,0.04637393533491519,0.15788905961059252,-0.009759747213120363,True
0.2,screening,115,4,0.05813394324258484,0.05538823065661978,0.1288265768594228,0.016283642696015656,True
0.2,screening,116,1,0.027672426912414783,0.027799434587126422,0.1507053887761374,-0.009773149234998984,True
0.2,screening,117,5,0.07734628902215403,0.07403398290041366,0.17828501583715886,0.00394932254015392,True
0.2,screening,118,5,0.03662727125271753,0.03709164896258659,0.10954941131255269,-0.0005365226622818135,True
0.2,screening,119,2,0.03693628298248131,0.036711510098445074,0.14292928809770064,0.0035775861668527896,True
0.2,joint,0,2,0.01565239638937501,0.01598445170403213,0.05874891131952794,-0.004284887213260877,True
0.2,joint,1,1,0.016889810423557434,0.016942200013180007,0.06631459562755826,-0.00015808779875694972,True
0.2,joint,2,1,0.009818859609796957,0.009702757968243225,0.06427054704771976,0.004421296852257842,True
0.2,joint,3,4,0.013027390038872105,0.01324451897154697,0.057146493069269944,-0.0030126401671442234,True
0.2,joint,4,4,0.014186981470096815,0.014043489423757492,0.07712318724347551,-0.0031391682883785956,True
0.2,joint,5,5,0.020003942475715047,0.020672238746132266,0.07597396399666476,-0.006159209117593901,True
0.2,joint,6,2,0.02104334024740289,0.02215294217749035,0.08155774237711504,-0.0028966369892303185,True
0.2,joint,7,2,0.016601150002328754,0.017046997943262827,0.057088254540297284,-0.005372807227317434,True
0.2,joint,8,4,0.015891640928651942,0.016332578634836618,0.06756646101398224,-0.005797880157821123,True
0.2,joint,9,3,0.020732678455392384,0.02122436290837903,0.07422965936778872,0.0009622400194455417,True
0.2,joint,10,6,0.021090566450072144,0.0219371307624199,0.075255755209186,-0.005908737986845886,True
0.2,joint,11,2,0.017370122898949975,0.01781811283063833,0.059227849006701555,-0.004971493595456869,True
0.2,joint,12,1,0.01360614125502729,0.014123935510508329,0.07368907215829432,-0.00274893660542134,True
0.2,joint,13,2,0.01996715663782315,0.020544769869682726,0.0927283019300358,-0.0030044139779984826,True
0.2,joint,14,4,0.01587251990494483,0.01632831211730049,0.07572473302176598,-0.00416307420860783,True
0.2,joint,15,4,0.016797425764594493,0.01723221002238576,0.07075428444394882,0.002682554632352688,True
0.2,joint,16,5,0.019688187051939594,0.020505841748442666,0.06438609953430056,-0.0073772100086571596,True
0.2,joint,17,3,0.02211238066754667,0.022512138505806616,0.06596496125195235,-0.006365597477775619,True
0.2,joint,18,4,0.011045020598386253,0.011165002354880034,0.06503833271626859,0.0014006170651717437,True
0.2,joint,19,2,0.0286857196833158,0.0290154194230598,0.07741519103282567,-0.0008561616841428866,True
0.2,joint,20,3,0.021102064434100395,0.021348756102577773,0.06748353535583362,-0.0012831420876540992,True
0.2,joint,21,1,0.014995250425371557,0.015227704802329486,0.053976433474045654,0.0006024732256375084,True
0.2,joint,22,5,0.013108638182284475,0.013287050964067888,0.07948078115245935,-0.0015815279257868488,True
0.2,joint,23,2,0.00904027057815628,0.009072777800584594,0.05813853956896966,0.00034172315677033044,True
0.2,joint,24,6,0.01897204624850225,0.01982287204522673,0.07191294991075886,-0.0069119489734755955,True
0.2,joint,25,2,0.018288326655253612,0.01892794546384227,0.06384046698665345,-0.007439752304734129,True
0.2,joint,26,6,0.023482277614927643,0.024144235347974306,0.07154087990889282,-0.00486143063878746,True
0.2,joint,27,4,0.01629246009815111,0.016373389678836673,0.0817508053147241,-0.00065306156083999,True
0.2,joint,28,3,0.012829408642667,0.012948643515451962,0.07360636209592747,-0.002756602725788987,True
0.2,joint,29,5,0.0157786737077867,0.016027238800353925,0.059039579318602375,-0.0037736943430478147,True
0.2,joint,30,2,0.017786463647477473,0.01744058181389976,0.07092306388071119,0.007255646816304344,True
0.2,joint,31,4,0.017470573888455868,0.017841131882877382,0.06526877959536515,-0.0061461354567373385,True
0.2,joint,32,2,0.017551865508241102,0.017667008905305946,0.06306494961392894,-0.0011918555763287758,True
0.2,joint,33,5,0.017690340167936403,0.01820334504729306,0.07055019376809402,-0.0033421645214606025,True
0.2,joint,34,3,0.012281233194278289,0.012578040573996386,0.04965512479425227,-3.437954983435332e-05,True
0.2,joint,35,1,0.00785755547542792,0.007913348819566611,0.06823761992726232,0.0011218706297841782,True
0.2,joint,36,5,0.013661805752538673,0.014015566807271305,0.06318816816239797,-0.006861370338640274,True
0.2,joint,37,6,0.015452117595912435,0.015858248128133134,0.0734221166875217,-0.00636468351091294,True
0.2,joint,38,1,0.018916202848402553,0.018810018861624703,0.06478014424292641,0.003183065820569974,True
0.2,joint,39,6,0.019406123618692244,0.019947258131278723,0.0851078696118809,-0.0026680892086320225,True
0.2,joint,40,1,0.01801630022694523,0.018227833011769723,0.0568451883073282,0.001748849774815048,True
0.2,joint,41,1,0.015732313329307905,0.0160292350438719,0.05969315738732068,-0.0018890348258985797,True
0.2,joint,42,1,0.0165495369013777,0.016342880106583663,0.04861513770579242,0.0010871749872236353,True
0.2,joint,43,6,0.017167010927837043,0.017509203370511064,0.07064870734215681,-0.0071532557107709714,True
0.2,joint,44,1,0.018886383542899506,0.0190630708453521,0.07000941952615465,-0.0027299567322466396,True
0.2,joint,45,3,0.016326170627461653,0.016599392217199714,0.07062020727993679,-0.00043346247249160884,True
0.2,joint,46,6,0.008888355134345629,0.009015193120867522,0.0697551492147494,-0.0017461534182429404,True
0.2,joint,47,1,0.013712148642543854,0.01390702282867833,0.05370281816706297,-0.004628171619218162,True
0.2,joint,48,3,0.013838721744212783,0.013926679508290758,0.0605545413074748,0.002542813827057168,True
0.2,joint,49,1,0.014358689345379904,0.014381463645918854,0.06628780006283551,0.002675205416439039,True
0.2,joint,50,2,0.014564388439157692,0.014939832736767375,0.07038316855938424,-0.0014872314617322305,True
0.2,joint,51,2,0.016060878667226417,0.015812531965389332,0.06624120674602482,0.005224179105469657,True
0.2,joint,52,3,0.014077761202932361,0.014098715875227427,0.06399067757663428,0.003452903840814913,True
0.2,joint,53,4,0.02322190820388544,0.02411815796031723,0.07081221997694936,-0.0030323933164251517,True
0.2,joint,54,2,0.013336955816695464,0.013473385612079777,0.06323300337945753,-0.0021470334296642916,True
0.2,joint,55,4,0.023913937774328195,0.024652450728433594,0.061542928193489,-0.003662584614186881,True
0.2,joint,56,1,0.020451590740251328,0.02085037837514357,0.06441173330542346,-0.003970498637700836,True
0.2,joint,57,4,0.01916213603116558,0.019775464208085455,0.06025806799539596,-0.009403270698581784,True
0.2,joint,58,3,0.012899144921868649,0.013141304267944002,0.0904763728512808,0.0009072451680481577,True
0.2,joint,59,1,0.015491623477756379,0.01553320089433245,0.06524822327419956,-0.0013997431453652968,True
0.2,joint,60,2,0.017952332149317712,0.018705429524579938,0.08605082448728603,-0.003364733862579359,True
0.2,joint,61,5,0.024393425327578648,0.025015868483386508,0.06464002985130365,-0.000901103812506621,True
0.2,joint,62,3,0.015247894893751484,0.01562212507643451,0.06769310921741956,-0.002222451719892124,True
0.2,joint,63,1,0.014667762479927324,0.01494815112066252,0.06264020917918042,-0.0012780706762453363,True
0.2,joint,64,2,0.018619147623560747,0.01916925047810472,0.06735541463336739,-0.0053240912494846365,True
0.2,joint,65,5,0.011432549483384359,0.01169256320305075,0.05674387529962648,-0.0033145792976108338,True
0.2,joint,66,6,0.015432495419529457,0.015717666940556308,0.0656284954438303,-0.0035723944148807023,True
0.2,joint,67,3,0.01395793322207747,0.014128968683346246,0.06904718258509848,-0.00047898464271538315,True
0.2,joint,68,2,0.01745482128335328,0.018025771232227296,0.06352221762541291,-0.004476510502764203,True
0.2,joint,69,1,0.01345105146207679,0.013601173446267717,0.05490143338857889,0.0009947970890892938,True
0.2,joint,70,1,0.017710371430430225,0.01814481929586315,0.0634087386325486,-0.002784015610228441,True
0.2,joint,71,1,0.012321415969833207,0.012344186799806195,0.055194778461352005,0.0023434321055973246,True
0.2,joint,72,1,0.009132567065493508,0.009206753035824713,0.07373647634355926,-0.00013283806404268243,True
0.2,joint,73,3,0.019841436376722827,0.020552528833694565,0.06730049743724746,-0.0037715789523079914,True
0.2,joint,74,6,0.023713715319595235,0.02441396619976249,0.06656866698478961,-0.011765067067570205,True
0.2,joint,75,2,0.01323001767605763,0.013710475604172071,0.07674955979217132,-0.004041822973111733,True
0.2,joint,76,5,0.013392035226887046,0.013610546462297916,0.062119054734203,-0.0037421619612155524,True
0.2,joint,77,1,0.02058727643010851,0.0204390417177798,0.07683601933131604,0.004432871735387605,True
0.2,joint,78,1,0.011945231169848032,0.012042045250934344,0.06737502176149471,4.6880632220278264e-05,True
0.2,joint,79,5,0.014738520056357101,0.01502013283142133,0.07049028275684113,-0.0017956459037007009,True
0.2,joint,80,2,0.012280053879389678,0.0124937229743806,0.06071997589710236,-0.0020114903729042104,True
0.2,joint,81,1,0.020200482444202104,0.020285726031867686,0.06012500782288253,-0.0019580281842213245,True
0.2,joint,82,4,0.018711214828358226,0.019242401408268137,0.09899734935496514,-0.004393143320486523,True
0.2,joint,83,2,0.01278492882213261,0.01292659400099702,0.05597547675326491,0.0004730737851874731,True
0.2,joint,84,1,0.01358685740948088,0.013892944079007843,0.06532318679034707,-0.0015244172540659483,True
0.2,joint,85,2,0.016356515741836754,0.016370425031406698,0.06523861756624355,0.0035914143523627837,True
0.2,joint,86,3,0.03360513262348578,0.03521968103441567,0.06648491020867828,-0.014332367340875627,True
0.2,joint,87,6,0.012682450969189747,0.012866263554480341,0.0696729177721191,-0.002894425714164247,True
0.2,joint,88,2,0.021700610590228715,0.021846631598461033,0.06724280908949153,0.0015134863032554324,True
0.2,joint,89,3,0.02596794282738323,0.026651674843055563,0.06446969704244604,-0.010267677738003989,True
0.2,joint,90,5,0.019277927039877716,0.019770862342833557,0.07168718185544685,-0.003993921717106214,True
0.2,joint,91,1,0.03129692914034613,0.03232842486776751,0.06651574422511032,-0.008583217138681236,True
0.2,joint,92,4,0.015882665682800737,0.016163952668891705,0.0676856316029648,-0.0036582816065912575,True
0.2,joint,93,5,0.014357645670493302,0.014769843134289312,0.0698476880017835,-0.007179529594245577,True
0.2,joint,94,1,0.009710839579571374,0.009644977319968273,0.05927573398713868,0.0006298514634503864,True
0.2,joint,95,1,0.015563013751093407,0.015401752878698275,0.08168428956081768,-0.0003818692782638881,True
0.2,joint,96,3,0.013245680816583907,0.013443137800280064,0.06898810618930458,-0.002177801049764142,True
0.2,joint,97,6,0.021538695173390455,0.02236695913819492,0.06695167196740574,-0.007923228983684704,True
0.2,joint,98,3,0.02128718063272746,0.021654955702649883,0.09335256141779906,0.0013862994026534459,True
0.2,joint,99,2,0.0124322088578768,0.012266993041199522,0.06368629236321736,0.003693806262385395,True
0.2,joint,100,6,0.01397336645901783,0.014189103821060336,0.06198206719572216,-0.0022736809221042984,True
0.2,joint,101,4,0.016210200521520883,0.01650999038117958,0.07063113211322303,-0.004748276668896325,True
0.2,joint,102,3,0.017118259741194405,0.01718200083841694,0.07735178705907025,-0.0002705569273457819,True
0.2,joint,103,5,0.019495736241255054,0.020118653886133417,0.06609909764311173,-0.006980609536237275,True
0.2,joint,104,2,0.011226825380181946,0.011251571454204327,0.07307384207671866,-0.002465140491465152,True
0.2,joint,105,4,0.012825142006089878,0.013079652161578434,0.06325697236098657,-0.0060858839222284996,True
0.2,joint,106,4,0.011750904046794455,0.01177684018354859,0.05508983878145586,6.87651964352419e-05,True
0.2,joint,107,6,0.01590819596411564,0.016406367811035466,0.07083204204453708,-0.003799519771829925,True
0.2,joint,108,1,0.010280165795167306,0.0104103593522891,0.06029366859219077,0.0006421779674611566,True
0.2,joint,109,4,0.014252139669026583,0.014422453747040835,0.06755854395193736,-0.0044857701667388545,True
0.2,joint,110,5,0.016137281435561087,0.016438352255033404,0.067201753961153,-0.0006020817627180665,True
0.2,joint,111,6,0.012842099197508047,0.012980334669839697,0.05821711378756312,4.042128634625653e-05,True
0.2,joint,112,2,0.015064985585285708,0.015617893999736378,0.07147279986621594,-0.0039023625194703174,True
0.2,joint,113,1,0.024362986254568952,0.025182538447035874,0.05715448679156023,-0.006216003991651612,True
0.2,joint,114,6,0.02010875393252959,0.02076950029509293,0.07434459712913857,-0.0030494409585208743,True
0.2,joint,115,1,0.012235124813171079,0.012513420005697395,0.0619213851801869,-0.003583798944857233,True
0.2,joint,116,1,0.014959969713716763,0.01514467589375814,0.05584145559014134,0.00017996576243602935,True
0.2,joint,117,1,0.016303953311974245,0.0166789099435496,0.060105301228699344,-0.008461498351787274,True
0.2,joint,118,3,0.019948300664356093,0.020231753973020666,0.08802412544694486,-0.005037900919134617,True
0.2,joint,119,3,0.01260815160028273,0.012754887112943696,0.0772978591942632,-0.0046022239327660735,True
0.5,response,0,1,0.002996021581871903,0.003432152049077411,0.20193149701222032,-7.587930599922644e-05,True
0.5,response,1,1,0.01461641247288186,0.016891967535477014,0.2243372873618956,-0.001531725149333955,True
0.5,response,2,2,0.03296029166960212,0.03685104613156515,0.21923275288367042,-0.011312417697102109,True
0.5,response,3,1,0.003662813205876482,0.004157737847677042,0.19295687433145814,-0.00012124433118300332,True
0.5,response,4,4,0.04994094046036429,0.05870863200329267,0.3046944517116673,-0.011727096656301296,True
0.5,response,5,1,0.018391948209462293,0.020882663023367144,0.1742510341994051,-0.0036328325526107023,True
0.5,response,6,2,0.019782420606990283,0.022359825411575076,0.256783462200472,-0.003137372595584231,True
0.5,response,7,1,0.02575728447791492,0.029892290946313297,0.2317236072941888,-0.004531122828924204,True
0.5,response,8,6,0.05596610479385286,0.06231048934778996,0.2770585475942599,-0.026015884662724524,True
0.5,response,9,4,0.02952241866556017,0.03392504718029033,0.29242653713078826,-0.006009733309119314,True
0.5,response,10,4,0.05221722650280427,0.059464228977075075,0.22764767397068042,-0.025293405673563727,True
0.5,response,11,3,0.042352119881913994,0.04719806478367403,0.3123112510126759,-0.01397267269177648,True
0.5,response,12,2,0.026829606063246764,0.03045271854456791,0.21452357657265467,-0.0058792436859102975,True
0.5,response,13,2,0.03893398269995873,0.04427469106913256,0.30993552860280876,-0.010946240916985374,True
0.5,response,14,2,0.030114971659473997,0.03469971039356857,0.28523763125054047,-0.0059701584122053425,True
0.5,response,15,4,0.020378227548564935,0.0232424999570764,0.2250447293653754,-0.003866491123621972,True
0.5,response,16,2,0.012577975885806959,0.014367618462695969,0.26226072092906355,-0.001499160544637548,True
0.5,response,17,1,0.0021365200905775123,0.0025103158403052194,0.23789857838113182,-3.024700464477916e-05,True
0.5,response,18,3,0.05531875602866149,0.06415767811176941,0.23238611548192406,-0.02212723530244414,True
0.5,response,19,3,0.019541433333342795,0.021454319831192482,0.2472759880378656,-0.0037360571766993744,True
0.5,response,20,3,0.027382947792306232,0.030506746366648192,0.2955537094679163,-0.007805125059330733,True
0.5,response,21,3,0.02691871906229605,0.031948819329523565,0.3533446969546268,-0.005583669300574156,True
0.5,response,22,2,0.04850999071023034,0.059385391045088144,0.38268706628840826,-0.008765048671797232,True
0.5,response,23,1,0.050897501856339886,0.060343524962988296,0.24966865556699186,-0.016026896855993504,True
0.5,response,24,1,0.004041194809626083,0.004895313499448816,0.34813258517004825,-6.179121695434204e-05,True
0.5,response,25,6,0.03649349127720796,0.04095069156565018,0.29605506989081165,-0.014577747001413325,True
0.5,response,26,4,0.04139647641346475,0.04661092365697484,0.3304213084864324,-0.01483408221432947,True
0.5,response,27,3,0.020081443600876082,0.022892473740143474,0.24134037552786258,-0.004045192332932732,True
0.5,response,28,4,0.05693217095446875,0.06443786894572956,0.21559964536737525,-0.023688421148525544,True
0.5,response,29,4,0.05600040944776046,0.06462138664934859,0.2512348188334643,-0.02347082784510017,True
0.5,response,30,1,0.008345949499134081,0.00992760141843106,0.28963679430234324,-0.000342143301888075,True
0.5,response,31,2,0.04175739627839121,0.047052532659481144,0.19118962636422768,-0.016043206693480673,True
0.5,response,32,5,0.038310811287484745,0.043176774669859384,0.23641026038789578,-0.014484514295877864,True
0.5,response,33,6,0.023769685653629778,0.028194324714842168,0.35803127030300047,-0.004272656261500259,True
0.5,response,34,2,0.03345604155229715,0.037491065376472545,0.27001209318711183,-0.009747346504557912,True
0.5,response,35,6,0.04887451893442401,0.05482456408683439,0.2240045443895681,-0.02224381385460524,True
0.5,response,36,5,0.04690905502225065,0.05326781697654037,0.25111987304412225,-0.021009523051371375,True
0.5,response,37,2,0.042082924672595175,0.04848573721939833,0.21713673739167963,-0.01286092874368105,True
0.5,response,38,4,0.04965901606186177,0.056490709426647974,0.31293422877462074,-0.018958074731897888,True
0.5,response,39,3,0.05445424371603399,0.06734385067460452,0.3882274847254332,-0.00993319393118922,True
0.5,response,40,6,0.031530344951784035,0.03566685634984127,0.21739549859831417,-0.009285235785924566,True
0.5,response,41,3,0.02967625690857132,0.03404700937253025,0.22715827356480295,-0.005645006354628126,True
0.5,response,42,4,0.03059491002331068,0.03523870524197773,0.296568120520738,-0.007795798238091212,True
0.5,response,43,6,0.029124891987930633,0.032971111848766485,0.3149927109167315,-0.009299571782448831,True
0.5,response,44,4,0.04324278508151341,0.0505902773656604,0.2900154020567381,-0.011730441758379728,True
0.5,response,45,4,0.03856701639382319,0.043261410378683356,0.33772477420547603,-0.01708650274002862,True
0.5,response,46,2,0.021004500783190782,0.023759331174765436,0.2002253944713848,-0.0033172562071696705,True
0.5,response,47,6,0.023501806390332385,0.02507756578900294,0.2781103202850972,-0.008806210325867855,True
0.5,response,48,2,0.016592619158595685,0.0188261994603879,0.2187024914755884,-0.0018260813423410628,True
0.5,response,49,6,0.05746469960868739,0.0657356839534722,0.2764588124047557,-0.02571027928590865,True
0.5,response,50,1,0.03707102523591791,0.04369264500647684,0.27674710366986677,-0.00718037486194542,True
0.5,response,51,5,0.03894282425292144,0.04411537904735875,0.29778417026303194,-0.016840131955884987,True
0.5,response,52,1,0.026699423925213565,0.030482064951947305,0.1976222876818855,-0.006225507494633047,True
0.5,response,53,3,0.030332299960002997,0.03415905756526808,0.26667115738502556,-0.0086752241179128,True
0.5,response,54,3,0.042881133019676575,0.050125681755189076,0.28562168984533914,-0.01101011520519155,True
0.5,response,55,1,0.022331197635586983,0.025880958070410492,0.24324429182258464,-0.003144709899257327,True
0.5,response,56,1,0.02771714231505022,0.03253917281727236,0.24348708311670006,-0.004899437856779556,True
0.5,response,57,1,0.0016950929824307837,0.001957220099242095,0.2340918076278163,-1.9205087573165238e-05,True
0.5,response,58,5,0.03536487251131028,0.03848678905133486,0.2551100159359807,-0.013467121733499348,True
0.5,response,59,3,0.021771878329383786,0.025719989979376242,0.30534242543584794,-0.0026032263094315374,True
0.5,response,60,3,0.05161625755772107,0.0600902972951733,0.27470315508386994,-0.017065776929623796,True
0.5,response,61,4,0.03813818585000988,0.04365477792313617,0.2825280532416853,-0.01370029077156735,True
0.5,response,62,4,0.03302772000135725,0.03794657528805033,0.3316055163111813,-0.00983597035075401,True
0.5,response,63,4,0.009680359900444649,0.01099757259455362,0.31785199432413264,-0.0012520819833669455,True
0.5,response,64,3,0.035606035671294264,0.04289072365637382,0.3304525934449288,-0.005612737308286194,True
0.5,response,65,4,0.057100086036260024,0.06675068510642614,0.27584398959910417,-0.02089616228486425,True
0.5,response,66,5,0.018114157699299523,0.02024109286370987,0.21745108515292513,-0.0030526641099840285,True
0.5,response,67,1,0.04064450586853527,0.048115663953692274,0.2654958652401809,-0.009254540473046531,True
0.5,response,68,1,0.0643187372073091,0.0748822796267384,0.2427336801693495,-0.026295002310090382,True
0.5,response,69,2,0.00707653672945788,0.007898750047639107,0.2617140471513902,-0.00037148646495086495,True
0.5,response,70,2,0.039816324615667954,0.04640637947702457,0.29727561470326336,-0.010922241909329899,True
0.5,response,71,1,0.002011200511303094,0.0023934368400253584,0.29258763040658037,-1.956798021671142e-05,True
0.5,response,72,5,0.048403562087464824,0.05628918222260345,0.2653006501158854,-0.014972739699501914,True
0.5,response,73,5,0.026789808940529684,0.03121598690901517,0.28033780585428325,-0.005917336048083595,True
0.5,response,74,6,0.048022750641049515,0.05553239708442143,0.25237117075302457,-0.01636608075119986,True
0.5,response,75,2,0.027367194020556245,0.03189352726588793,0.23732742491990394,-0.004932526995238831,True
0.5,response,76,2,0.036827053889841116,0.041114099302714154,0.36991908012001073,-0.012450284613663097,True
0.5,response,77,4,0.02856848798492946,0.032685629760492045,0.266784886180762,-0.006520691046172147,True
0.5,response,78,5,0.06903660361958695,0.07925651140843996,0.2539574658405264,-0.03396262297099927,True
0.5,response,79,1,0.012553948381960328,0.014380335113562598,0.2116342620154538,-0.0012324833788481654,True
0.5,response,80,1,0.006532580903097965,0.00770741578954963,0.25801955038397634,-0.0002493008323814365,True
0.5,response,81,1,0.0027920159242691115,0.003393273840818291,0.3330471140401254,-3.161382459616574e-05,True
0.5,response,82,2,0.04071050373051073,0.04903109600355453,0.3320501537081866,-0.007788139993605514,True
0.5,response,83,4,0.03642291318706473,0.04173519969964436,0.30341116397036544,-0.009539740258506235,True
0.5,response,84,5,0.051158411501167,0.060392249377867295,0.36219122810505755,-0.01873597402128409,True
0.5,response,85,2,0.05193109048480886,0.062128902287980604,0.31017509682733363,-0.01176570160997698,True
0.5,response,86,5,0.037724947310878325,0.04135923364670804,0.3130008313445108,-0.016782497708294434,True
0.5,response,87,6,0.04575691042553755,0.05290304337669198,0.24803421683777194,-0.01612005677255139,True
0.5,response,88,4,0.031171932200058337,0.03522281626096565,0.29993609074527294,-0.008355878250362318,True
0.5,response,89,2,0.04239046531041015,0.04951002441423898,0.22862529172405133,-0.01348463112151949,True
0.5,response,90,1,0.004765735183244338,0.005543177495143406,0.22569198985382227,-0.0001622854883706636,True
0.5,response,91,2,0.022749947682332565,0.026524556336055268,0.24816758342932083,-0.003737623925330116,True
0.5,response,92,6,0.03685081112826976,0.041914962614155706,0.26515055675091287,-0.01019286963849357,True
0.5,response,93,1,0.019994001162495015,0.023104859635467108,0.22250508683315268,-0.002904591751884008,True
0.5,response,94,4,0.044574945333118544,0.04904010991743019,0.2637652481503481,-0.016973405840449457,True
0.5,response,95,6,0.022211401903051948,0.024337350110082825,0.2331138054301489,-0.006052496987248574,True
0.5,response,96,3,0.03399528760641462,0.038715659041312356,0.293836722183417,-0.00998927249636778,True
0.5,response,97,2,0.024946836229996945,0.028873337871177518,0.23622439322903854,-0.0039419902556647275,True
0.5,response,98,2,0.03305038703118918,0.03821876656371723,0.2226551550466246,-0.007082736420357718,True
0.5,response,99,3,0.04588590791090594,0.05218356991489721,0.23230302730815316,-0.013173932918094005,True
0.5,response,100,2,0.017087448014562412,0.019390928447822267,0.24520682517686357,-0.002598216532050138,True
0.5,response,101,5,0.026545048533035187,0.02937017530176533,0.2705641133163296,-0.007903758693065234,True
0.5,response,102,6,0.05719129775794161,0.06543308174382709,0.24832356256068114,-0.021480233755891066,True
0.5,response,103,1,0.002184992843014173,0.0025435081068067946,0.2347667666724704,-3.202140344976489e-05,True
0.5,response,104,2,0.02156142147828855,0.024051843877227995,0.23477527157220282,-0.0034382492840009985,True
0.5,response,105,4,0.0401161541411923,0.04657118754472171,0.2903172772526473,-0.007984409487869616,True
0.5,response,106,5,0.036013057939653814,0.04002343582949797,0.23229600123156627,-0.013640955433009713,True
0.5,response,107,2,0.05957858868742368,0.06902756945729596,0.3622331559138569,-0.019140171714431244,True
0.5,response,108,4,0.06613242458403619,0.07532221213282145,0.2767391928641289,-0.033122666634148944,True
0.5,response,109,5,0.04840631838098579,0.05466742032063887,0.2853390182366106,-0.01752238291444665,True
0.5,response,110,3,0.008789381012987808,0.009881958806505659,0.2728320002727487,-0.0006783161348738449,True
0.5,response,111,2,0.027828170631378425,0.03264960922801313,0.3019389267687536,-0.004280158164508639,True
0.5,response,112,2,0.0028631765528145526,0.003273757603218848,0.25889292435263067,-7.069152261773192e-05,True
0.5,response,113,3,0.023636563990050697,0.02630516284835951,0.32071352486457705,-0.005208121878341678,True
0.5,response,114,3,0.01616845050567904,0.017745785323189132,0.27446010131095516,-0.002528457234222482,True
0.5,response,115,5,0.026719272914582336,0.02936702487975114,0.2894701284967197,-0.00990214121138209,True
0.5,response,116,3,0.02618967583040577,0.029788709333443464,0.22008831841395346,-0.0059533621711164225,True
0.5,response,117,4,0.03690042969664679,0.042976644147314974,0.3720843679486776,-0.009482118664093655,True
0.5,response,118,1,0.007909252342954688,0.009142649236119231,0.21246465031621145,-0.0004904930814718987,True
0.5,response,119,6,0.04270222237554602,0.04688518403718264,0.232378131343478,-0.019683415523061003,True
0.5,screening,0,1,0.08576470885522187,0.08189408924180715,0.737662120005207,0.004442222751664026,True
0.5,screening,1,4,0.07592500555136517,0.07538187742504149,0.3060415840323486,0.0002976357878544025,True
0.5,screening,2,3,0.09906969790147913,0.09014936354100993,0.3730755967637743,0.03911486170878832,True
0.5,screening,3,5,0.10791151537008448,0.09602474391272398,0.34851233596850734,0.035951389792026396,True
0.5,screening,4,5,0.15754093407329187,0.1419253189282435,0.549351166149976,0.02469270806496495,True
0.5,screening,5,5,0.09500302876097265,0.09214469022421501,0.4752920958601602,-0.008364809289162105,True
0.5,screening,6,3,0.11537473116005624,0.09492538634060117,0.4847010307973256,0.022677083189829007,True
0.5,screening,7,1,0.11849475807103074,0.1080814650672335,0.5166556069996293,0.017307122290155765,True
0.5,screening,8,4,0.09402708667240063,0.08635657071785305,0.26155017161898597,0.04097774795678675,True
0.5,screening,9,4,0.08633675668975666,0.07928269924569044,0.4572849979797921,0.023344420134802504,True
0.5,screening,10,6,0.09665050063066648,0.09531865966057383,0.42154411861575974,-0.004750622238836767,True
0.5,screening,11,3,0.07537771362414615,0.07166620894071314,0.3218422861149718,-0.009821355024279702,True
0.5,screening,12,5,0.10447510432032055,0.09393465532903737,0.40596786314248473,0.00998663284162905,True
0.5,screening,13,6,0.0753258346776797,0.07904271207021088,0.43882420405331946,-0.00740963495512375,True
0.5,screening,14,5,0.07976829041025105,0.0725161719251153,0.4942186702291072,0.01956274629571043,True
0.5,screening,15,4,0.08608117762272123,0.08541635280272085,0.4756037117899992,-0.002119869826811055,True
0.5,screening,16,2,0.07279580126000433,0.07589853188865142,0.47235150953042954,-0.01313721332483097,True
0.5,screening,17,3,0.1090641882098191,0.09044083583494165,0.597789797212186,0.020746380163542518,True
0.5,screening,18,1,0.1534521669960065,0.1516390038037718,0.647745606647468,0.0011677256044313584,True
0.5,screening,19,4,0.07807536987868728,0.08077631794393553,0.4895109902454357,-0.012286531215943678,True
0.5,screening,20,2,0.1087906590305983,0.11273978249541257,0.4584660265180646,-0.03262810685453149,True
0.5,screening,21,6,0.0793439494788265,0.07161436820446249,0.2831766311772809,0.024525130045820236,True
0.5,screening,22,3,0.06946120693205188,0.06418829623271627,0.3712516129870751,0.023374371628738663,True
0.5,screening,23,6,0.08277099172920656,0.08397528346240954,0.4424415059777743,-0.0006445413062297052,True
0.5,screening,24,6,0.2039497115519687,0.1835016893055722,0.6570390990019596,0.03631101620285593,True
0.5,screening,25,5,0.13473484997342863,0.1437893958615134,0.386626213042728,-0.02496659378611305,True
0.5,screening,26,5,0.15442496891608642,0.17078693022441055,0.4429010828623903,-0.020149982812881485,True
0.5,screening,27,5,0.13241813299577704,0.13268004470690847,0.5834391935227681,-0.024084327636800948,True
0.5,screening,28,6,0.08605947725687249,0.08408904624322612,0.31398621827470663,0.013809787846198917,True
0.5,screening,29,4,0.12963328249291015,0.12327503091849651,0.5713347251773825,0.01648735141478318,True
0.5,screening,30,1,0.1398099670003961,0.11612546159774714,0.4217662314690111,0.029591807222785396,True
0.5,screening,31,5,0.0918745613656606,0.09172683614975995,0.49111361773165746,-0.003367964990499092,True
0.5,screening,32,6,0.07871856707661201,0.07485697768802779,0.4174550845586467,0.008097884459540306,True
0.5,screening,33,2,0.0970741690630846,0.08761713462348945,0.4995622607372219,0.02049229222357313,True
0.5,screening,34,5,0.0852835731133813,0.08163993131847519,0.371562404163694,0.004787839131137689,True
0.5,screening,35,6,0.06197925281421018,0.05786546333861255,0.5520998182144692,0.013770204721307543,True
0.5,screening,36,6,0.07645511648160042,0.0712835200291966,0.3506039541060692,0.0194334715299624,True
0.5,screening,37,2,0.13034026957569084,0.126290097557697,0.3950888602018233,-0.009379638907621217,True
0.5,screening,38,5,0.07755756776632529,0.07590401933548657,0.6177914502454925,0.024450823742919802,True
0.5,screening,39,1,0.09121468886006383,0.08891174167716648,0.6011512706728578,0.010524374472330147,True
0.5,screening,40,4,0.15345020650675986,0.1320720791644566,0.43902228057419945,0.04117187972422413,True
0.5,screening,41,6,0.09029886504089575,0.08687996029849313,0.30647891351568635,0.019297046313549268,True
0.5,screening,42,4,0.10453474402341863,0.09795124664146976,0.32483303486589404,0.022377817602083412,True
0.5,screening,43,5,0.08539980540621123,0.08166332408611392,0.32049149336724053,0.022205877389183594,True
0.5,screening,44,1,0.11823239763997322,0.11006405160417658,0.5470151960528817,0.019905232033065958,True
0.5,screening,45,6,0.10366160527172161,0.10017927830287675,0.3743520920119709,0.01982718285012861,True
0.5,screening,46,3,0.06255011725766405,0.06441343893342262,0.480608355336494,-0.007341145978282446,True
0.5,screening,47,6,0.11803608110311846,0.11449543810437107,0.3227721315377545,0.00745435400098091,True
0.5,screening,48,5,0.08535086822705747,0.08137015050224203,0.4775038450263041,0.01047865666512155,True
0.5,screening,49,4,0.09489765833800304,0.0932362147431041,0.48517446355726,-0.003271180644634532,True
0.5,screening,50,3,0.1015291141086701,0.11629811245760042,0.587702331301639,-0.007528422045592145,True
0.5,screening,51,6,0.07926917194500097,0.07570884679137542,0.6481537255977007,-0.0024418199425909307,True
0.5,screening,52,2,0.10048855076131323,0.1075961596300891,0.4499924711720448,-0.01043056711289003,True
0.5,screening,53,2,0.0760421815704178,0.0811259216785732,0.3959579506061119,-0.02578633782369152,True
0.5,screening,54,5,0.07780732332596184,0.0684738206839961,0.56576312149543,0.015767486454015208,True
0.5,screening,55,4,0.057181299792714205,0.05674929301399762,0.3621947894001725,-0.008041147776083205,True
0.5,screening,56,3,0.10531192178549814,0.09976663035882512,0.4561293499248828,0.032716776413558885,True
0.5,screening,57,2,0.12396190713684789,0.12107361078825561,0.4966489123448743,-0.013648398448961346,True
0.5,screening,58,2,0.08225235672946812,0.08499845503501333,0.5276650340010735,-0.004916671489482645,True
0.5,screening,59,2,0.13856683302028466,0.13844484322873243,0.3941309865828569,0.0036922284538110847,True
0.5,screening,60,5,0.08542540900443693,0.0886968707542607,0.3742797726447022,-0.01435743209032274,True
0.5,screening,61,2,0.11115632358980485,0.11431015160052288,0.32823679171862646,-0.016298250598807667,True
0.5,screening,62,3,0.07248993187834861,0.06604593966804342,0.3448362012450446,0.027186518585902267,True
0.5,screening,63,2,0.0701984145348607,0.0671249185435008,0.2519971726806475,0.008772146333259899,True
0.5,screening,64,3,0.11853408964872295,0.10955229136841267,0.6751326007063752,0.00787123632784086,True
0.5,screening,65,3,0.1115600579774204,0.10782402398656908,0.7198131321591901,-0.005431475542300443,True
0.5,screening,66,4,0.0969404437204404,0.10403355455601232,0.4017410514727685,-0.0030310763987986293,True
0.5,screening,67,6,0.10897301673013227,0.110164563142195,0.37233853367120934,-0.008017392872374381,True
0.5,screening,68,4,0.11092372552668628,0.11363132606816058,0.3976086304554068,-0.0034986355260023553,True
0.5,screening,69,3,0.15649263296937815,0.16178516535463264,0.3405265214540286,-0.01394675031590233,True
0.5,screening,70,2,0.07048603713943531,0.07763818361460978,0.2609978313326238,-0.026897948360363813,True
0.5,screening,71,4,0.08650449455608668,0.08301052070852284,0.455220946887823,-0.008304397724665713,True
0.5,screening,72,4,0.12848699191856644,0.13671712506428524,0.4841522312035393,-0.02696486914132055,True
0.5,screening,73,5,0.10636897571821516,0.10897062690929728,0.4009691115789176,0.01269534304473636,True
0.5,screening,74,1,0.13891033871714412,0.1338504381139185,0.40676729224538055,0.026324858125760527,True
0.5,screening,75,5,0.09039212805862404,0.1031887410474903,0.5076026268581365,-0.014391640423369352,True
0.5,screening,76,1,0.08727838359406852,0.07957873170158032,0.37118385321800285,0.04901619309243207,True
0.5,screening,77,1,0.08807852476025617,0.08729191749141278,0.43583422480670714,-0.003774107429676538,True
0.5,screening,78,6,0.12997750700392316,0.13394655823959414,0.4574386998033696,-0.028695519950713906,True
0.5,screening,79,5,0.10587209370043714,0.10368235258740993,0.44869011016820304,0.009086684305993074,True
0.5,screening,80,3,0.11291645974828898,0.10544307890220722,0.3595052312739148,0.02879081010497148,True
0.5,screening,81,5,0.137270209629711,0.12436505938783228,0.388425301157772,0.04498249515362357,True
0.5,screening,82,3,0.1503268060780561,0.12879246735307606,0.43753808499072844,0.010571030496285376,True
0.5,screening,83,4,0.09890320485925869,0.09477218786432086,0.41772871114533494,0.036142877952604874,True
0.5,screening,84,1,0.05734834876575074,0.05491906611397307,0.35017020847189984,-0.0014433372803338866,True
0.5,screening,85,2,0.1656802871998219,0.1483871140858412,0.5839829477287257,0.03773804497479193,True
0.5,screening,86,5,0.07382686082271502,0.07788661315094221,0.412379640253042,-0.01678094820741909,True
0.5,screening,87,3,0.10458713856577598,0.10519816870212881,0.47282177982220347,0.013692485320128128,True
0.5,screening,88,2,0.07079098282195295,0.06814680914952254,0.42219077180243414,-0.004026462647026407,True
0.5,screening,89,5,0.0881490763604901,0.07699775224130356,0.4907781120361844,0.033224116576882484,True
0.5,screening,90,1,0.12787291547155505,0.12331711427521505,0.566526295900755,0.017429081366403497,True
0.5,screening,91,1,0.08613956872515316,0.07471837613056168,0.4434390012460956,0.02820467101512843,True
0.5,screening,92,3,0.06651311244708677,0.06495025775185195,0.554355157204539,0.016801130988267292,True
0.5,screening,93,6,0.058915479642697076,0.060871339291042714,0.28713705289091707,-0.008690868930796698,True
0.5,screening,94,5,0.1305614491539162,0.12476053619294898,0.4469400428792966,0.049343289674551365,True
0.5,screening,95,5,0.08590895351008863,0.09146433344158111,0.5598868325329776,-0.014661490218467325,True
0.5,screening,96,6,0.08843550353059794,0.0869882258656058,0.3412202952144375,0.02936717414394111,True
0.5,screening,97,4,0.09547949595497816,0.08617171159878373,0.5200900821043425,0.0038394542987666724,True
0.5,screening,98,6,0.1189993759212289,0.12071422985329819,0.36305800383658576,-0.022225209571793914,True
0.5,screening,99,4,0.13659457075456014,0.11951552729527185,0.4151971909531369,0.047379870266900256,True
0.5,screening,100,1,0.14418984063127208,0.1337377153663297,0.39800456385829835,0.017534843999008596,True
0.5,screening,101,1,0.11308896788250865,0.11151501364879009,0.37997867192161167,0.0075275582534704765,True
0.5,screening,102,1,0.08613493448504465,0.08274700418263324,0.41152271827740006,0.01523269002026953,True
0.5,screening,103,6,0.09851357075586707,0.09902211630164838,0.3764891339287355,-0.008438097498524161,True
0.5,screening,104,2,0.10382236466556644,0.09757780334336574,0.28967158243301505,0.01456819716383319,True
0.5,screening,105,4,0.09263530508621574,0.08335404593796346,0.43216638668432367,0.019545046286585304,True
0.5,screening,106,2,0.0904485846680448,0.08758353126888156,0.3790132525533937,0.016642815427508093,True
0.5,screening,107,2,0.11756292580172482,0.12480969197872478,0.39538038608686366,-0.012057989120188418,True
0.5,screening,108,6,0.06576466159330387,0.06543143531662719,0.23971816430302934,0.0015872482396938293,True
0.5,screening,109,6,0.14253752260592611,0.13565841829764502,0.6380916094884276,0.021128149143632355,True
0.5,screening,110,5,0.08275870560366705,0.07517492400420729,0.5434659873285822,0.018384052941982944,True
0.5,screening,111,1,0.10296884269513695,0.10345989150063543,0.44243351728179653,-0.01183369387586009,True
0.5,screening,112,5,0.09394802708886107,0.08598558738143078,0.42060237208041296,0.022385567748703324,True
0.5,screening,113,1,0.10169036913007702,0.09590179027846613,0.4485266874534713,0.04133971251539391,True
0.5,screening,114,2,0.13415730557388464,0.137014382621708,0.44085700492268853,-0.020731462908535014,True
0.5,screening,115,1,0.12645482688584894,0.13780476358484076,0.5120154194135267,-0.034287661020028275,True
0.5,screening,116,1,0.12652400273931552,0.11099506777575326,0.5252953126074358,0.03220220628544028,True
0.5,screening,117,4,0.08965195365782029,0.09465347707518797,0.4916660807367742,-0.011467116881565202,True
0.5,screening,118,2,0.06310122116552777,0.06253704471098463,0.3852710280876091,0.013625591328753295,True
0.5,screening,119,6,0.08907996836185308,0.08340063084744458,0.4470321854292298,0.028284702290620915,True
0.5,joint,0,6,0.049272039434430495,0.051917909760713095,0.18522792378458755,-0.009557687082180808,True
0.5,joint,1,6,0.048265172766253944,0.050769238278916835,0.16024500342500522,-0.014349571439933224,True
0.5,joint,2,4,0.05432914525913417,0.05825316427932215,0.18263067850769193,-0.012956086578176464,True
0.5,joint,3,1,0.04754890688158555,0.05198481486640558,0.1782683231163701,-0.015079929217348223,True
0.5,joint,4,1,0.05210087382732827,0.05589303668801732,0.22238824369831067,-0.013974570076988322,True
0.5,joint,5,6,0.03483566102177039,0.03753048729365975,0.18411724480406502,-0.003755111288096739,True
0.5,joint,6,3,0.028805510172078996,0.028396416488954825,0.22200004738543525,0.014397713755626176,True
0.5,joint,7,5,0.06169756153787608,0.0599497600505786,0.18050901198813427,0.014515285923027093,True
0.5,joint,8,3,0.048126388339816514,0.05116548950513445,0.16677177270069898,-0.004832855392888072,True
0.5,joint,9,3,0.0353751115860394,0.035824789774330644,0.1830419182068517,0.000560161238813392,True
0.5,joint,10,3,0.03870666370839673,0.040867610985275464,0.21224936296397212,-0.012521310910847187,True
0.5,joint,11,3,0.03248029193500754,0.033991672813413844,0.17859709208081934,-0.005007178607165752,True
0.5,joint,12,6,0.02747721920800292,0.027737479443316494,0.1802753272654199,-0.0005066060633229514,True
0.5,joint,13,1,0.0345342987132418,0.035655575707109734,0.2112802561479885,-0.00700170229198719,True
0.5,joint,14,5,0.06702785834859679,0.0680001932994136,0.1425152405419974,-0.009030086878484675,True
0.5,joint,15,4,0.027438081819680715,0.028596759570646547,0.21904104791546813,-0.010672897445529295,True
0.5,joint,16,3,0.04105214175651948,0.043417469374475284,0.22157715601007744,0.0040365772899134365,True
0.5,joint,17,5,0.060370896915925606,0.06517312884316022,0.17568900206776292,-0.011627816558365443,True
0.5,joint,18,6,0.028965902651788104,0.0301355976428866,0.1580185058988361,-0.002191681891051749,True
0.5,joint,19,6,0.060564369821413916,0.06771133599342921,0.2401210720043287,-0.02570005817660787,True
0.5,joint,20,4,0.06224745530692496,0.07049125635934138,0.2406839837253074,-0.010556757098162338,True
0.5,joint,21,6,0.02758449374108911,0.02855285393151537,0.1939880919762607,-0.008295786103430316,True
0.5,joint,22,1,0.040192007153212236,0.042262221901356214,0.13968150310795557,-0.006965026114005618,True
0.5,joint,23,5,0.034822469711914,0.03713031795188938,0.16767553281793815,-0.009476302438307048,True
0.5,joint,24,5,0.05065332689349998,0.053698446984595936,0.16849711107161622,-0.011427574001623681,True
0.5,joint,25,2,0.03711003779947468,0.03957180965469615,0.177371704369621,-0.007462626145228295,True
0.5,joint,26,5,0.04693223948364825,0.050302440860337236,0.1494880034719184,-0.02076258989543868,True
0.5,joint,27,6,0.06245328040644253,0.07013102523004143,0.25345830999394303,-0.020684256325459022,True
0.5,joint,28,2,0.03653702286868143,0.03727574495707819,0.19492540104821052,0.001818936276846273,True
0.5,joint,29,5,0.032504754758947145,0.03322203006114308,0.16220517350321312,-0.002352296244963187,True
0.5,joint,30,2,0.0534192919878218,0.05757582527101318,0.20008818394060718,-0.0006174008436555361,True
0.5,joint,31,1,0.04508303859335352,0.046941851582817655,0.17690366525847034,-0.026213256474300943,True
0.5,joint,32,1,0.046300103690933014,0.04958953382216278,0.16301730386331922,-0.013825786796676152,True
0.5,joint,33,1,0.05956940475100114,0.06213750732622721,0.22030637521781815,0.0005063591609306928,True
0.5,joint,34,6,0.04833967770897812,0.052650472562678,0.18326721617317193,-0.017997521764587313,True
0.5,joint,35,2,0.03629527565145722,0.037391109326271085,0.15672775282249038,0.0052421157262232555,True
0.5,joint,36,1,0.05293083558742067,0.0573687814127117,0.1957425468977794,-0.020280104961603637,True
0.5,joint,37,4,0.05941416634846728,0.06564332710104025,0.2530746306284197,-0.01477895408905458,True
0.5,joint,38,1,0.0316569096087304,0.03193589436816802,0.1295126698124481,-0.0018511672061531084,True
0.5,joint,39,5,0.050282802822992634,0.053145965716987514,0.17579224857914502,-0.0006828158266492323,True
0.5,joint,40,1,0.03052104652335443,0.03131432421544812,0.23999034536350478,-0.00635116424450079,True
0.5,joint,41,2,0.03661564837532676,0.03850664374805487,0.2041264960728598,0.0023766559851763915,True
0.5,joint,42,6,0.026195673221644525,0.027095199292525744,0.199486372932294,-0.0023399957749439763,True
0.5,joint,43,2,0.04816111398117148,0.04810780335519719,0.20396395491330613,-0.007669681362951788,True
0.5,joint,44,2,0.0312212132242695,0.03131390550280846,0.22712623418231298,0.000697700882182755,True
0.5,joint,45,5,0.04389046422042461,0.04788830972754526,0.2049325578017848,-0.015960160893828835,True
0.5,joint,46,6,0.04914429616469613,0.05016496048864711,0.18780099315344082,0.0011074083238206192,True
0.5,joint,47,5,0.04547887440419409,0.048936897501134065,0.23730557457776558,-0.004070535643263163,True
0.5,joint,48,3,0.04437631729963065,0.043917317114785456,0.21881880265586573,0.014724020340363993,True
0.5,joint,49,3,0.03056941805345577,0.03092358165455439,0.1954573362040655,0.0024258228758186466,True
0.5,joint,50,4,0.04858297365170456,0.050020397866011125,0.16463686142331233,-0.011924643745909869,True
0.5,joint,51,3,0.028050013776389784,0.028175986726520504,0.1942010726064312,-0.004448232395354927,True
0.5,joint,52,5,0.03498887473401504,0.034671975900209484,0.22422409040005487,0.0041009872445135365,True
0.5,joint,53,2,0.05154106697347542,0.05775223545990882,0.18875819447073272,-0.01545563919502894,True
0.5,joint,54,3,0.0509980008198595,0.056691222912622415,0.18158640977422566,-0.023010496651286634,True
0.5,joint,55,5,0.03202546194251099,0.03086143334055879,0.2062014045458807,0.005727157774145534,True
0.5,joint,56,6,0.027247881317652295,0.027141631687432853,0.16980365900407612,0.010131568913291476,True
0.5,joint,57,3,0.03949183771858409,0.0411098512471423,0.1629161901601076,-0.004848975438688609,True
0.5,joint,58,6,0.07658512888053853,0.08712993397107507,0.22384600334930457,-0.041124209719856676,True
0.5,joint,59,3,0.03412178424484473,0.03326259563035021,0.17734578136771342,0.00637082122955306,True
0.5,joint,60,5,0.044785489271446814,0.044656098268743075,0.15862826536720054,0.002578201560182405,True
0.5,joint,61,1,0.026754350977625446,0.0272540400028873,0.2162649398821875,0.0031574447540347428,True
0.5,joint,62,5,0.039421372563087816,0.0423940223389891,0.21413016800080686,-0.006935017781017471,True
0.5,joint,63,6,0.05942446350876536,0.06488178651341203,0.20274008038447253,-0.019142446248250875,True
0.5,joint,64,4,0.028348893996309875,0.02975586811596902,0.22567467834366461,-0.005801108872586803,True
0.5,joint,65,4,0.0439891858782623,0.04742075053612086,0.20202813841013936,-0.015701762138629352,True
0.5,joint,66,4,0.043394255406636315,0.04752146462626743,0.16411232477879686,-0.018574618760231667,True
0.5,joint,67,5,0.0578917000204369,0.06151322796546391,0.19660593783582497,-0.022202372777362915,True
0.5,joint,68,4,0.04220021299644529,0.04358329044090918,0.19600650841127729,-0.014170551277195463,True
0.5,joint,69,3,0.05859041957261979,0.06486622893750005,0.17081157202105093,-0.028882968968985977,True
0.5,joint,70,4,0.04578906577071758,0.04860662452054267,0.19141592774210453,-0.006043969123235523,True
0.5,joint,71,2,0.030857905898561296,0.029937457168029872,0.18181339096960625,0.004783807904090884,True
0.5,joint,72,2,0.04489183485959871,0.045758544058010636,0.21685976433946633,0.010645100182465448,True
0.5,joint,73,3,0.04152163708466291,0.04437619020900586,0.1572388811508559,-0.009881392278270833,True
0.5,joint,74,1,0.0401448778852567,0.04248224299168293,0.18116145466466999,-0.006564696592219348,True
0.5,joint,75,1,0.048102710595713874,0.051731410368176536,0.14534768791589422,-0.017782555237438397,True
0.5,joint,76,1,0.03382092441873411,0.033656790940668355,0.1766150955686988,0.0007445157137566811,True
0.5,joint,77,5,0.09275917106718876,0.10605923572233839,0.21723389909796764,-0.045414334192071436,True
0.5,joint,78,3,0.05808439798676197,0.061457064845990436,0.17043445757808867,-0.01129424677267679,True
0.5,joint,79,5,0.06310151458169597,0.07040477045844579,0.23345878390379193,-0.014183961583913144,True
0.5,joint,80,4,0.032516150295242956,0.03279554828491526,0.18477125469286396,0.0024572526231904633,True
0.5,joint,81,5,0.035399073822575476,0.03743504414922855,0.17413486032954004,-0.008151853223279847,True
0.5,joint,82,5,0.043436865348024295,0.04342686238908396,0.18705584098864866,0.00488523249617823,True
0.5,joint,83,5,0.04709167598241794,0.046878472644466,0.19385991709770684,0.0008355050469611477,True
0.5,joint,84,6,0.0520885462487861,0.05511762900032745,0.18483493287169467,-0.002934311053354257,True
0.5,joint,85,5,0.04953968566364214,0.05398360612381532,0.22071024378145124,-0.01709175506052551,True
0.5,joint,86,4,0.038621816528110184,0.0399886474213674,0.22363932215474241,-0.0038015244623976767,True
0.5,joint,87,4,0.04131945782347702,0.0447983103684,0.15992201887682814,-0.008463512982300551,True
0.5,joint,88,6,0.030526680234990528,0.031255849478398455,0.17447033856271024,-0.0015602040541584296,True
0.5,joint,89,3,0.042108271353811656,0.04692361784554702,0.19895260770695034,-0.01624498456444127,True
0.5,joint,90,5,0.06086251566328243,0.06951609739356925,0.2402501845188069,-0.015003409600687068,True
0.5,joint,91,4,0.05022146271891174,0.05427108206203439,0.19577146265447062,-0.0041730112996878396,True
0.5,joint,92,2,0.05138452803702031,0.05808032239614763,0.20095240913201762,-0.018377022222078345,True
0.5,joint,93,4,0.034845365290583644,0.03733262186695742,0.2526640522732628,-0.008810170012753736,True
0.5,joint,94,2,0.043966523872973895,0.04470748843396019,0.16104448797395216,0.00416587497210557,True
0.5,joint,95,4,0.04370422048561864,0.04694319163558542,0.2082445127888099,-0.0026595523998315003,True
0.5,joint,96,6,0.02901069997198953,0.028829481232281087,0.1660163254734548,0.0038886275881288308,True
0.5,joint,97,3,0.051992630558396376,0.05560942645891406,0.16274993745870583,-0.007775911677819799,True
0.5,joint,98,6,0.02602995634661853,0.02692264320205625,0.1774710620905198,0.0031175705873971275,True
0.5,joint,99,4,0.032534583922505605,0.03433475838959164,0.15208463039430783,-0.0052820526885014076,True
0.5,joint,100,2,0.03342533513429169,0.03414310576781991,0.16084951577100418,0.001239440634403517,True
0.5,joint,101,3,0.05082751629406009,0.053803058955151174,0.16117858651806244,-0.01564787515584715,True
0.5,joint,102,6,0.04169454669124005,0.04557424082001661,0.27639181538097407,-0.005964179670883342,True
0.5,joint,103,6,0.04542208047011826,0.04850463016049653,0.2003860880109465,-0.012343634984963114,True
0.5,joint,104,3,0.05408166051540763,0.05651837116079059,0.1908033489254114,-0.01879491373188093,True
0.5,joint,105,2,0.030163595795845176,0.03180997388564189,0.17919051972768804,-0.005128827266968434,True
0.5,joint,106,1,0.018416255243932318,0.01853505147353373,0.19413222987302073,0.004822123662232309,True
0.5,joint,107,6,0.03520383282755063,0.036271109352524054,0.20067979910066192,0.0019975561537485627,True
0.5,joint,108,6,0.037667812129206404,0.03959224539490379,0.20030319397603133,-0.011447733576514687,True
0.5,joint,109,4,0.06756127749314991,0.07433507956050023,0.1622972560879576,-0.025882867508940498,True
0.5,joint,110,1,0.047344782456647444,0.05148212016744802,0.24896459179227406,-0.0010943914881103838,True
0.5,joint,111,1,0.03772634179375576,0.0407983580769105,0.16470339613767165,-0.012098687353194368,True
0.5,joint,112,3,0.04966160264250225,0.05475290415188328,0.21557255923768656,-0.0003701265253087988,True
0.5,joint,113,5,0.04357171928907716,0.044423662753783656,0.20606937740559725,-0.006220469412975198,True
0.5,joint,114,6,0.04266577271625234,0.045281879803337685,0.23838771709715312,-0.02066183690415956,True
0.5,joint,115,1,0.04882282358785108,0.04983648524378633,0.1851964847933378,-0.0067451353238566795,True
0.5,joint,116,2,0.02666592021134398,0.027589590485151177,0.15693391917111083,-0.007895896224013066,True
0.5,joint,117,1,0.04832368177882611,0.0520227191242029,0.13592075392900774,-0.02566777724339714,True
0.5,joint,118,1,0.03573019975647541,0.03684017989394813,0.12828173828864467,-0.00034777094817218493,True
0.5,joint,119,3,0.03948182895396604,0.04400698614814315,0.2097399125245109,-0.009634550459118298,True
0.8,response,0,3,0.0600625249542195,0.07195801032095583,0.6231965043625209,-0.024261890259480112,True
0.8,response,1,5,0.05942491427070903,0.06908850525363204,0.4794321947549787,-0.028126902677663473,True
0.8,response,2,4,0.048524089114590524,0.06011920706540834,0.5813606482241621,-0.008116315240360572,True
0.8,response,3,2,0.024963020510298035,0.03199401760934065,0.528015304181252,-0.0021546190601563777,True
0.8,response,4,4,0.05028871253443138,0.06248122864674662,0.5107443416441195,-0.01032773180274397,True
0.8,response,5,1,0.0024688794529489386,0.0033051523584629846,0.6430353931126856,-1.7753992229303374e-05,True
0.8,response,6,2,0.07258078837798157,0.0965057489347413,0.6472120002646489,-0.014680575700221297,True
0.8,response,7,4,0.08980326613811423,0.1205255890933514,0.804225679038392,-0.027051252295566833,True
0.8,response,8,6,0.09823898615391813,0.12298823533751806,0.47251857989788515,-0.05811747679274738,True
0.8,response,9,1,0.045410432930905485,0.056169261742710176,0.34289129253346756,-0.01303778256244445,True
0.8,response,10,5,0.031697334245860166,0.03660120025842475,0.563206271318789,-0.008275374282982433,True
0.8,response,11,4,0.029173986554386248,0.036164991094245535,0.470755975916002,-0.003640950344844382,True
0.8,response,12,2,0.029896687229963293,0.03528936453878207,0.7558657181655937,-0.006993309464217235,True
0.8,response,13,1,0.0042202673510452855,0.005173272832212347,0.33151428733698246,-0.00011737431812515715,True
0.8,response,14,6,0.08742737055469482,0.1065645703375826,0.6813131385237582,-0.03773913797713428,True
0.8,response,15,3,0.10415639764642792,0.1404964418072298,0.748153082240027,-0.03944651399961308,True
0.8,response,16,6,0.02220943872405718,0.026932416616027004,0.8434848269769692,-0.0025867944517982194,True
0.8,response,17,5,0.025396127660667147,0.029359337900817736,0.500718778810484,-0.004798570899053703,True
0.8,response,18,6,0.09082273728843844,0.11503599943575371,0.5709587621962341,-0.031817378731245544,True
0.8,response,19,2,0.07319255373776747,0.09178562875567904,0.4737533392579419,-0.021181097157748737,True
0.8,response,20,4,0.05832647966729161,0.07145537005193395,0.3544077323385858,-0.020825510427509804,True
0.8,response,21,4,0.04041590000988131,0.05065906652084532,0.5747738812668032,-0.009610859788850859,True
0.8,response,22,1,0.0291969394880782,0.035107265152945114,0.3353658573083403,-0.005415988656905753,True
0.8,response,23,3,0.08343275258266117,0.09912550229817084,0.38506473961841187,-0.04803984782124789,True
0.8,response,24,5,0.07596789845779311,0.09254661566374048,0.4111959278473495,-0.025088772533837497,True
0.8,response,25,3,0.03648949887968091,0.043648446322732175,0.33180171044426865,-0.011042190064838218,True
0.8,response,26,4,0.01655320519227543,0.01944868066158935,0.5432704982624897,-0.0027890661414806985,True
0.8,response,27,2,0.025547847994608644,0.03200568917700637,0.43377779532968574,-0.003103269257049174,True
0.8,response,28,6,0.04590200262470261,0.05681092928090809,0.5259756142512824,-0.011472886278182968,True
0.8,response,29,1,0.08424455966512603,0.11041155687256535,0.580678114494627,-0.022969573766193796,True
0.8,response,30,3,0.06415622069522346,0.0755606149048123,0.5318501867425555,-0.027406871597480082,True
0.8,response,31,5,0.02424003986808034,0.029105703015124305,0.5295076091485856,-0.0033017772699937857,True
0.8,response,32,2,0.041896844367878064,0.04898148440028259,0.5033392337909551,-0.009443171401611111,True
0.8,response,33,1,0.03361782172260557,0.044719313417342296,0.6314117352154166,-0.0033446227205894464,True
0.8,response,34,5,0.06468006809768377,0.07415510205365426,0.41401658922083573,-0.03545697613810706,True
0.8,response,35,5,0.05812317657973758,0.06892029984083012,0.3004837825186202,-0.0266489971346494,True
0.8,response,36,2,0.020822859411388926,0.026395909484174557,0.4910917465691676,-0.0016670107568601922,True
0.8,response,37,4,0.058761893031767015,0.07061099532808303,0.5919743728707915,-0.015649738803189837,True
0.8,response,38,5,0.03601498520860017,0.045523407727923085,0.6088655511397283,-0.00592809518082767,True
0.8,response,39,3,0.04921039019822561,0.061594348659347806,0.510136414966828,-0.010702072580884056,True
0.8,response,40,6,0.05829681985842275,0.06815161660444995,0.5161743443361693,-0.02889800325209763,True
0.8,response,41,5,0.06649009593852316,0.08157421351411458,0.47268713865886197,-0.021185648764196083,True
0.8,response,42,4,0.03408668365559919,0.039314809922102484,0.5602243050461768,-0.01246322730287874,True
0.8,response,43,2,0.027222030216599757,0.03283736166466913,0.5117768855780581,-0.0040098380670228265,True
0.8,response,44,2,0.02955174577120293,0.03701768789606386,0.6207456773635893,-0.004827885543894349,True
0.8,response,45,1,0.041281656754028465,0.0513522038161759,0.38218612273358843,-0.009240170980523047,True
0.8,response,46,6,0.09030139047764178,0.11363854369737042,0.4923983714886457,-0.030820050733799828,True
0.8,response,47,3,0.060439488309135245,0.07284639407861519,0.4875266839032588,-0.019158230390137105,True
0.8,response,48,3,0.045350820045648055,0.058214407656466086,0.5236339372625334,-0.010069495893067312,True
0.8,response,49,5,0.13153494430270163,0.17600516621673426,0.6475878992393167,-0.047252917921769805,True
0.8,response,50,2,0.03312110214644587,0.042767113375913,0.5285860453243689,-0.003912254950211194,True
0.8,response,51,3,0.11271979694263377,0.139029683465128,0.48556459958405906,-0.04909357936083602,True
0.8,response,52,1,0.008730108496445215,0.0113218090966375,0.5512134267028476,-0.00026086726021546796,True
0.8,response,53,6,0.0700213402715715,0.0865819392562549,0.5875242832369595,-0.024379786080597845,True
0.8,response,54,5,0.13415110601106375,0.17752089729190174,0.6379522911917426,-0.06226814712255599,True
0.8,response,55,5,0.08720955330620826,0.10450019329398569,0.7399195547116326,-0.045129090659375724,True
0.8,response,56,6,0.08282521576912127,0.10016406462715512,0.5450572933862564,-0.036827859847713994,True
0.8,response,57,5,0.0588621167856066,0.0704646545009346,0.7011194258568503,-0.021926525001539746,True
0.8,response,58,1,0.03952530825717601,0.054704438777585025,0.7596961179093893,-0.003866107658253154,True
0.8,response,59,2,0.06500184902289786,0.08026600757491818,0.5519809748255142,-0.021091180300267878,True
0.8,response,60,1,0.03736151407044649,0.04488858420942155,0.30972833599000626,-0.009994049991548756,True
0.8,response,61,6,0.09403273979627381,0.11858756736885366,0.4999166776218904,-0.03439938361703827,True
0.8,response,62,4,0.03910493805192491,0.049540695880959,0.4810520358501759,-0.007140606777397167,True
0.8,response,63,3,0.04858221159497928,0.06503968111015952,0.6940600789500257,-0.006953747117778814,True
0.8,response,64,3,0.05479868516679916,0.06717523980726178,0.6403810513432836,-0.01411282733708287,True
0.8,response,65,5,0.06976379508011613,0.08806697617626519,0.8268638330179857,-0.027622078216283145,True
0.8,response,66,6,0.059850698301491326,0.07323427429712835,0.5761074023027378,-0.016010180160342807,True
0.8,response,67,1,0.018718084148086685,0.022876008919433442,0.3396860692690276,-0.0022195903887467683,True
0.8,response,68,1,0.06785513669459303,0.08626600198590047,0.4808128225566955,-0.01850338667603197,True
0.8,response,69,5,0.04295876162617955,0.051735787303311666,0.34344280880419364,-0.009450305519066931,True
0.8,response,70,1,0.0698180951361134,0.08916534162847133,0.46337808453740126,-0.020691251545660826,True
0.8,response,71,6,0.035372713446162496,0.04312679908644447,0.586288739509495,-0.007388836949394421,True
0.8,response,72,1,0.030485489649065643,0.03930850850015643,0.5502096536807272,-0.003170186234751367,True
0.8,response,73,1,0.05589451386642502,0.07003359888467642,0.4389247703177948,-0.014020135068887165,True
0.8,response,74,6,0.06064263006805007,0.07348738174947134,0.5821556063963124,-0.02041110723728267,True
0.8,response,75,4,0.09109468210655544,0.11461904291811745,0.5882344148128255,-0.03738006839947702,True
0.8,response,76,5,0.05520652998708363,0.06495652155137635,0.6408422924943529,-0.025373956585980288,True
0.8,response,77,2,0.033703678958209075,0.042217123013422155,0.4409955939457338,-0.005670515610261254,True
0.8,response,78,6,0.06467793806163484,0.08394018416019144,0.6361555201543679,-0.017831524437722214,True
0.8,response,79,6,0.08573605917069728,0.10695769452015527,0.5090559719048222,-0.038907805508184484,True
0.8,response,80,2,0.03342628751067377,0.04360000011972968,0.5809290290740337,-0.00394244647993831,True
0.8,response,81,3,0.07218080981600875,0.08580143266043272,0.499838039846785,-0.02905522963495994,True
0.8,response,82,1,0.047489355987341275,0.05905068955444601,0.3830757864463204,-0.012182162251533088,True
0.8,response,83,4,0.07094370813513323,0.08742014162669126,0.4550454636185531,-0.02459422673761974,True
0.8,response,84,4,0.04634098476672278,0.05892989145110446,0.5407835538001766,-0.009114501595969377,True
0.8,response,85,2,0.0287361203466877,0.03447549311935522,0.4549912011598593,-0.0036160515498850094,True
0.8,response,86,2,0.03636581311477064,0.04669180047273072,0.5049208020112151,-0.005007929018036556,True
0.8,response,87,2,0.009081340840295847,0.011744974621609377,0.5573417435598745,-0.0002631233541284092,True
0.8,response,88,1,0.0011402514275205028,0.0014707632275146182,0.5573896238703305,-4.363156141206426e-06,True
0.8,response,89,5,0.11830970918393947,0.1583704707123351,0.6920466886035229,-0.03596357329024405,True
0.8,response,90,3,0.07260138703181543,0.0898470318412069,0.5282513941227861,-0.021878310440353092,True
0.8,response,91,6,0.08782257868299845,0.10805259442135985,0.5074835436932533,-0.03770564331502925,True
0.8,response,92,4,0.051486615069571924,0.060859988560869084,0.6843502297418497,-0.014096946270337954,True
0.8,response,93,6,0.10060029496711735,0.12323345752162802,0.614768854664468,-0.05811819599493659,True
0.8,response,94,3,0.1191686669874246,0.15447066538900067,0.5936436594898913,-0.04802930105202064,True
0.8,response,95,4,0.10051222493313004,0.12254801409586347,0.45937564667158987,-0.0524508248985631,True
0.8,response,96,4,0.09324436756172409,0.11460995690757111,0.4675162166389016,-0.03810002845944098,True
0.8,response,97,6,0.10437032972524021,0.13161625322732548,0.49085102082427984,-0.05307641381952343,True
0.8,response,98,5,0.018603208429528256,0.021742844753839616,0.4431120195024294,-0.0028256249074793374,True
0.8,response,99,1,0.01202581317987345,0.015359696019726704,0.48865854752200283,-0.0005712902841995453,True
0.8,response,100,1,0.013380557204857018,0.016657058080536646,0.4219250395598551,-0.0008435986518658464,True
0.8,response,101,5,0.06022291136618938,0.08092760963169218,0.9126616626822884,-0.01288225782781181,True
0.8,response,102,6,0.10898325436274678,0.13466043592587912,0.5500137854363777,-0.05894041446175737,True
0.8,response,103,4,0.051513747710138016,0.06382840829937332,0.860216200829043,-0.014332899053650405,True
0.8,response,104,1,0.07388091781806418,0.0923574013097858,0.4559694308345432,-0.02318556151152262,True
0.8,response,105,6,0.06727137353966091,0.08105639742996827,0.5695186686084477,-0.02635670503005008,True
0.8,response,106,3,0.052310339793908416,0.06468533576818464,0.40267066458149103,-0.01584393828472377,True
0.8,response,107,4,0.05266994199312987,0.061184432618696154,0.3496882616484159,-0.023061720852230752,True
0.8,response,108,6,0.09613908961286068,0.12329666608465471,0.6263323537499451,-0.033524674492464136,True
0.8,response,109,2,0.028439546775756577,0.03413227252040373,0.37788858588514734,-0.004271966346449094,True
0.8,response,110,5,0.04786616282709539,0.05928881545994548,0.4458433962460782,-0.011784876947636223,True
0.8,response,111,4,0.0777466350625335,0.09509964698470798,0.4853724663230785,-0.025425000790442943,True
0.8,response,112,4,0.05371387031706735,0.06388574708049077,0.5306097211089774,-0.016912072895802727,True
0.8,response,113,5,0.03609016359688905,0.04220518621087395,0.5225970375066809,-0.010148202175397539,True
0.8,response,114,4,0.06099539013059555,0.0731141104610764,0.48753238734856175,-0.021298874942300976,True
0.8,response,115,3,0.10224184183244471,0.1307274304642176,0.5053609872072248,-0.048745544410990695,True
0.8,response,116,6,0.10020533635412328,0.13116061535424053,0.6358958028470917,-0.048929900928905,True
0.8,response,117,5,0.03642368646132492,0.04248208183194206,0.4513284091517564,-0.012232764891329153,True
0.8,response,118,4,0.1001611278197964,0.12900576764385482,0.5733613094887292,-0.03809396613585213,True
0.8,response,119,2,0.012116070149832034,0.015519220992764985,0.5646396280375526,-0.0005486784542918137,True
0.8,screening,0,3,0.12793776130000717,0.12494044096449226,0.6005137459401436,0.019219148623812462,True
0.8,screening,1,6,0.15871245360471323,0.15165489681896252,0.9812315498175036,-0.01900668773604866,True
0.8,screening,2,5,0.0995991361802434,0.0907147801667391,1.0246213909198458,0.0148042571443759,True
0.8,screening,3,3,0.19216057849115264,0.1606808826842474,0.9486073999491802,0.030882125547574725,True
0.8,screening,4,5,0.12830211260864327,0.09869715839817979,1.40272755049284,0.033405045638999084,True
0.8,screening,5,6,0.336068298963084,0.24045589658418656,1.0968848145742174,0.15657949634843862,True
0.8,screening,6,2,0.1688764949326086,0.1685336762607978,0.9948324363535485,-0.015161130458867174,True
0.8,screening,7,3,0.13014430390753143,0.11939016896913734,0.9436418209951543,0.02745717755448079,True
0.8,screening,8,5,0.12989645568477298,0.11997858829556167,0.5734680044201136,-0.0008197387158818687,True
0.8,screening,9,3,0.13523617843775107,0.11253429179086369,0.6582191722376657,0.02994189264727534,True
0.8,screening,10,2,0.12694511440101888,0.12710291649351985,1.962601849587986,-0.008933244981780197,True
0.8,screening,11,4,0.1116433418348931,0.11844956964530444,0.662478229510654,-0.016079359250811675,True
0.8,screening,12,2,0.18674720656227206,0.16822260360491875,0.7961113313055288,0.02141167459882478,True
0.8,screening,13,5,0.13955838865661338,0.11417025265734151,0.7505326215284557,0.018842030476466577,True
0.8,screening,14,4,0.1485337724078682,0.13806730645029208,1.2633370120092666,-0.018355334249970916,True
0.8,screening,15,3,0.1391624489737727,0.12376108113062555,0.8480697629068338,0.042979712668104034,True
0.8,screening,16,3,0.2057495458580892,0.1855551020578101,1.110339834649285,0.04249279046257118,True
0.8,screening,17,3,0.1781457172844545,0.13986654213817146,1.472254838690346,0.029702998909097535,True
0.8,screening,18,2,0.1482882031635698,0.13892675120262807,1.0714180567697031,0.007185375002999581,True
0.8,screening,19,6,0.19204706308697736,0.1573389439818076,1.2181588927624056,0.01692083114024525,True
0.8,screening,20,3,0.10035227430227385,0.10260640500653065,0.9784682863325258,0.008845592760404166,True
0.8,screening,21,5,0.16501923949908925,0.14363054961580438,0.7614674935262051,0.03397910785723639,True
0.8,screening,22,5,0.1201174369813743,0.1268581862339964,0.9837871346272501,-0.004912368858093769,True
0.8,screening,23,3,0.11999093214141593,0.09984975954260615,1.1465889280317534,0.007036053566267192,True
0.8,screening,24,1,0.2790336798964501,0.23922668927997165,1.7757694578203371,0.014071486225670837,True
0.8,screening,25,2,0.24996187626475178,0.21294054426943754,0.8395025975898003,0.049216798777092126,True
0.8,screening,26,1,0.18095117910617783,0.16078886525250155,0.880418941109281,0.01709387979665038,True
0.8,screening,27,4,0.23251871584313236,0.1936221230881525,0.9104570310160816,0.05266659496342826,True
0.8,screening,28,6,0.10026921904522725,0.10212354770792527,1.4648159969158647,0.0009792465673035813,True
0.8,screening,29,1,0.13661932697376675,0.1384835539795896,1.5214002198515482,-0.0013203880337847522,True
0.8,screening,30,3,0.10213237133107857,0.09489830504204097,1.6348026795481287,-0.0034608573842398976,True
0.8,screening,31,6,0.1641999396661957,0.1284049818515494,0.5875681289238633,0.0765459664550649,True
0.8,screening,32,3,0.233150379492247,0.203882643584755,0.7104624410287669,0.061520469083912344,True
0.8,screening,33,3,0.3013168810118545,0.22850350522676957,1.6838809301879145,0.031801260366933023,True
0.8,screening,34,3,0.14402811144051067,0.138980466501014,0.9641087879923844,0.03728275184171853,True
0.8,screening,35,3,0.1530253525993536,0.17139640111033025,0.9579385740903541,-0.05797363450188332,True
0.8,screening,36,5,0.24175870766211513,0.1611451252783683,1.8201621394360976,0.08244991341443134,True
0.8,screening,37,6,0.14634684715045046,0.1604961041578959,0.8069376141512781,-0.014600489058331542,True
0.8,screening,38,4,0.2736787130781319,0.21088170881257956,1.7933603808732794,0.09005628059561112,True
0.8,screening,39,5,0.23500942515794013,0.23637971344316233,1.2996272099814066,-0.010397861853950698,True
0.8,screening,40,5,0.20050049569529085,0.16728470318411245,0.7110320887859382,0.1084096447486534,True
0.8,screening,41,4,0.11315151470570387,0.10187741162849838,0.8724321305195368,-0.007278508174015284,True
0.8,screening,42,1,0.07813440418843534,0.07811188942298966,0.8063220691090596,-0.0005178681619603324,True
0.8,screening,43,3,0.24353654855058252,0.18387445346801307,0.8729715708728363,0.04343262812234112,True
0.8,screening,44,1,0.14082430260001774,0.1381966074055365,1.2226975593836429,0.029753749872401203,True
0.8,screening,45,6,0.14533906086428966,0.16242102529938948,1.1504974806777997,-0.01512146870677617,True
0.8,screening,46,5,0.12483719324919869,0.10947186693638318,0.5474180079976001,0.03724008826001183,True
0.8,screening,47,6,0.18348959715873003,0.1427362153759427,0.573152887713789,0.07183458787772336,True
0.8,screening,48,4,0.15434424924968285,0.12879696710293576,1.3044198400982001,0.009887781988922421,True
0.8,screening,49,6,0.11656262307173643,0.11503299381944791,1.0653621522796553,-0.022486688736454274,True
0.8,screening,50,6,0.08760007886137441,0.08873620636526527,0.6351625135828697,-0.020049648820503214,True
0.8,screening,51,5,0.1461984268619353,0.1343282645630406,0.5977105379208982,0.04392711095190678,True
0.8,screening,52,5,0.20356562287659713,0.154495578465527,0.8416343479342994,0.04790189274781995,True
0.8,screening,53,3,0.16646854409693562,0.1418222275703575,0.7052117799793152,0.04041035928533796,True
0.8,screening,54,6,0.1436919974298384,0.1365981408876739,0.8416711644812822,0.03100323844797053,True
0.8,screening,55,1,0.19656615969386676,0.15892870891284147,0.627740954532607,0.10122125223304056,True
0.8,screening,56,1,0.106622229733981,0.09751055381125374,0.66524997321931,0.04267285676524371,True
0.8,screening,57,6,0.16154158496611654,0.13398846059737082,0.7658662600460695,0.009758188258259576,True
0.8,screening,58,1,0.11956565266107849,0.10365960257079146,0.7367620038442603,0.033448253284733505,True
0.8,screening,59,2,0.18296053226105063,0.15199373199121377,1.2189508546829653,0.04978474250707677,True
0.8,screening,60,5,0.12314365942368932,0.14529497466218214,1.3118655648725652,-0.04362490650504871,True
0.8,screening,61,1,0.12014644827320246,0.11759587800258725,1.323058740701601,0.028452123761632187,True
0.8,screening,62,2,0.09460309842524194,0.08960877423131754,0.7373946780944713,0.01902508775362815,True
0.8,screening,63,4,0.1699243399675127,0.17215552738769785,1.0204993190528233,-0.03447544632299376,True
0.8,screening,64,3,0.25654518920254094,0.2054197398051259,1.1815999058917968,0.09042098528421341,True
0.8,screening,65,5,0.13877218133482785,0.148142559916543,0.715650809905569,-0.027783622441966922,True
0.8,screening,66,5,0.11088974941704477,0.10258684514158861,0.7530351415256185,0.03496791958388897,True
0.8,screening,67,2,0.09251324345648619,0.09442290282503946,0.7900203747550708,-0.00286023336692753,True
0.8,screening,68,6,0.11459502890296028,0.10496566634156655,0.7054760467284936,0.01127290756698493,True
0.8,screening,69,3,0.13961145862759955,0.12536668566509188,1.9771515254794545,0.018159441123008345,True
0.8,screening,70,3,0.1787487648024788,0.15395903217553075,1.435870483848029,0.051259074909884544,True
0.8,screening,71,3,0.24471343002043103,0.20548013807632026,0.9834110024420706,0.04496500786938169,True
0.8,screening,72,3,0.22451693479211127,0.22560184091029067,0.7206191591933528,-0.01224222187335249,True
0.8,screening,73,4,0.2813007437363987,0.2107557314861571,1.5386764594080142,0.08987962247744062,True
0.8,screening,74,3,0.13729326926218183,0.11125331538641549,1.4883599285354698,0.0389379821231137,True
0.8,screening,75,2,0.1375997637124479,0.13251858615980305,0.7859572910866184,-0.031147960343917133,True
0.8,screening,76,2,0.38860058289685806,0.29552698032718683,1.8471824455563073,0.06378040393161992,True
0.8,screening,77,3,0.14782821417533548,0.135617187954145,0.6969019027890567,-0.007270652647315833,True
0.8,screening,78,2,0.09936063885718997,0.092059234981241,0.9913699798674412,0.02785546450450464,True
0.8,screening,79,2,0.19812146214923143,0.1644021345844871,0.6390387001252592,0.09482217862123117,True
0.8,screening,80,2,0.18581505963578301,0.1574119586421981,1.23087532404513,0.09286652475832034,True
0.8,screening,81,4,0.20262638506586841,0.17673885762329392,0.7338771359448887,0.04336296897755605,True
0.8,screening,82,6,0.2360828595815601,0.20314434448977303,1.3952132487782467,0.06524927830655727,True
0.8,screening,83,5,0.10289871007941423,0.09893696001481055,0.6407175128530115,-0.012801656061820923,True
0.8,screening,84,1,0.2565238238833714,0.23894545373160142,1.5680051982678453,0.0023813281250973984,True
0.8,screening,85,3,0.19784788902126035,0.17050033591666353,1.3162555566864775,0.008458757122039163,True
0.8,screening,86,1,0.11264800439612714,0.10826019904203084,1.3075535284433535,0.019904313360530307,True
0.8,screening,87,6,0.168896248735993,0.169064163250656,1.258670688868819,-0.03210427706245982,True
0.8,screening,88,3,0.13831504610734122,0.1324832065155481,1.0027202652581049,0.001946803769565745,True
0.8,screening,89,6,0.19623691564718979,0.17173290151854595,0.9189987226462248,0.03322520470611918,True
0.8,screening,90,6,0.1553836833717107,0.15123996855784216,1.1666362128646495,-0.0004848807679573122,True
0.8,screening,91,2,0.2414257463637382,0.20765430352173872,1.24199528487976,0.12498114689240465,True
0.8,screening,92,6,0.14142492687998384,0.13413462739836063,0.846951149909676,0.023005026036703298,True
0.8,screening,93,4,0.15201109287953307,0.14014477008987522,1.0984946135545217,0.038363097168779434,True
0.8,screening,94,2,0.13338757335699888,0.12000754505931416,1.145496518384287,0.02039462195260504,True
0.8,screening,95,3,0.23311404264484356,0.24488991176975625,1.0223469849105007,0.01639372753522106,True
0.8,screening,96,6,0.19341510860729771,0.1575560866696036,0.8191460916794668,0.07298908015128437,True
0.8,screening,97,5,0.1275134809582308,0.11951498186282604,0.4293537983953132,0.014715701113480606,True
0.8,screening,98,3,0.2076679268262456,0.18738834945644256,0.9472902041016953,0.00880960043529991,True
0.8,screening,99,6,0.1652802988296174,0.13066428593479237,0.6853128853491013,0.08164319632678256,True
0.8,screening,100,3,0.15117758252316565,0.14863194549778697,0.7655045778164936,0.014362986285439746,True
0.8,screening,101,6,0.18641668123430685,0.1445573998474003,0.856614928578238,0.07251865112640073,True
0.8,screening,102,6,0.23090737619168622,0.20153246688189938,1.036239061872869,0.032898841655131274,True
0.8,screening,103,1,0.14351653802268088,0.12043789756918678,0.8975450188000536,0.017900632023830822,True
0.8,screening,104,3,0.1654694346453958,0.16542116582201688,0.761544268302808,-0.03261983918112942,True
0.8,screening,105,6,0.17301341032498485,0.19804154462912849,0.6890716121821121,-0.025555879268628127,True
0.8,screening,106,3,0.1357585989900345,0.1494328598613195,0.7645759148565597,-0.03349136243929656,True
0.8,screening,107,5,0.16673920474039283,0.1385100664739479,0.7044723592770119,0.048623635561415364,True
0.8,screening,108,6,0.13388589075215854,0.11346871656465238,0.7902768892213474,0.03793723531712457,True
0.8,screening,109,4,0.17411248936434734,0.1353970917336849,2.342344757464219,0.0524952855230933,True
0.8,screening,110,1,0.16056799663001078,0.1556314160626814,1.8820791386657734,0.003513103515540261,True
0.8,screening,111,4,0.17605058201438076,0.15483530294472214,0.6833018582485544,0.0326934511986048,True
0.8,screening,112,3,0.1152266169270184,0.1264205706499696,0.6707701566970098,-0.022933999385791617,True
0.8,screening,113,4,0.12859400017469344,0.12231929541648506,0.761757765495847,-0.012355632113591563,True
0.8,screening,114,1,0.12039461504034094,0.11005658219109271,0.6774030753690232,0.033131926586103304,True
0.8,screening,115,1,0.07294225046577885,0.07415857104258365,0.5514802700961283,-0.0037919598187476653,True
0.8,screening,116,3,0.20638258211102797,0.18719041327800892,0.9462898998892997,0.04212476045746681,True
0.8,screening,117,1,0.19999707958065563,0.18672979610623527,1.1509645000380373,-0.011673394234573841,True
0.8,screening,118,3,0.12244011222257126,0.12811448126509786,0.5823790077756121,-0.018157768370433897,True
0.8,screening,119,6,0.14852578664445015,0.1309007538143427,0.7866822880089803,0.017123550851827304,True
0.8,joint,0,1,0.04376983749680479,0.04270695640920131,0.3421698054844219,0.012488696577521764,True
0.8,joint,1,6,0.06568711004174638,0.07070740035242636,0.37620881688458274,-0.0189882805198282,True
0.8,joint,2,1,0.06272368562154446,0.06619811647913838,0.4543906732026964,-0.0001742912258847252,True
0.8,joint,3,4,0.05166968032378613,0.0549254152218859,0.339680442112896,-0.018950736347895403,True
0.8,joint,4,4,0.06710375183319323,0.07395930293575732,0.3280529211202794,-0.022746989925675087,True
0.8,joint,5,1,0.03959556333773628,0.04018190178369492,0.30557958344921876,-0.010232977856585005,True
0.8,joint,6,4,0.08727886712911206,0.08626070811446833,0.3174697923251763,0.00800174160513768,True
0.8,joint,7,1,0.047393872509521796,0.04995006286913066,0.27590654774929463,-0.014022912802709503,True
0.8,joint,8,4,0.08248389660596357,0.0928620294624394,0.3277642068719365,-0.004958821543868042,True
0.8,joint,9,6,0.056378281412691314,0.06440233506473295,0.3793308593840434,-0.010567707846678383,True
0.8,joint,10,2,0.04604884885742299,0.04690770448809826,0.30605800738615657,-0.0011917853587793267,True
0.8,joint,11,2,0.074588322158226,0.07047902822783593,0.24583071452975613,0.013914811244297338,True
0.8,joint,12,3,0.05851714970589435,0.0642272961253835,0.3508954586032747,-0.010443756827409799,True
0.8,joint,13,6,0.07031488968382281,0.07681808649709529,0.2933802853469444,-0.015496605999508247,True
0.8,joint,14,3,0.05243269663805555,0.05097272234941541,0.24573720530341853,0.013257152871988998,True
0.8,joint,15,3,0.05467132050125993,0.06097138506615561,0.2900351370723664,-0.01466755285391109,True
0.8,joint,16,6,0.04783853254636024,0.05282951728260361,0.31905587388869,-0.014897805784158143,True
0.8,joint,17,6,0.0604250239947457,0.061032323499908725,0.3807552558390445,-0.012047843267408438,True
0.8,joint,18,3,0.06834156334004722,0.06339478903019717,0.3177767985539132,0.040018404984248954,True
0.8,joint,19,1,0.06547583795309274,0.07028800736273641,0.39349361023348756,-0.018610709720615584,True
0.8,joint,20,4,0.0703202706621988,0.07000733499425033,0.29891637827918816,0.006317893461932023,True
0.8,joint,21,5,0.05072757094877148,0.05386818112845056,0.2533905625032608,-0.008449855776497784,True
0.8,joint,22,6,0.07018651976344939,0.08053453044501088,0.4315586784508405,-0.0273907131877718,True
0.8,joint,23,6,0.09710641776654783,0.11290816000703595,0.49791627087006834,-0.052551495135167055,True
0.8,joint,24,1,0.06587403492467964,0.06641157805670124,0.31852958186451624,0.0026763540455151374,True
0.8,joint,25,3,0.05681384963892166,0.05491469107572788,0.29552074953432467,-0.01178056935111143,True
0.8,joint,26,4,0.08964119610636977,0.10514063502683563,0.29686918731115153,-0.035507040233513,True
0.8,joint,27,6,0.05218029902718643,0.05471282365592377,0.3062800106349805,-0.005145388665085573,True
0.8,joint,28,4,0.05895230152813062,0.06443581659002345,0.44528275305765197,0.002562095442303132,True
0.8,joint,29,4,0.0716711477352421,0.07871388189345507,0.270882649486513,-0.007525802000795811,True
0.8,joint,30,4,0.07583525023165251,0.07973155704127802,0.3577270711945832,-0.007643786035686057,True
0.8,joint,31,5,0.05489858900850949,0.056459190011426665,0.35178189698021967,-0.0069982060947845984,True
0.8,joint,32,2,0.08036690147610463,0.08746944227228146,0.4054397310070679,-0.014821639481821684,True
0.8,joint,33,1,0.043947429453772925,0.04266231350442871,0.319008235081575,0.002091613858420971,True
0.8,joint,34,3,0.06631921330471104,0.07294235223954408,0.42781592422346154,-0.00010997421395572685,True
0.8,joint,35,1,0.053600944401887944,0.05658178117062615,0.3206690534216408,-0.013111421210804447,True
0.8,joint,36,4,0.03863388168061397,0.03961730640568665,0.29105507389153834,0.011158849804709523,True
0.8,joint,37,4,0.0789565103654979,0.09287314655809738,0.3433923301233423,-0.04529338916329228,True
0.8,joint,38,6,0.12179729887374727,0.11437029247464164,0.3232338583955532,0.015111383094549647,True
0.8,joint,39,3,0.050985047727335135,0.05297538747979174,0.4082998348449211,-0.007982271542270542,True
0.8,joint,40,1,0.0652291453408757,0.06441901686657167,0.298363770582025,0.0018882183989285199,True
0.8,joint,41,1,0.0521589874306096,0.05520042043531956,0.34852483912931204,-0.01802149929129582,True
0.8,joint,42,1,0.039929066080137396,0.042943238433682245,0.3042976762551057,-0.003629873356833413,True
0.8,joint,43,6,0.058283782911616,0.06335418335257151,0.33917729668837204,-0.009862090648712421,True
0.8,joint,44,1,0.04067631980106716,0.04031991826909109,0.3603206945712087,0.004834225531398162,True
0.8,joint,45,4,0.07339710552198207,0.0824637082222028,0.3782900703930538,-0.026114931996040845,True
0.8,joint,46,2,0.05067586870509867,0.051626839893656545,0.4105066477984229,-0.005489836965887699,True
0.8,joint,47,5,0.049740029540652944,0.05604504695426681,0.36596727179524563,0.009309204425196307,True
0.8,joint,48,5,0.07152845750113668,0.0809357023013471,0.39402202822350446,-0.005109426353534445,True
0.8,joint,49,1,0.04583556032303702,0.04421410815245197,0.35540357680531015,0.0013871397162764417,True
0.8,joint,50,4,0.06660562447429164,0.07303231201849704,0.4946870844099399,-0.01425463395419571,True
0.8,joint,51,2,0.0719835438445162,0.07343025960129322,0.3648117183094367,0.008621650943605525,True
0.8,joint,52,4,0.06853633690713874,0.07533388199645889,0.29745002676843957,-0.023367017500633518,True
0.8,joint,53,5,0.06320896681062312,0.07056186767730271,0.25840416742528005,-0.0202183283855264,True
0.8,joint,54,6,0.07112948070100458,0.07972850295115827,0.44639971760200203,-0.02167356236431842,True
0.8,joint,55,1,0.045110593047177676,0.0462130320444736,0.2934369559751607,-0.0017687264757751313,True
0.8,joint,56,3,0.08501100088801192,0.09021047920927867,0.32413665617641835,-0.005173708291395807,True
0.8,joint,57,4,0.04866104351019706,0.05367401089784377,0.4057468226893863,-0.01601487593045932,True
0.8,joint,58,2,0.07231617667784947,0.07986344822618995,0.3133525765864788,-0.009422164619023378,True
0.8,joint,59,4,0.06637826649371469,0.06675128594763814,0.23898772860398287,0.004537079586476818,True
0.8,joint,60,4,0.07699014330458695,0.0834779289961336,0.46783390090347515,0.0086242796367655,True
0.8,joint,61,3,0.058776235347023364,0.061577749236148505,0.25486843320603964,-0.01101244988782321,True
0.8,joint,62,4,0.08939011749277138,0.10224597768005084,0.3565919124191143,-0.008965588803590857,True
0.8,joint,63,3,0.06855042583673927,0.07556813341904348,0.26341196842816017,-0.021447186861359747,True
0.8,joint,64,4,0.05404791485720714,0.05696675239050866,0.30849132731993767,0.007772086720347747,True
0.8,joint,65,2,0.08061899505012107,0.09277833025766749,0.34222696712889533,-0.035252569838527974,True
0.8,joint,66,1,0.041269316337063246,0.04126742627995533,0.30152844263884215,0.01155690974818521,True
0.8,joint,67,2,0.06478853301911403,0.07152803773369477,0.3501419085677503,-0.011825839480011207,True
0.8,joint,68,4,0.0547436284466456,0.05966834955755174,0.28531511961244677,-0.011585787048639861,True
0.8,joint,69,5,0.07689442749668086,0.08878396873532525,0.37243631248423775,-0.021558242697050825,True
0.8,joint,70,4,0.05306637206221021,0.051893071857647674,0.39638526792381035,0.01055994111398561,True
0.8,joint,71,3,0.08125189049947383,0.09049734667706354,0.33899564397120996,-0.02998992342278733,True
0.8,joint,72,3,0.03729151344463295,0.03783758690722632,0.2908804151568335,-0.002436698211957802,True
0.8,joint,73,4,0.06755106204944089,0.06985822286483587,0.34951728162808715,0.0013022242568389447,True
0.8,joint,74,6,0.06866785849026297,0.07191063612460062,0.2883527507005976,-0.00771845152327003,True
0.8,joint,75,2,0.08314059016725842,0.08415077909471146,0.3686869708944824,-0.012206943863207441,True
0.8,joint,76,5,0.08834697143253832,0.10168696612056871,0.2893305606564508,-0.03676771825438689,True
0.8,joint,77,5,0.07881096474438799,0.09216771505356677,0.3458648676305319,-0.024802098215063555,True
0.8,joint,78,6,0.06550986829242288,0.07227741528456462,0.3154927090482772,-0.02977652152828364,True
0.8,joint,79,2,0.07933149031231024,0.08220528603856044,0.257663907863508,-0.0003411684929161338,True
0.8,joint,80,5,0.06241030181047484,0.06856795823415111,0.23779839695815408,-0.021015141460044108,True
0.8,joint,81,6,0.051953771025303346,0.057049496931325744,0.39181340431159545,-0.014240245391044593,True
0.8,joint,82,3,0.05980988272910341,0.06204762628603248,0.29058433767226394,-9.045861169937973e-05,True
0.8,joint,83,3,0.05698135542137537,0.06456170566851434,0.33213969760570283,-0.017481769589748557,True
0.8,joint,84,4,0.057197560275494254,0.05987455130446113,0.39473830079927746,-0.0037855204617533575,True
0.8,joint,85,6,0.09138723773622028,0.09535305755233352,0.3389248792261616,-0.002077204375133998,True
0.8,joint,86,4,0.04788462868099726,0.05277303943818136,0.2803356326223614,-0.008272537054247676,True
0.8,joint,87,3,0.06537584236604915,0.07337332628593848,0.3864187608502782,-0.00616436872403935,True
0.8,joint,88,2,0.07368806685534315,0.08307575652538247,0.2436416026740702,-0.031167154298614923,True
0.8,joint,89,1,0.04157136976944111,0.043130813939715,0.29336971597606143,0.005651779877905457,True
0.8,joint,90,6,0.06716590699330434,0.07425055991596079,0.31669011684347675,-0.04396648128179947,True
0.8,joint,91,5,0.05405144321613269,0.05648809786963498,0.3166850583994063,-0.01177616123759423,True
0.8,joint,92,3,0.05527822830878,0.06317563523274465,0.3198563881637669,-0.010790028169820998,True
0.8,joint,93,2,0.07131145973429584,0.07919040153413062,0.4733463377235549,-0.017032689481773906,True
0.8,joint,94,1,0.048518162693899095,0.05234184108706621,0.2745729813015197,-0.005598117094686576,True
0.8,joint,95,3,0.07562383653037016,0.0863243123080602,0.30329547554153724,-0.02382523402103886,True
0.8,joint,96,2,0.08950808010942557,0.10096039582744733,0.351216449620827,-0.0456789528452336,True
0.8,joint,97,2,0.07092350457180577,0.07096929864507717,0.30783417798526963,0.0039939192146378885,True
0.8,joint,98,3,0.06580210970909124,0.0737984088371007,0.40198525457886014,-0.0045162847908583785,True
0.8,joint,99,6,0.05780499244289518,0.06221100577386413,0.45981032694365387,-0.004184100817628047,True
0.8,joint,100,2,0.06931118590683955,0.07784275974670798,0.30882805938556407,-0.02558798972813117,True
0.8,joint,101,1,0.058756204806630435,0.06559411012636222,0.2809379240575713,-0.015578161438705718,True
0.8,joint,102,3,0.0911537430520945,0.11245438840875514,0.4300418663786717,-0.03638273597245549,True
0.8,joint,103,3,0.058491626884474186,0.06202138691372724,0.29492217950961824,-0.02730613179231963,True
0.8,joint,104,3,0.05169402799667134,0.05902549202755547,0.3837998906791161,-0.015221594510426862,True
0.8,joint,105,4,0.06882880234164276,0.07205560827129459,0.2651778811703118,-0.006499178699737212,True
0.8,joint,106,4,0.08426080372137489,0.09536842660073205,0.3732462701576548,-0.02637737416643731,True
0.8,joint,107,2,0.06994900912669147,0.0705029096071507,0.2741370292664098,0.007466496332722912,True
0.8,joint,108,3,0.04236110382708111,0.044145640554224916,0.33467973473772783,-0.0047831149507004634,True
0.8,joint,109,6,0.06989546402846372,0.08146406988685972,0.3936602731473052,-0.015624819315848694,True
0.8,joint,110,3,0.06193554632617423,0.06777431770408862,0.2898814650089442,-0.01216486034885638,True
0.8,joint,111,5,0.05192215337977117,0.05666134420559533,0.5188462765088737,-0.013408260243448879,True
0.8,joint,112,3,0.07486027664446454,0.07932793988833933,0.2650950266893983,-0.01405078020687417,True
0.8,joint,113,1,0.04917060902807935,0.04997964654658413,0.24928820310329908,0.0049372537052228774,True
0.8,joint,114,2,0.06094413472386956,0.06359005256934461,0.3633741451925112,0.004438999116169727,True
0.8,joint,115,2,0.051544675938172586,0.04989721350359796,0.2865768030947487,0.005814846073879144,True
0.8,joint,116,1,0.059453200697586354,0.059840981376886496,0.3776692272246823,-0.0021306867305409135,True
0.8,joint,117,4,0.07485204060405996,0.08378747900170078,0.3250190381127347,-0.021957652191543865,True
0.8,joint,118,6,0.0880468855578191,0.10469015807258938,0.4111778146682995,-0.02339351980426152,True
0.8,joint,119,4,0.08854013806190163,0.09286862508170643,0.33017513755629097,0.0003800233792627597,True
