fold_id,training_days,training_start,training_end,test_start,test_end,panel_a_fold_id,selected_count,selected_drivers,method,chosen_alpha,portfolio_constraint,predicted_variance,realized_variance,realized_annualized_volatility,realized_to_predicted_ratio,qlike,gross_exposure,max_abs_weight,turnover,initial_formation,eigen_floor_activated,net_mean_return_5bps,net_annualized_volatility_5bps,rebalance_cost_5bps,net_mean_return_10bps,net_annualized_volatility_10bps,rebalance_cost_10bps,net_mean_return_20bps,net_annualized_volatility_20bps,rebalance_cost_20bps
1,252,2010-07-02T00:00:00,2011-09-20T00:00:00,2011-09-21T00:00:00,2012-03-21T00:00:00,14,3,Cboe Volatility Index | S&P/BMV IPC | EUR-SEK X-RATE,equal_weight,,long_only,0.0002092288892601327,0.00026057313126998956,0.2562507152771234,1.2453974792459035,-7.226684262084008,1.0000000000000002,0.006666666666666667,1.0000000000000002,True,False,0.0015776398935726554,0.25625071527712345,0.0,0.0015776398935726554,0.25625071527712345,0.0,0.0015776398935726554,0.25625071527712345,0.0
1,252,2010-07-02T00:00:00,2011-09-20T00:00:00,2011-09-21T00:00:00,2012-03-21T00:00:00,14,3,Cboe Volatility Index | S&P/BMV IPC | EUR-SEK X-RATE,sample_covariance,,long_only,5.798433272388862e-05,5.438639225332914e-05,0.11706993998392133,0.9379497822680438,-8.817387927090458,1.0,0.25152511214159656,1.0,True,False,0.0007927388139725069,0.11706993998392135,0.0,0.0007927388139725069,0.11706993998392135,0.0,0.0007927388139725069,0.11706993998392135,0.0
1,252,2010-07-02T00:00:00,2011-09-20T00:00:00,2011-09-21T00:00:00,2012-03-21T00:00:00,14,3,Cboe Volatility Index | S&P/BMV IPC | EUR-SEK X-RATE,ridge_10pct,,long_only,5.807914442609316e-05,5.370597945486396e-05,0.1163353206151327,0.9247033506701509,-8.82900056784178,1.0,0.18391433420569345,1.0,True,False,0.0008434352460419913,0.11633532061513271,0.0,0.0008434352460419913,0.11633532061513271,0.0,0.0008434352460419913,0.11633532061513271,0.0
1,252,2010-07-02T00:00:00,2011-09-20T00:00:00,2011-09-21T00:00:00,2012-03-21T00:00:00,14,3,Cboe Volatility Index | S&P/BMV IPC | EUR-SEK X-RATE,ledoit_wolf,,long_only,5.812308275981703e-05,5.3959606572618586e-05,0.11660969452108123,0.9283679393881559,-8.824579739989948,0.9999999999999998,0.21928086265746957,0.9999999999999998,True,False,0.0008110653200754382,0.11660969452108125,0.0,0.0008110653200754382,0.11660969452108125,0.0,0.0008110653200754382,0.11660969452108125,0.0
1,252,2010-07-02T00:00:00,2011-09-20T00:00:00,2011-09-21T00:00:00,2012-03-21T00:00:00,14,3,Cboe Volatility Index | S&P/BMV IPC | EUR-SEK X-RATE,oas_shrinkage,,long_only,5.7987367778224906e-05,5.415602259089531e-05,0.11682173467683836,0.9339279340634543,-8.821357434002753,1.0,0.235848639135393,1.0,True,False,0.0008007782578284536,0.11682173467683836,0.0,0.0008007782578284536,0.11682173467683836,0.0,0.0008007782578284536,0.11682173467683836,0.0
1,252,2010-07-02T00:00:00,2011-09-20T00:00:00,2011-09-21T00:00:00,2012-03-21T00:00:00,14,3,Cboe Volatility Index | S&P/BMV IPC | EUR-SEK X-RATE,nonlinear_shrinkage_qis,,long_only,5.990369871589103e-05,5.3241414476400196e-05,0.11583106857856769,0.8887834243576768,-8.833988882213053,1.0,0.16147517303388295,1.0,True,False,0.000820378408988619,0.11583106857856769,0.0,0.000820378408988619,0.11583106857856769,0.0,0.000820378408988619,0.11583106857856769,0.0
1,252,2010-07-02T00:00:00,2011-09-20T00:00:00,2011-09-21T00:00:00,2012-03-21T00:00:00,14,3,Cboe Volatility Index | S&P/BMV IPC | EUR-SEK X-RATE,pca_matched,,long_only,4.958091011897881e-05,5.277460891449667e-05,0.11532216372602953,1.0644138800166028,-8.847490794934302,1.0,0.22462321704974952,1.0,True,False,0.0007479237434428839,0.11532216372602953,0.0,0.0007479237434428839,0.11532216372602953,0.0,0.0007479237434428839,0.11532216372602953,0.0
1,252,2010-07-02T00:00:00,2011-09-20T00:00:00,2011-09-21T00:00:00,2012-03-21T00:00:00,14,3,Cboe Volatility Index | S&P/BMV IPC | EUR-SEK X-RATE,pca_plus_two,,long_only,5.213101968763758e-05,5.151442645263868e-05,0.11393698023936279,0.9881722391256981,-8.87357815977341,0.9999999999999998,0.22824752862545475,0.9999999999999998,True,False,0.0007476263753552235,0.1139369802393628,0.0,0.0007476263753552235,0.1139369802393628,0.0,0.0007476263753552235,0.1139369802393628,0.0
1,252,2010-07-02T00:00:00,2011-09-20T00:00:00,2011-09-21T00:00:00,2012-03-21T00:00:00,14,3,Cboe Volatility Index | S&P/BMV IPC | EUR-SEK X-RATE,poet_soft_c0_5,,long_only,5.254858712914339e-05,5.1614103226615106e-05,0.11404715697073298,0.9822167644539767,-8.871555582768694,0.9999999999999999,0.21991555335083093,0.9999999999999999,True,False,0.0007769911741890433,0.11404715697073298,0.0,0.0007769911741890433,0.11404715697073298,0.0,0.0007769911741890433,0.11404715697073298,0.0
1,252,2010-07-02T00:00:00,2011-09-20T00:00:00,2011-09-21T00:00:00,2012-03-21T00:00:00,14,3,Cboe Volatility Index | S&P/BMV IPC | EUR-SEK X-RATE,structured_q0,,long_only,4.578649287304677e-05,5.3294328078576074e-05,0.11588861322753487,1.1639748915984118,-8.827546534177491,1.0,0.19674374861017652,1.0,True,False,0.0007413885366708134,0.11588861322753487,0.0,0.0007413885366708134,0.11588861322753487,0.0,0.0007413885366708134,0.11588861322753487,0.0
1,252,2010-07-02T00:00:00,2011-09-20T00:00:00,2011-09-21T00:00:00,2012-03-21T00:00:00,14,3,Cboe Volatility Index | S&P/BMV IPC | EUR-SEK X-RATE,residual_aware_qr,0.0,long_only,4.578649287304677e-05,5.3294328078576074e-05,0.11588861322753487,1.1639748915984118,-8.827546534177491,1.0,0.19674374861017652,1.0,True,False,0.0007413885366708134,0.11588861322753487,0.0,0.0007413885366708134,0.11588861322753487,0.0,0.0007413885366708134,0.11588861322753487,0.0
2,252,2011-03-21T00:00:00,2012-03-21T00:00:00,2012-03-22T00:00:00,2012-09-19T00:00:00,15,4,S&P/BMV IPC | Cboe Volatility Index | Australian Dollar Spot | EUR-SEK X-RATE,equal_weight,,long_only,0.0002783818587285189,0.00010525746287132708,0.16286460832106656,0.37810460549433766,-7.808412188745926,1.0000000000000002,0.006666666666666667,0.11679223815279996,False,False,0.00031920659526229274,0.16287104848330805,5.839611907639998e-05,0.0003187431339997816,0.1628775302641731,0.00011679223815279996,0.00031781621147475937,0.1628906186618689,0.00023358447630559992
2,252,2011-03-21T00:00:00,2012-03-21T00:00:00,2012-03-22T00:00:00,2012-09-19T00:00:00,15,4,S&P/BMV IPC | Cboe Volatility Index | Australian Dollar Spot | EUR-SEK X-RATE,sample_covariance,,long_only,6.569614346661798e-05,4.183984998825222e-05,0.10268223895610944,0.6368691947574091,-8.993601138577397,1.0,0.24534037168757417,0.4691632029629181,False,False,0.00038029684930762474,0.10267705714304737,0.00023458160148145905,0.00037843509056570835,0.10267294699279204,0.0004691632029629181,0.0003747115730818757,0.10266794216197125,0.0009383264059258362
2,252,2011-03-21T00:00:00,2012-03-21T00:00:00,2012-03-22T00:00:00,2012-09-19T00:00:00,15,4,S&P/BMV IPC | Cboe Volatility Index | Australian Dollar Spot | EUR-SEK X-RATE,ridge_10pct,,long_only,6.611434981047748e-05,3.950120080528813e-05,0.09977125138501876,0.5974678858450813,-9.02665685637978,0.9999999999999998,0.17893209467613358,0.3350918189264803,False,False,0.00044791715394562414,0.09976856043167884,0.00016754590946324016,0.0004465874245054398,0.09976643215437551,0.0003350918189264803,0.0004439279656250708,0.0997638637624018,0.0006701836378529606
2,252,2011-03-21T00:00:00,2012-03-21T00:00:00,2012-03-22T00:00:00,2012-09-19T00:00:00,15,4,S&P/BMV IPC | Cboe Volatility Index | Australian Dollar Spot | EUR-SEK X-RATE,ledoit_wolf,,long_only,6.586509912248761e-05,4.099870182366984e-05,0.10164483685640309,0.6224647403540018,-9.005437119995468,1.0,0.22164262950096034,0.4061792076049132,False,False,0.00039164427864126666,0.10164082335981192,0.0002030896038024566,0.00039003245638886616,0.10163762132451185,0.0004061792076049132,0.0003868088118840653,0.10163365192513595,0.0008123584152098264
2,252,2011-03-21T00:00:00,2012-03-21T00:00:00,2012-03-22T00:00:00,2012-09-19T00:00:00,15,4,S&P/BMV IPC | Cboe Volatility Index | Australian Dollar Spot | EUR-SEK X-RATE,oas_shrinkage,,long_only,6.571054812338176e-05,4.125374895109239e-05,0.10196050576412066,0.6278101481307394,-9.002440947406551,1.0,0.23153101351918687,0.4351951358822952,False,False,0.0003826732702931468,0.10195595554620794,0.00021759756794114757,0.000380946305468217,0.10195233396941769,0.00043519513588229514,0.0003774923758183576,0.10194787710969397,0.0008703902717645903
2,252,2011-03-21T00:00:00,2012-03-21T00:00:00,2012-03-22T00:00:00,2012-09-19T00:00:00,15,4,S&P/BMV IPC | Cboe Volatility Index | Australian Dollar Spot | EUR-SEK X-RATE,nonlinear_shrinkage_qis,,long_only,6.781238495277902e-05,3.870959510405058e-05,0.0987664819977949,0.5708337073088625,-9.027932003470953,1.0,0.16945465276291866,0.30566620168268976,False,False,0.00044862692428739216,0.09876296805563554,0.00015283310084134488,0.0004474139631696036,0.0987599270145694,0.00030566620168268977,0.0004449880409340268,0.09875526380367179,0.0006113324033653795
2,252,2011-03-21T00:00:00,2012-03-21T00:00:00,2012-03-22T00:00:00,2012-09-19T00:00:00,15,4,S&P/BMV IPC | Cboe Volatility Index | Australian Dollar Spot | EUR-SEK X-RATE,pca_matched,,long_only,5.872209597613025e-05,3.78084342717569e-05,0.09761006831512177,0.643853623466123,-9.098840856412535,0.9999999999999998,0.21604636433477706,0.2903739226801333,False,False,0.0003695803745029191,0.09760872591539864,0.00014518696134006666,0.0003684280970319662,0.0976078154155038,0.0002903739226801333,0.00036612354209006033,0.09760729015781186,0.0005807478453602667
2,252,2011-03-21T00:00:00,2012-03-21T00:00:00,2012-03-22T00:00:00,2012-09-19T00:00:00,15,4,S&P/BMV IPC | Cboe Volatility Index | Australian Dollar Spot | EUR-SEK X-RATE,pca_plus_two,,long_only,6.0698409355583475e-05,3.873892394807311e-05,0.09880389078834104,0.6382197550043315,-9.071373310252946,1.0,0.2168934412977147,0.28089175025260404,False,False,0.0003686031014780553,0.09880217578476108,0.00014044587512630202,0.0003674884516754656,0.09880086004112816,0.00028089175025260404,0.0003652591520702862,0.09879942639266792,0.0005617835005052081
2,252,2011-03-21T00:00:00,2012-03-21T00:00:00,2012-03-22T00:00:00,2012-09-19T00:00:00,15,4,S&P/BMV IPC | Cboe Volatility Index | Australian Dollar Spot | EUR-SEK X-RATE,poet_soft_c0_5,,long_only,6.108158626173407e-05,3.9025271054700616e-05,0.09916838359973684,0.638904020722017,-9.064396086997645,1.0,0.20673474872805692,0.23777561678707132,False,False,0.0003697973767543789,0.09916637764776016,0.00011888780839353565,0.0003688538227195095,0.0991646567231277,0.0002377756167870713,0.0003669667146497709,0.09916207001279626,0.0004755512335741426
2,252,2011-03-21T00:00:00,2012-03-21T00:00:00,2012-03-22T00:00:00,2012-09-19T00:00:00,15,4,S&P/BMV IPC | Cboe Volatility Index | Australian Dollar Spot | EUR-SEK X-RATE,structured_q0,,long_only,5.16741961530642e-05,3.771414515118965e-05,0.097488279183191,0.7298448347309852,-9.140707173605238,1.0,0.16551672062535824,0.2779849449681408,False,False,0.0004387001112641033,0.09748562844916595,0.0001389924724840704,0.0004375969964031186,0.09748337399673596,0.0002779849449681408,0.00043539076668114925,0.09748005404180757,0.0005559698899362816
2,252,2011-03-21T00:00:00,2012-03-21T00:00:00,2012-03-22T00:00:00,2012-09-19T00:00:00,15,4,S&P/BMV IPC | Cboe Volatility Index | Australian Dollar Spot | EUR-SEK X-RATE,residual_aware_qr,0.5,long_only,5.918519246166418e-05,3.996211707773931e-05,0.10035164923203957,0.6752046485888143,-9.059634526109313,1.0,0.2043113305532075,0.37098613827884175,False,False,0.0003779509102027874,0.10034742694566393,0.00018549306913942087,0.00037647874298739516,0.10034389027915552,0.00037098613827884173,0.0003735344085566106,0.10033887408168021,0.0007419722765576835
3,252,2011-09-21T00:00:00,2012-09-19T00:00:00,2012-09-20T00:00:00,2013-03-26T00:00:00,16,3,Cboe Volatility Index | BRAZIL IBOVESPA INDEX | DAX INDEX,equal_weight,,long_only,0.0001825837490782971,4.9875316578496165e-05,0.11210967744927747,0.27316405118348297,-8.335137539961053,1.0000000000000002,0.006666666666666667,0.11209664259945505,False,False,0.0007883462631012249,0.11211282662087435,5.604832129972752e-05,0.0007879014351544016,0.11211603174265804,0.00011209664259945504,0.0007870117792607552,0.11212260981750961,0.0002241932851989101
3,252,2011-09-21T00:00:00,2012-09-19T00:00:00,2012-09-20T00:00:00,2013-03-26T00:00:00,16,3,Cboe Volatility Index | BRAZIL IBOVESPA INDEX | DAX INDEX,sample_covariance,,long_only,3.6594036480246e-05,2.9325835509295523e-05,0.08596575218272956,0.8013829118065738,-9.414242356724365,0.9999999999999998,0.20200789823217719,1.0000092362784365,False,False,0.0011600176096712741,0.08582660589410644,0.0005000046181392183,0.0011560493190511218,0.08569306873216004,0.0010000092362784365,0.0011481127378108167,0.0854429258804818,0.002000018472556873
3,252,2011-09-21T00:00:00,2012-09-19T00:00:00,2012-09-20T00:00:00,2013-03-26T00:00:00,16,3,Cboe Volatility Index | BRAZIL IBOVESPA INDEX | DAX INDEX,ridge_10pct,,long_only,3.72446041104768e-05,2.8800468024157358e-05,0.08519224109088605,0.773278940990431,-9.424724538735514,1.0,0.15134032855087284,0.8550103043107806,False,False,0.0010951129178067838,0.0850792669128032,0.00042750515215539035,0.0010917200197738044,0.08497044437551708,0.0008550103043107807,0.0010849342237078457,0.0847653175723417,0.0017100206086215614
3,252,2011-09-21T00:00:00,2012-09-19T00:00:00,2012-09-20T00:00:00,2013-03-26T00:00:00,16,3,Cboe Volatility Index | BRAZIL IBOVESPA INDEX | DAX INDEX,ledoit_wolf,,long_only,3.678249873994317e-05,2.9183213228597903e-05,0.08575645592960726,0.7933994216903761,-9.4170889819409,0.9999999999999999,0.18360752381092185,0.9837930326515212,False,False,0.0011525345232136417,0.0856226773888378,0.0004918965163257606,0.0011486305826078817,0.08549434999805786,0.0009837930326515212,0.0011408227013963619,0.08525414608392096,0.0019675860653030424
3,252,2011-09-21T00:00:00,2012-09-19T00:00:00,2012-09-20T00:00:00,2013-03-26T00:00:00,16,3,Cboe Volatility Index | BRAZIL IBOVESPA INDEX | DAX INDEX,oas_shrinkage,,long_only,3.670293279373084e-05,2.9225783980524043e-05,0.08581898136829672,0.796279254978666,-9.41637463848221,0.9999999999999999,0.18821879058394222,0.9956367705224016,False,False,0.0011560133928826693,0.08568275631229728,0.0004978183852612008,0.0011520624533171043,0.08555210802798371,0.0009956367705224016,0.0011441605741859741,0.0853076431703912,0.001991273541044803
3,252,2011-09-21T00:00:00,2012-09-19T00:00:00,2012-09-20T00:00:00,2013-03-26T00:00:00,16,3,Cboe Volatility Index | BRAZIL IBOVESPA INDEX | DAX INDEX,nonlinear_shrinkage_qis,,long_only,3.808136179209329e-05,2.9296594983306834e-05,0.08592288365617928,0.7693158438832298,-9.406469743450312,1.0,0.13968876255080284,0.7948628198850789,False,False,0.001075509493413842,0.08582106629427648,0.00039743140994253945,0.0010723552758746153,0.08572281324642997,0.0007948628198850789,0.0010660468407961625,0.08553704877759717,0.0015897256397701578
3,252,2011-09-21T00:00:00,2012-09-19T00:00:00,2012-09-20T00:00:00,2013-03-26T00:00:00,16,3,Cboe Volatility Index | BRAZIL IBOVESPA INDEX | DAX INDEX,pca_matched,,long_only,2.934242962988287e-05,2.9628993319853686e-05,0.08640894812809104,1.009766188198641,-9.426709791008184,0.9999999999999999,0.16461848734001627,0.8564015668475711,False,False,0.0010807682276563863,0.08629512707108067,0.0004282007834237856,0.0010773698087403244,0.08618541071125953,0.0008564015668475712,0.001070572970908201,0.08597835435101465,0.0017128031336951424
3,252,2011-09-21T00:00:00,2012-09-19T00:00:00,2012-09-20T00:00:00,2013-03-26T00:00:00,16,3,Cboe Volatility Index | BRAZIL IBOVESPA INDEX | DAX INDEX,pca_plus_two,,long_only,3.206015063140381e-05,2.8346374613987772e-05,0.08451796497032403,0.8841622405298905,-9.463734471842185,1.0000000000000002,0.18100076480798316,0.908648064174221,False,False,0.0011252045292465158,0.08439329486708314,0.00045432403208711046,0.0011215987829601103,0.08427333905586328,0.0009086480641742209,0.0011143872903872994,0.0840476502571141,0.0018172961283484418
3,252,2011-09-21T00:00:00,2012-09-19T00:00:00,2012-09-20T00:00:00,2013-03-26T00:00:00,16,3,Cboe Volatility Index | BRAZIL IBOVESPA INDEX | DAX INDEX,poet_soft_c0_5,,long_only,3.131913603957271e-05,2.906823789682672e-05,0.08558735858758777,0.9281302606846527,-9.443151011480891,0.9999999999999999,0.1930805758302432,0.939600480396913,False,False,0.0011271949856686363,0.08546955384565766,0.00046980024019845654,0.0011234664123337278,0.08535675818711708,0.0009396004803969131,0.001116009265663911,0.08514627286428143,0.0018792009607938262
3,252,2011-09-21T00:00:00,2012-09-19T00:00:00,2012-09-20T00:00:00,2013-03-26T00:00:00,16,3,Cboe Volatility Index | BRAZIL IBOVESPA INDEX | DAX INDEX,structured_q0,,long_only,2.5974048224756913e-05,2.9297779356156628e-05,0.08592462043996162,1.1279635389385214,-9.43044912468458,0.9999999999999998,0.17257189705678436,0.771386799390365,False,False,0.00115556638415692,0.08580288061818851,0.00038569339969518255,0.0011525053254291804,0.08568444015456379,0.0007713867993903651,0.0011463832079737011,0.08545751179286505,0.0015427735987807302
3,252,2011-09-21T00:00:00,2012-09-19T00:00:00,2012-09-20T00:00:00,2013-03-26T00:00:00,16,3,Cboe Volatility Index | BRAZIL IBOVESPA INDEX | DAX INDEX,residual_aware_qr,0.5,long_only,3.1554443374086966e-05,2.8952210686450453e-05,0.08541637485275007,0.9175319730160885,-9.446264169931709,1.0,0.18875894353259254,0.9017308150649764,False,False,0.001169482436719848,0.08528245905029268,0.0004508654075324882,0.0011659041398346692,0.08515310721757025,0.0009017308150649765,0.0011587475460643122,0.08490817816017411,0.001803461630129953
4,252,2012-03-22T00:00:00,2013-03-26T00:00:00,2013-03-27T00:00:00,2013-09-24T00:00:00,17,3,Cboe Volatility Index | S&P/BMV IPC | DAX INDEX,equal_weight,,long_only,7.731259811778864e-05,7.307945430709567e-05,0.13570564647570163,0.945246390449282,-8.52240724825669,1.0000000000000002,0.006666666666666667,0.10816831140115951,False,False,0.0009858260454788284,0.1357068500517938,5.408415570057976e-05,0.0009853968061478715,0.13570809672586076,0.00010816831140115952,0.0009845383274859575,0.13571071936312706,0.00021633662280231905
4,252,2012-03-22T00:00:00,2013-03-26T00:00:00,2013-03-27T00:00:00,2013-09-24T00:00:00,17,3,Cboe Volatility Index | S&P/BMV IPC | DAX INDEX,sample_covariance,,long_only,2.3366007808733572e-05,5.336326517612962e-05,0.1159635409272443,2.2837989960862677,-8.380429253390965,0.9999999999999998,0.208303150534161,0.8950292705351431,False,False,-0.0001552553200450352,0.1159605635478691,0.0004475146352675716,-0.00015880702349953973,0.11596104022338376,0.0008950292705351432,-0.0001659104304085488,0.11597235526009743,0.0017900585410702864
4,252,2012-03-22T00:00:00,2013-03-26T00:00:00,2013-03-27T00:00:00,2013-09-24T00:00:00,17,3,Cboe Volatility Index | S&P/BMV IPC | DAX INDEX,ridge_10pct,,long_only,2.324023453760524e-05,5.23006139559153e-05,0.11480311283624088,2.250433999333664,-8.419191534718252,1.0,0.12201461897464093,0.8531582579777581,False,False,-5.6134759039954305e-05,0.11480078645244816,0.00042657912898887905,-5.952030768272323e-05,0.11480163022502643,0.0008531582579777581,-6.629140496826098e-05,0.11481282769712353,0.0017063165159555162
4,252,2012-03-22T00:00:00,2013-03-26T00:00:00,2013-03-27T00:00:00,2013-09-24T00:00:00,17,3,Cboe Volatility Index | S&P/BMV IPC | DAX INDEX,ledoit_wolf,,long_only,2.3332928253421597e-05,5.281189895625285e-05,0.11536289930898806,2.263406392144903,-8.402238573156463,1.0,0.1447945964786711,0.9291351866709403,False,False,-8.944722362294633e-05,0.11536019285644064,0.00046456759333547015,-9.313426801449763e-05,0.11536122809232635,0.0009291351866709403,-0.00010050835679760033,0.11537452286247694,0.0018582703733418806
4,252,2012-03-22T00:00:00,2013-03-26T00:00:00,2013-03-27T00:00:00,2013-09-24T00:00:00,17,3,Cboe Volatility Index | S&P/BMV IPC | DAX INDEX,oas_shrinkage,,long_only,2.336225886479396e-05,5.2896556659063804e-05,0.11545532589744,2.264188448779536,-8.400200257920467,0.9999999999999998,0.15555426987933804,0.924207675654477,False,False,-0.00010118053901223887,0.11545269831428125,0.0004621038378272385,-0.00010484802978864557,0.11545376987279599,0.000924207675654477,-0.00011218301134145885,0.11546700964737915,0.001848415351308954
4,252,2012-03-22T00:00:00,2013-03-26T00:00:00,2013-03-27T00:00:00,2013-09-24T00:00:00,17,3,Cboe Volatility Index | S&P/BMV IPC | DAX INDEX,nonlinear_shrinkage_qis,,long_only,2.3730402723092462e-05,5.2902706500978396e-05,0.11546203721676902,2.229321900613927,-8.41943161599348,1.0,0.09906250454387316,0.8510005109469925,False,False,-4.9732673491929406e-05,0.11546301754669,0.0004255002554734962,-5.310965964648098e-05,0.1154671338762574,0.0008510005109469924,-5.9863631955584135e-05,0.11548477293750493,0.0017020010218939848
4,252,2012-03-22T00:00:00,2013-03-26T00:00:00,2013-03-27T00:00:00,2013-09-24T00:00:00,17,3,Cboe Volatility Index | S&P/BMV IPC | DAX INDEX,pca_matched,,long_only,1.7026000630103574e-05,6.15328950563845e-05,0.1245242528755298,3.614054550637602,-7.366714382856491,1.0,0.19739837178535088,0.7976808868259813,False,False,-0.00012832234682150676,0.12451562607309723,0.00039884044341299065,-0.0001314877471660543,0.12450955390386333,0.0007976808868259813,-0.0001378185478551494,0.12450507480282896,0.0015953617736519626
4,252,2012-03-22T00:00:00,2013-03-26T00:00:00,2013-03-27T00:00:00,2013-09-24T00:00:00,17,3,Cboe Volatility Index | S&P/BMV IPC | DAX INDEX,pca_plus_two,,long_only,1.726745699002043e-05,6.091705529290294e-05,0.12389954775466915,3.5278533097322553,-7.438833617059376,0.9999999999999998,0.19794612044868698,0.725661462915085,False,False,-0.00011749042218842913,0.12389151379403127,0.0003628307314575425,-0.0001203700311682509,0.12388560461611549,0.000725661462915085,-0.0001261292491278945,0.12388016171536302,0.00145132292583017
4,252,2012-03-22T00:00:00,2013-03-26T00:00:00,2013-03-27T00:00:00,2013-09-24T00:00:00,17,3,Cboe Volatility Index | S&P/BMV IPC | DAX INDEX,poet_soft_c0_5,,long_only,2.0353752883202772e-05,5.3568538106574374e-05,0.11618636582171224,2.6318752327381643,-8.170370013475205,1.0,0.19742725819667895,0.8108400123342596,False,False,-7.926774897001243e-05,0.11618437847797722,0.0004054200061671298,-8.248536806657691e-05,0.11618522050285299,0.0008108400123342597,-8.892060625970601e-05,0.11619539220571015,0.0016216800246685193
4,252,2012-03-22T00:00:00,2013-03-26T00:00:00,2013-03-27T00:00:00,2013-09-24T00:00:00,17,3,Cboe Volatility Index | S&P/BMV IPC | DAX INDEX,structured_q0,,long_only,1.5152511092204094e-05,5.9021357890300135e-05,0.12195647661504343,3.895153584191493,-7.202190706891858,1.0,0.18134039257453916,0.7588393597226196,False,False,-0.00018359211491343464,0.12195357258428657,0.0003794196798613098,-0.00018660338221392124,0.12195302940460288,0.0007588393597226196,-0.00019262591681489446,0.1219590255875296,0.0015176787194452392
4,252,2012-03-22T00:00:00,2013-03-26T00:00:00,2013-03-27T00:00:00,2013-09-24T00:00:00,17,3,Cboe Volatility Index | S&P/BMV IPC | DAX INDEX,residual_aware_qr,0.25,long_only,1.7590029323220514e-05,5.657694648324053e-05,0.11940431530634316,3.216421385298862,-7.731756946878079,0.9999999999999999,0.18415758009945452,0.7990096837654548,False,False,-0.00016572903670931924,0.11940210210011576,0.0003995048418827274,-0.00016889971005759483,0.11940256226124746,0.0007990096837654548,-0.00017524105675414603,0.11941150238241098,0.0015980193675309096
5,252,2012-09-20T00:00:00,2013-09-24T00:00:00,2013-09-25T00:00:00,2014-03-26T00:00:00,18,4,Cboe Volatility Index | S&P/BMV IPC | DAX INDEX | Brazilian Real Spot,equal_weight,,long_only,6.124224248403e-05,5.927647987464856e-05,0.12221977306643732,0.9679018512443589,-8.732771518638248,1.0000000000000002,0.006666666666666667,0.11917243077037958,False,False,0.0008240195608093037,0.12222320199573564,5.958621538518979e-05,0.0008235466543379927,0.12222668892609997,0.00011917243077037958,0.0008226008413953705,0.12223383677008916,0.00023834486154075915
5,252,2012-09-20T00:00:00,2013-09-24T00:00:00,2013-09-25T00:00:00,2014-03-26T00:00:00,18,4,Cboe Volatility Index | S&P/BMV IPC | DAX INDEX | Brazilian Real Spot,sample_covariance,,long_only,2.997139583786436e-05,3.1067380114129957e-05,0.08848152230132995,1.0365676754661184,-9.378699427750828,0.9999999999999999,0.09125690756268312,1.2443230213946097,False,False,0.0004957815119473239,0.08849091564585873,0.0006221615106973048,0.0004908437221798849,0.08850905521304468,0.0012443230213946097,0.00048096814264500715,0.08857154892953564,0.0024886460427892194
5,252,2012-09-20T00:00:00,2013-09-24T00:00:00,2013-09-25T00:00:00,2014-03-26T00:00:00,18,4,Cboe Volatility Index | S&P/BMV IPC | DAX INDEX | Brazilian Real Spot,ridge_10pct,,long_only,2.8212633294905422e-05,3.1958879977907885e-05,0.08974206234777975,1.132786140302577,-9.34295455085378,1.0000000000000002,0.06972242485285879,1.0804356176646381,False,False,0.0005023515990960634,0.08975203438679419,0.0005402178088323191,0.0004980641561688228,0.08976850750584922,0.0010804356176646382,0.0004894892703143416,0.08982094126493162,0.0021608712353292764
5,252,2012-09-20T00:00:00,2013-09-24T00:00:00,2013-09-25T00:00:00,2014-03-26T00:00:00,18,4,Cboe Volatility Index | S&P/BMV IPC | DAX INDEX | Brazilian Real Spot,ledoit_wolf,,long_only,2.8610494176779737e-05,3.173254057477763e-05,0.08942371175948784,1.1091224212593904,-9.35261455692312,1.0,0.07311147116715729,1.1511042263354692,False,False,0.0004982808896731038,0.08943340579012603,0.0005755521131677346,0.0004937130157590742,0.0894505056360143,0.0011511042263354693,0.00048457726793101497,0.08950690395714085,0.0023022084526709385
5,252,2012-09-20T00:00:00,2013-09-24T00:00:00,2013-09-25T00:00:00,2014-03-26T00:00:00,18,4,Cboe Volatility Index | S&P/BMV IPC | DAX INDEX | Brazilian Real Spot,oas_shrinkage,,long_only,2.8889432682430785e-05,3.1598354821896844e-05,0.08923444074525264,1.0937686166856957,-9.35826606415383,1.0,0.07568259769224847,1.1718310183317406,False,False,0.000495728413887646,0.0892437746315517,0.0005859155091658703,0.0004910782907990281,0.0892607998720149,0.0011718310183317406,0.000481778044621792,0.08931790483552489,0.002343662036663481
5,252,2012-09-20T00:00:00,2013-09-24T00:00:00,2013-09-25T00:00:00,2014-03-26T00:00:00,18,4,Cboe Volatility Index | S&P/BMV IPC | DAX INDEX | Brazilian Real Spot,nonlinear_shrinkage_qis,,long_only,2.8743045266584703e-05,3.269932104032427e-05,0.0907757065638253,1.137642888463838,-9.31947183529148,1.0,0.0659615019177705,0.9325792102599681,False,False,0.0004866545983522359,0.09079299519133277,0.0004662896051299841,0.0004829538872004107,0.09081506897783231,0.0009325792102599682,0.0004755524648967602,0.09087355732372757,0.0018651584205199364
5,252,2012-09-20T00:00:00,2013-09-24T00:00:00,2013-09-25T00:00:00,2014-03-26T00:00:00,18,4,Cboe Volatility Index | S&P/BMV IPC | DAX INDEX | Brazilian Real Spot,pca_matched,,long_only,2.7223391508063077e-05,3.319516236881082e-05,0.09146136297333606,1.2193617521527036,-9.292072220168112,1.0,0.11666879507551427,1.0197834279228641,False,False,0.0005386450299187225,0.09148543624083422,0.000509891713961432,0.0005345982702841079,0.09151518524076227,0.001019783427922864,0.0005265047510148789,0.09159168726102386,0.002039566855845728
5,252,2012-09-20T00:00:00,2013-09-24T00:00:00,2013-09-25T00:00:00,2014-03-26T00:00:00,18,4,Cboe Volatility Index | S&P/BMV IPC | DAX INDEX | Brazilian Real Spot,pca_plus_two,,long_only,2.77639494042947e-05,3.268671399204717e-05,0.09075820583283854,1.1773077927807702,-9.314464370057104,1.0,0.11076463150361379,1.040646927814178,False,False,0.0005361175967770081,0.0907840751688404,0.000520323463907089,0.0005319880454761583,0.09081589964623933,0.001040646927814178,0.0005237289428744585,0.09089738783501544,0.002081293855628356
5,252,2012-09-20T00:00:00,2013-09-24T00:00:00,2013-09-25T00:00:00,2014-03-26T00:00:00,18,4,Cboe Volatility Index | S&P/BMV IPC | DAX INDEX | Brazilian Real Spot,poet_soft_c0_5,,long_only,2.818878680381435e-05,3.2672535249379956e-05,0.09073851928946024,1.159061419591101,-9.317524870575715,1.0,0.12032713335528901,1.0032262188829297,False,False,0.000484729614947973,0.09075565250688557,0.0005016131094414648,0.00048074855852383436,0.09077832617923526,0.0010032262188829297,0.00047278644567555716,0.090840277280227,0.0020064524377658593
5,252,2012-09-20T00:00:00,2013-09-24T00:00:00,2013-09-25T00:00:00,2014-03-26T00:00:00,18,4,Cboe Volatility Index | S&P/BMV IPC | DAX INDEX | Brazilian Real Spot,structured_q0,,long_only,2.105980233456691e-05,3.3606222447826574e-05,0.09202590970401921,1.5957520357475699,-9.172392401377955,1.0000000000000004,0.09899025602410136,0.9306472355815962,False,False,0.00048334375199827383,0.09206367344127787,0.00046532361779079814,0.0004796507074126325,0.09210612347954562,0.0009306472355815963,0.00047226461824135006,0.09220505585440908,0.0018612944711631925
5,252,2012-09-20T00:00:00,2013-09-24T00:00:00,2013-09-25T00:00:00,2014-03-26T00:00:00,18,4,Cboe Volatility Index | S&P/BMV IPC | DAX INDEX | Brazilian Real Spot,residual_aware_qr,0.5,long_only,2.6085343083255736e-05,3.2120686388941836e-05,0.08996895559032206,1.2313691365462702,-9.322767832518899,1.0,0.09814046107279728,1.0468938323363124,False,False,0.00048561993544995276,0.08998523287191848,0.0005234469161681562,0.0004814655948454436,0.09000759571674846,0.0010468938323363124,0.0004731569136364252,0.09007055873142267,0.002093787664672625
6,252,2013-03-27T00:00:00,2014-03-26T00:00:00,2014-03-27T00:00:00,2014-09-26T00:00:00,19,4,Cboe Volatility Index | S&P/BMV IPC | DAX INDEX | Brazilian Real Spot,equal_weight,,long_only,6.592087771670724e-05,4.0749042280646885e-05,0.10133488370113726,0.6181507845779076,-9.008904572996558,1.0000000000000002,0.006666666666666667,0.09419359071271455,False,False,0.0002890634546910918,0.10133690790848975,4.709679535635728e-05,0.00028868967060096193,0.10133897585143137,9.419359071271455e-05,0.0002879421024207023,0.10134324293331591,0.0001883871814254291
6,252,2013-03-27T00:00:00,2014-03-26T00:00:00,2014-03-27T00:00:00,2014-09-26T00:00:00,19,4,Cboe Volatility Index | S&P/BMV IPC | DAX INDEX | Brazilian Real Spot,sample_covariance,,long_only,2.9536374324735562e-05,2.1686642970349372e-05,0.07392586846651206,0.7342351072584984,-9.695652918957531,1.0,0.11653611715595458,0.8309995471640979,False,False,0.000631042408581798,0.07392520869171491,0.0004154997735820489,0.0006277447913311468,0.07392921947340274,0.0008309995471640978,0.0006211495568298446,0.0739512487815764,0.0016619990943281956
6,252,2013-03-27T00:00:00,2014-03-26T00:00:00,2014-03-27T00:00:00,2014-09-26T00:00:00,19,4,Cboe Volatility Index | S&P/BMV IPC | DAX INDEX | Brazilian Real Spot,ridge_10pct,,long_only,2.8001131319091772e-05,2.1441458647702486e-05,0.07350678593994589,0.7657354413063746,-9.717530203045648,1.0,0.10055516896953681,0.7518145425594476,False,False,0.000589805292572594,0.07350589480740938,0.0003759072712797238,0.0005868219015306914,0.07350884837052775,0.0007518145425594476,0.0005808551194468862,0.07352628712730619,0.0015036290851188953
6,252,2013-03-27T00:00:00,2014-03-26T00:00:00,2014-03-27T00:00:00,2014-09-26T00:00:00,19,4,Cboe Volatility Index | S&P/BMV IPC | DAX INDEX | Brazilian Real Spot,ledoit_wolf,,long_only,2.8537837051928853e-05,2.152068479806524e-05,0.07364246444214398,0.7541105781389508,-9.71016915719627,0.9999999999999999,0.10661866347289384,0.7762419996739651,False,False,0.0005979442140413299,0.07364152693063569,0.00038812099983698257,0.0005948638886457983,0.07364468045881316,0.0007762419996739651,0.000588703237854735,0.0736632578509611,0.0015524839993479303
6,252,2013-03-27T00:00:00,2014-03-26T00:00:00,2014-03-27T00:00:00,2014-09-26T00:00:00,19,4,Cboe Volatility Index | S&P/BMV IPC | DAX INDEX | Brazilian Real Spot,oas_shrinkage,,long_only,2.871534533446815e-05,2.154853786718604e-05,0.07369010478029518,0.7504189002846673,-9.707659997161304,1.0000000000000002,0.10837299600562662,0.785860142324448,False,False,0.0006021942214295732,0.07368916060346722,0.000392930071162224,0.0005990757288013014,0.07369240676297376,0.000785860142324448,0.0005928387435447583,0.07371146716191082,0.001571720284648896
6,252,2013-03-27T00:00:00,2014-03-26T00:00:00,2014-03-27T00:00:00,2014-09-26T00:00:00,19,4,Cboe Volatility Index | S&P/BMV IPC | DAX INDEX | Brazilian Real Spot,nonlinear_shrinkage_qis,,long_only,2.8738713665040572e-05,2.178224317478963e-05,0.07408863124695304,0.7579407842908017,-9.69932465167767,0.9999999999999998,0.09876610327985538,0.7612448736885912,False,False,0.0005808622558290247,0.07408315199486909,0.0003806224368442956,0.0005778414428381969,0.07408158362710994,0.0007612448736885912,0.0005717998168565413,0.07409017991869672,0.0015224897473771824
6,252,2013-03-27T00:00:00,2014-03-26T00:00:00,2014-03-27T00:00:00,2014-09-26T00:00:00,19,4,Cboe Volatility Index | S&P/BMV IPC | DAX INDEX | Brazilian Real Spot,pca_matched,,long_only,2.7989966924466373e-05,2.2231009083543025e-05,0.07484794111432086,0.7942492087802586,-9.68941522734844,1.0000000000000002,0.1223059801434581,0.8482770087198204,False,False,0.0005083464319711285,0.07483428838428052,0.00042413850435991024,0.0005049802533650974,0.07482544166788466,0.0008482770087198205,0.0004982478961530353,0.07482217216887828,0.001696554017439641
6,252,2013-03-27T00:00:00,2014-03-26T00:00:00,2014-03-27T00:00:00,2014-09-26T00:00:00,19,4,Cboe Volatility Index | S&P/BMV IPC | DAX INDEX | Brazilian Real Spot,pca_plus_two,,long_only,2.827637351231255e-05,2.2179395195383158e-05,0.0747610031315562,0.7843790571561609,-9.689104903069303,1.0,0.12032641640311179,0.8528730899187458,False,False,0.0005070296859780922,0.0747483947899384,0.0004264365449593729,0.0005036452689546053,0.07474065058999642,0.0008528730899187458,0.0004968764349076311,0.07473975971345731,0.0017057461798374916
6,252,2013-03-27T00:00:00,2014-03-26T00:00:00,2014-03-27T00:00:00,2014-09-26T00:00:00,19,4,Cboe Volatility Index | S&P/BMV IPC | DAX INDEX | Brazilian Real Spot,poet_soft_c0_5,,long_only,2.8622386453669516e-05,2.1722085005674317e-05,0.07398625157034196,0.758919422768448,-9.702401980418363,1.0,0.12194399341955539,0.8176946107026748,False,False,0.0005285329953252446,0.07398157654872595,0.00040884730535133737,0.0005252881754415037,0.07398142023722196,0.0008176946107026747,0.0005187985356740222,0.07399466303125134,0.0016353892214053495
6,252,2013-03-27T00:00:00,2014-03-26T00:00:00,2014-03-27T00:00:00,2014-09-26T00:00:00,19,4,Cboe Volatility Index | S&P/BMV IPC | DAX INDEX | Brazilian Real Spot,structured_q0,,long_only,2.4037825240734428e-05,1.933344850100046e-05,0.06979992136279321,0.8042927472589348,-9.831589169326204,1.0,0.09569997550197683,0.7782256266058426,False,False,0.00044256869165820533,0.0697793423578003,0.0003891128133029213,0.0004394804947272298,0.06976309807231902,0.0007782256266058426,0.0004333041008652787,0.06974362496707141,0.0015564512532116853
6,252,2013-03-27T00:00:00,2014-03-26T00:00:00,2014-03-27T00:00:00,2014-09-26T00:00:00,19,4,Cboe Volatility Index | S&P/BMV IPC | DAX INDEX | Brazilian Real Spot,residual_aware_qr,0.5,long_only,2.7241163903174316e-05,2.0456380596318335e-05,0.07179838375807787,0.7509363648714961,-9.759844985001276,0.9999999999999999,0.1052521436693241,0.8027185209737879,False,False,0.00050631752771505,0.07178870491747398,0.000401359260486894,0.0005031321367588047,0.07178351310856834,0.000802718520973788,0.0004967613548463145,0.07178659363864147,0.001605437041947576
7,252,2013-09-25T00:00:00,2014-09-26T00:00:00,2014-09-29T00:00:00,2015-03-31T00:00:00,20,4,Cboe Volatility Index | DAX INDEX | S&P/BMV IPC | Brazilian Real Spot,equal_weight,,long_only,4.9885363217359477e-05,7.951931845547484e-05,0.14155870955465671,1.5940410839346784,-8.311741836596926,1.0000000000000002,0.006666666666666667,0.07972538915165532,False,False,0.0007347674185083041,0.14156025214179874,3.986269457582766e-05,0.0007344510479164324,0.14156181716217578,7.972538915165532e-05,0.0007338183067326892,0.1415650144996482,0.00015945077830331063
7,252,2013-09-25T00:00:00,2014-09-26T00:00:00,2014-09-29T00:00:00,2015-03-31T00:00:00,20,4,Cboe Volatility Index | DAX INDEX | S&P/BMV IPC | Brazilian Real Spot,sample_covariance,,long_only,2.01217174877703e-05,4.945613180746047e-05,0.11163756184851063,2.4578484335404878,-8.355862420620172,1.0000000000000002,0.1166291942137091,0.8617100752014588,False,False,0.0010449153818490222,0.11164958897473132,0.0004308550376007294,0.0010414958974236197,0.11166493973144191,0.0008617100752014588,0.0010346569285728145,0.11170560635880315,0.0017234201504029176
7,252,2013-09-25T00:00:00,2014-09-26T00:00:00,2014-09-29T00:00:00,2015-03-31T00:00:00,20,4,Cboe Volatility Index | DAX INDEX | S&P/BMV IPC | Brazilian Real Spot,ridge_10pct,,long_only,1.921763518525818e-05,5.046452124547925e-05,0.11276993993906696,2.62594854980859,-8.233733651452056,1.0,0.08095627008480534,0.7497889147356578,False,False,0.0010430093715136654,0.11277882402533483,0.00037489445736782885,0.0010400340186774127,0.11279019960364803,0.0007497889147356577,0.0010340833130049075,0.1128204220567686,0.0014995778294713154
7,252,2013-09-25T00:00:00,2014-09-26T00:00:00,2014-09-29T00:00:00,2015-03-31T00:00:00,20,4,Cboe Volatility Index | DAX INDEX | S&P/BMV IPC | Brazilian Real Spot,ledoit_wolf,,long_only,1.9417959878234474e-05,5.016898030608439e-05,0.1124392415357435,2.583638066031779,-8.265674087201813,0.9999999999999999,0.08747768097763464,0.7845402171502877,False,False,0.0010461478573453404,0.11244902934486649,0.00039227010857514384,0.001043034602515379,0.11246155284106807,0.0007845402171502877,0.0010368080928554561,0.11249480304051705,0.0015690804343005754
7,252,2013-09-25T00:00:00,2014-09-26T00:00:00,2014-09-29T00:00:00,2015-03-31T00:00:00,20,4,Cboe Volatility Index | DAX INDEX | S&P/BMV IPC | Brazilian Real Spot,oas_shrinkage,,long_only,1.957620281929538e-05,5.000244623428379e-05,0.11225246746080692,2.554246433583056,-8.286949437684823,0.9999999999999999,0.09229759692676458,0.7945331523286561,False,False,0.0010480188084211035,0.11226263442632323,0.000397266576164328,0.001044865899086466,0.11227561181559961,0.000794533152328656,0.001038560080417191,0.11230999375752586,0.001589066304657312
7,252,2013-09-25T00:00:00,2014-09-26T00:00:00,2014-09-29T00:00:00,2015-03-31T00:00:00,20,4,Cboe Volatility Index | DAX INDEX | S&P/BMV IPC | Brazilian Real Spot,nonlinear_shrinkage_qis,,long_only,1.9380634202506626e-05,5.202465787238294e-05,0.11449984185072266,2.6843630259351494,-8.166873201514395,1.0,0.06554276022677806,0.7022685773174839,False,False,0.0010029908228643405,0.11450596346038021,0.00035113428865874195,0.0010002040427956203,0.11451423812475917,0.0007022685773174839,0.0009946304826581797,0.11453724462971134,0.0014045371546349678
7,252,2013-09-25T00:00:00,2014-09-26T00:00:00,2014-09-29T00:00:00,2015-03-31T00:00:00,20,4,Cboe Volatility Index | DAX INDEX | S&P/BMV IPC | Brazilian Real Spot,pca_matched,,long_only,1.773273864435244e-05,5.60168782228755e-05,0.11881183994941172,3.158952452091537,-7.78114553384847,1.0,0.085935531239187,0.8996002889231344,False,False,0.0009110584497175458,0.11881865459409678,0.00044980014446156715,0.0009074886073011843,0.1188288741325851,0.0008996002889231343,0.0009003489224684607,0.11885952408532603,0.0017992005778462686
7,252,2013-09-25T00:00:00,2014-09-26T00:00:00,2014-09-29T00:00:00,2015-03-31T00:00:00,20,4,Cboe Volatility Index | DAX INDEX | S&P/BMV IPC | Brazilian Real Spot,pca_plus_two,,long_only,1.868817653103905e-05,5.274520952063203e-05,0.11529003772746052,2.8223839513195905,-8.065235553819218,0.9999999999999999,0.08765849248112989,0.9004514026386914,False,False,0.0010060221063297764,0.11529626465264102,0.0004502257013193457,0.0010024488864780357,0.11530600721225638,0.0009004514026386914,0.000995302446774554,0.11533603534967128,0.0018009028052773828
7,252,2013-09-25T00:00:00,2014-09-26T00:00:00,2014-09-29T00:00:00,2015-03-31T00:00:00,20,4,Cboe Volatility Index | DAX INDEX | S&P/BMV IPC | Brazilian Real Spot,poet_soft_c0_5,,long_only,1.8892155960607047e-05,5.086008170602047e-05,0.11321104446968572,2.692126923579887,-8.184636827006281,1.0,0.09617981019055225,0.8006687080219874,False,False,0.0008649772614048786,0.11322064665069555,0.0004003343540109937,0.0008618000046270133,0.11323307880856265,0.0008006687080219874,0.0008554454910712834,0.11326642911531722,0.0016013374160439749
7,252,2013-09-25T00:00:00,2014-09-26T00:00:00,2014-09-29T00:00:00,2015-03-31T00:00:00,20,4,Cboe Volatility Index | DAX INDEX | S&P/BMV IPC | Brazilian Real Spot,structured_q0,,long_only,1.3509827908641609e-05,6.32408705897612e-05,0.12624064079613911,4.681101122635985,-6.530992021509732,1.0,0.08659560953211888,0.7653708481042221,False,False,0.0010214368583860518,0.12623707542630513,0.00038268542405211104,0.0010183996724808765,0.12623583020794307,0.0007653708481042221,0.0010123253006705255,0.1262403003723373,0.0015307416962084442
7,252,2013-09-25T00:00:00,2014-09-26T00:00:00,2014-09-29T00:00:00,2015-03-31T00:00:00,20,4,Cboe Volatility Index | DAX INDEX | S&P/BMV IPC | Brazilian Real Spot,residual_aware_qr,0.5,long_only,1.769605822310071e-05,5.101326677674485e-05,0.11338140600530451,2.882747453336887,-8.059421189108614,1.0,0.0902138994145459,0.7787846045275479,False,False,0.0010676885160762254,0.11338846031040958,0.000389392302263774,0.001064598100978894,0.11339818843725506,0.000778784604527548,0.0010584172707842308,0.11342566321518122,0.001557569209055096
8,252,2014-03-27T00:00:00,2015-03-31T00:00:00,2015-04-01T00:00:00,2015-09-30T00:00:00,21,3,Cboe Volatility Index | DAX INDEX | BRAZIL IBOVESPA INDEX,equal_weight,,long_only,5.994444998178222e-05,0.00010141983092294849,0.15986806245333374,1.6918969304709794,-8.030195327756834,1.0000000000000002,0.006666666666666667,0.131298076309529,False,False,-0.0006931232480154452,0.15987005301637633,6.56490381547645e-05,-0.0006936442721277846,0.1598720974701958,0.000131298076309529,-0.0006946863203524633,0.15987634804184112,0.000262596152619058
8,252,2014-03-27T00:00:00,2015-03-31T00:00:00,2015-04-01T00:00:00,2015-09-30T00:00:00,21,3,Cboe Volatility Index | DAX INDEX | BRAZIL IBOVESPA INDEX,sample_covariance,,long_only,2.660348359864509e-05,6.185845764705956e-05,0.12485323915325149,2.3252014127281435,-8.20926697566822,0.9999999999999998,0.1942045889402913,1.023761515779137,False,False,-0.00012431011702576964,0.12484570232345321,0.0005118807578895685,-0.00012837266272330586,0.12484236275341301,0.001023761515779137,-0.00013649775411837838,0.12484827631655662,0.002047523031558274
8,252,2014-03-27T00:00:00,2015-03-31T00:00:00,2015-04-01T00:00:00,2015-09-30T00:00:00,21,3,Cboe Volatility Index | DAX INDEX | BRAZIL IBOVESPA INDEX,ridge_10pct,,long_only,2.5504173435049598e-05,6.300966318736347e-05,0.12600966281684747,2.4705628413258527,-8.10610561374596,1.0,0.12389691586839044,0.916728717380372,False,False,-0.00026486743084754873,0.1260059190396229,0.000458364358690186,-0.0002685052432181057,0.12600550993653284,0.000916728717380372,-0.00027578086795921984,0.12601469561793516,0.001833457434760744
8,252,2014-03-27T00:00:00,2015-03-31T00:00:00,2015-04-01T00:00:00,2015-09-30T00:00:00,21,3,Cboe Volatility Index | DAX INDEX | BRAZIL IBOVESPA INDEX,ledoit_wolf,,long_only,2.5879451172584092e-05,6.258919704636059e-05,0.12558852517520408,2.4184901228765505,-8.143571172303377,1.0,0.14360145885332892,0.93654257592188,False,False,-0.0002199740123287777,0.12558379118536353,0.00046827128796094,-0.0002236904511221185,0.1255825492387045,0.00093654257592188,-0.00023112332870880005,0.12559054159802985,0.00187308515184376
8,252,2014-03-27T00:00:00,2015-03-31T00:00:00,2015-04-01T00:00:00,2015-09-30T00:00:00,21,3,Cboe Volatility Index | DAX INDEX | BRAZIL IBOVESPA INDEX,oas_shrinkage,,long_only,2.6020305924529634e-05,6.24422244952445e-05,0.1254409844221641,2.3997498214031188,-8.156883506261913,1.0,0.1512686015609892,0.9455996810556877,False,False,-0.00020352484820454408,0.1254358680741215,0.00047279984052784387,-0.00020727722789127303,0.1254343158189657,0.0009455996810556877,-0.0002147819872647309,0.1254419038127598,0.0018911993621113755
8,252,2014-03-27T00:00:00,2015-03-31T00:00:00,2015-04-01T00:00:00,2015-09-30T00:00:00,21,3,Cboe Volatility Index | DAX INDEX | BRAZIL IBOVESPA INDEX,nonlinear_shrinkage_qis,,long_only,2.5884143050802816e-05,6.307253996710416e-05,0.12607251909797887,2.436725057627431,-8.125154956545952,1.0,0.10123383575177103,0.9070228843174073,False,False,-0.0002822220558015119,0.12607002159472147,0.00045351144215870367,-0.00028582135296150173,0.126070786896051,0.0009070228843174073,-0.0002930199472814811,0.12608210542150483,0.0018140457686348147
8,252,2014-03-27T00:00:00,2015-03-31T00:00:00,2015-04-01T00:00:00,2015-09-30T00:00:00,21,3,Cboe Volatility Index | DAX INDEX | BRAZIL IBOVESPA INDEX,pca_matched,,long_only,2.3729645658876057e-05,6.267417812897898e-05,0.12567375576667827,2.641176317166613,-8.007609102662231,1.0,0.17226647083566954,1.0596047123263501,False,False,-9.838557243487352e-06,0.12569611684734316,0.000529802356163175,-1.404333784795702e-05,0.1257229392539228,0.00105960471232635,-2.24528990568963e-05,0.12578995615459115,0.0021192094246527
8,252,2014-03-27T00:00:00,2015-03-31T00:00:00,2015-04-01T00:00:00,2015-09-30T00:00:00,21,3,Cboe Volatility Index | DAX INDEX | BRAZIL IBOVESPA INDEX,pca_plus_two,,long_only,2.4254698453243947e-05,6.317227128702432e-05,0.12617215368031937,2.604537484100337,-8.022362724598443,0.9999999999999998,0.17155065944679063,1.036665541714283,False,False,-4.665736265647421e-05,0.1261851238202952,0.0005183327708571415,-5.077111480613404e-05,0.12620235044642278,0.001036665541714283,-5.8998619105453806e-05,0.12624956575709392,0.002073331083428566
8,252,2014-03-27T00:00:00,2015-03-31T00:00:00,2015-04-01T00:00:00,2015-09-30T00:00:00,21,3,Cboe Volatility Index | DAX INDEX | BRAZIL IBOVESPA INDEX,poet_soft_c0_5,,long_only,2.505230374604143e-05,6.045536575789745e-05,0.12342913825750448,2.413165925606747,-8.18137884314542,1.0,0.2009136584083757,1.0064305408933152,False,False,1.8612502813226206e-05,0.12343544923759721,0.0005032152704466576,1.461873082555436e-05,0.12344586258120746,0.0010064305408933152,6.631186850210559e-06,0.12347899179852871,0.0020128610817866303
8,252,2014-03-27T00:00:00,2015-03-31T00:00:00,2015-04-01T00:00:00,2015-09-30T00:00:00,21,3,Cboe Volatility Index | DAX INDEX | BRAZIL IBOVESPA INDEX,structured_q0,,long_only,1.5573260121257916e-05,6.893820675278386e-05,0.13180450713728092,4.426703607081048,-6.643251602160271,1.0,0.10130905384433934,0.8275721476339535,False,False,-0.00014605919372158316,0.1318210851236645,0.0004137860738169767,-0.00014934321018044797,0.13184025842025188,0.0008275721476339534,-0.00015591124309817782,0.13188638626323115,0.0016551442952679068
8,252,2014-03-27T00:00:00,2015-03-31T00:00:00,2015-04-01T00:00:00,2015-09-30T00:00:00,21,3,Cboe Volatility Index | DAX INDEX | BRAZIL IBOVESPA INDEX,residual_aware_qr,0.75,long_only,2.4649260468320737e-05,6.171921715275498e-05,0.12471264058825093,2.5038973170037533,-8.106866342207033,1.0,0.17651252038951892,0.9440915144431297,False,False,-0.00014381625735005176,0.1247118061997176,0.0004720457572215649,-0.00014756265224863556,0.12471454525228896,0.0009440915144431298,-0.00015505544204580325,0.12473074243195534,0.0018881830288862596
9,252,2014-09-29T00:00:00,2015-09-30T00:00:00,2015-10-01T00:00:00,2016-04-05T00:00:00,22,2,Cboe Volatility Index | DAX INDEX,equal_weight,,long_only,9.062074014128132e-05,0.00013041859526095306,0.18128840560212384,1.4391693894535105,-7.869658061778296,1.0000000000000002,0.006666666666666667,0.1224365455948577,False,False,0.0004618592980562794,0.18128905563088032,6.121827279742885e-05,0.00046137343874836327,0.1812897470019206,0.0001224365455948577,0.00046040172013253107,0.18129125376893224,0.0002448730911897154
9,252,2014-09-29T00:00:00,2015-09-30T00:00:00,2015-10-01T00:00:00,2016-04-05T00:00:00,22,2,Cboe Volatility Index | DAX INDEX,sample_covariance,,long_only,4.369265541443222e-05,6.046336966595594e-05,0.12343730860570841,1.3838337151278781,-8.654496823179544,1.0,0.22541204483877786,0.815300293907076,False,False,0.00011774865439390854,0.12343642202455637,0.000407650146953538,0.00011451333576729318,0.12343822796523422,0.000815300293907076,0.00010804269851406241,0.1234499167632378,0.001630600587814152
9,252,2014-09-29T00:00:00,2015-09-30T00:00:00,2015-10-01T00:00:00,2016-04-05T00:00:00,22,2,Cboe Volatility Index | DAX INDEX,ridge_10pct,,long_only,4.204043401085961e-05,5.983310914931487e-05,0.12279227787457705,1.4232276749060007,-8.65365101334307,0.9999999999999999,0.14506620110618645,0.8382828553606819,False,False,0.00018012376757637808,0.12279599676683049,0.00041914142768034095,0.00017679724830907374,0.12280257674998976,0.0008382828553606819,0.00017014420977446516,0.12282431794978255,0.0016765657107213638
9,252,2014-09-29T00:00:00,2015-09-30T00:00:00,2015-10-01T00:00:00,2016-04-05T00:00:00,22,2,Cboe Volatility Index | DAX INDEX,ledoit_wolf,,long_only,4.260960194799778e-05,5.982317284954283e-05,0.12278208158393794,1.403983377327793,-8.65944755491911,1.0,0.16118685712192704,0.8628444623213802,False,False,0.0001567138243711809,0.1227845442856705,0.00043142223116069014,0.00015328983840958807,0.12279003857545173,0.0008628444623213803,0.00014644186648640254,0.12281012006712512,0.0017256889246427605
9,252,2014-09-29T00:00:00,2015-09-30T00:00:00,2015-10-01T00:00:00,2016-04-05T00:00:00,22,2,Cboe Volatility Index | DAX INDEX,oas_shrinkage,,long_only,4.301871555324948e-05,5.989853834663806e-05,0.12285939794477585,1.392383235443057,-8.661492056095062,0.9999999999999999,0.17962145404705102,0.8454155717979116,False,False,0.00014297971488278467,0.12286068362000782,0.0004227077858989558,0.00013962489118517395,0.1228648779077551,0.0008454155717979116,0.0001329152437899524,0.12288199092291145,0.0016908311435958232
9,252,2014-09-29T00:00:00,2015-09-30T00:00:00,2015-10-01T00:00:00,2016-04-05T00:00:00,22,2,Cboe Volatility Index | DAX INDEX,nonlinear_shrinkage_qis,,long_only,4.3649304444213195e-05,5.963971232792409e-05,0.12259366829749761,1.3663382060107678,-8.672985004635333,1.0,0.14468268728792968,0.7763952049814765,False,False,0.00018801037033432629,0.12259637183892658,0.00038819760249073825,0.0001849294369812252,0.12260153367317288,0.0007763952049814765,0.000178767570275023,0.12261923083043982,0.001552790409962953
9,252,2014-09-29T00:00:00,2015-09-30T00:00:00,2015-10-01T00:00:00,2016-04-05T00:00:00,22,2,Cboe Volatility Index | DAX INDEX,pca_matched,,long_only,3.6947475187915e-05,6.208225049424758e-05,0.1250788836077073,1.6802839755219272,-8.525729267885747,1.0,0.1548548667843386,0.8511416059612026,False,False,0.0005829042079418458,0.12509947651224618,0.0004255708029806013,0.0005795266618864442,0.12512296098142447,0.0008511416059612026,0.000572771569775641,0.12517859790356078,0.0017022832119224052
9,252,2014-09-29T00:00:00,2015-09-30T00:00:00,2015-10-01T00:00:00,2016-04-05T00:00:00,22,2,Cboe Volatility Index | DAX INDEX,pca_plus_two,,long_only,4.040115256562508e-05,6.238310430544903e-05,0.12538158670623512,1.5440921940065413,-8.572560050545462,1.0,0.19477574308646298,0.8473864709740564,False,False,0.00041669844976726256,0.12540351898437282,0.0004236932354870282,0.000413335805041175,0.12542830990723722,0.0008473864709740564,0.000406610515589,0.12548646071478584,0.0016947729419481128
9,252,2014-09-29T00:00:00,2015-09-30T00:00:00,2015-10-01T00:00:00,2016-04-05T00:00:00,22,2,Cboe Volatility Index | DAX INDEX,poet_soft_c0_5,,long_only,4.061585695583096e-05,5.895087086856718e-05,0.12188363080774599,1.45142501690104,-8.659926985291811,1.0000000000000002,0.22182829034280216,0.8107538654706881,False,False,0.000117015579831043,0.12188673007417272,0.00040537693273534403,0.00011379830258711174,0.12189252560883268,0.0008107538654706881,0.0001073637480992491,0.12191220376583484,0.0016215077309413761
9,252,2014-09-29T00:00:00,2015-09-30T00:00:00,2015-10-01T00:00:00,2016-04-05T00:00:00,22,2,Cboe Volatility Index | DAX INDEX,structured_q0,,long_only,2.8304631294065057e-05,6.320331788918039e-05,0.12620315411301516,2.2329673625684334,-8.23951775416888,0.9999999999999997,0.1173660311723715,0.580431673134802,False,False,0.0006730063265787528,0.12621841174564088,0.00029021583656740104,0.0006707030262885353,0.1262350019607795,0.0005804316731348021,0.0006660964257081002,0.12627217799543675,0.0011608633462696042
9,252,2014-09-29T00:00:00,2015-09-30T00:00:00,2015-10-01T00:00:00,2016-04-05T00:00:00,22,2,Cboe Volatility Index | DAX INDEX,residual_aware_qr,0.1,long_only,3.087252412820217e-05,6.0537667776512546e-05,0.12351312594085359,1.9608914232319332,-8.42475253317929,1.0,0.12669697338439,0.8759830667436688,False,False,0.0005511311581796895,0.12353266262854787,0.0004379915333718344,0.0005476550348989606,0.12355530154084575,0.0008759830667436689,0.000540702788337503,0.12360987898768595,0.0017519661334873377
10,252,2015-04-01T00:00:00,2016-04-05T00:00:00,2016-04-06T00:00:00,2016-10-05T00:00:00,24,2,Cboe Volatility Index | DAX INDEX,equal_weight,,long_only,0.00011579218801019107,7.958255775886878e-05,0.14161498704316197,0.6872877965814462,-8.376425659571423,1.0000000000000002,0.006666666666666667,0.11814048862050995,False,False,0.0006431773837713996,0.14160721975125665,5.907024431025497e-05,0.00064270857230862,0.14159950131727686,0.00011814048862050994,0.0006417709493830603,0.14158421105500524,0.00023628097724101988
10,252,2015-04-01T00:00:00,2016-04-05T00:00:00,2016-04-06T00:00:00,2016-10-05T00:00:00,24,2,Cboe Volatility Index | DAX INDEX,sample_covariance,,long_only,4.563984637117938e-05,3.961305944131421e-05,0.09991241654174511,0.8679490092746903,-9.126780389801738,1.0,0.17683827676840674,0.8931055574540933,False,False,7.974551805227087e-05,0.09992225758968748,0.0004465527787270466,7.6201448379834e-05,0.09993608848641862,0.0008931055574540932,6.911330903496018e-05,0.09997571272497345,0.0017862111149081865
10,252,2015-04-01T00:00:00,2016-04-05T00:00:00,2016-04-06T00:00:00,2016-10-05T00:00:00,24,2,Cboe Volatility Index | DAX INDEX,ridge_10pct,,long_only,4.456063420289769e-05,3.900179587005201e-05,0.0991385523358754,0.875252261726468,-9.14340746815952,1.0,0.1256857729850709,0.825407080080865,False,False,6.340333137126271e-05,0.09913515272916308,0.0004127035400404325,6.0127906450306907e-05,0.09913518926629286,0.000825407080080865,5.3577056608395304e-05,0.09914557039961841,0.00165081416016173
10,252,2015-04-01T00:00:00,2016-04-05T00:00:00,2016-04-06T00:00:00,2016-10-05T00:00:00,24,2,Cboe Volatility Index | DAX INDEX,ledoit_wolf,,long_only,4.506030574703769e-05,3.9190432851249156e-05,0.0993780110412499,0.869732954571121,-9.137775883080568,1.0,0.14415495574494175,0.8478468764042117,False,False,6.672732298459121e-05,0.09937945146611493,0.0004239234382021059,6.336285125282846e-05,0.09938450841666838,0.0008478468764042118,5.663390778930299e-05,0.09940546929235924,0.0016956937528084235
10,252,2015-04-01T00:00:00,2016-04-05T00:00:00,2016-04-06T00:00:00,2016-10-05T00:00:00,24,2,Cboe Volatility Index | DAX INDEX,oas_shrinkage,,long_only,4.5220354137660905e-05,3.92410318901352e-05,0.09944214416591222,0.8677736527820347,-9.136189606924317,0.9999999999999999,0.1519271622268422,0.8587826713216117,False,False,6.900811310005336e-05,0.09944565951616423,0.00042939133566080584,6.560024535671363e-05,0.0994528826358101,0.0008587826713216117,5.8784509870034226e-05,0.09947844853804573,0.0017175653426432234
10,252,2015-04-01T00:00:00,2016-04-05T00:00:00,2016-04-06T00:00:00,2016-10-05T00:00:00,24,2,Cboe Volatility Index | DAX INDEX,nonlinear_shrinkage_qis,,long_only,4.594881552361502e-05,3.8672330008594634e-05,0.09871893011052059,0.8416393234058297,-9.146343163594652,0.9999999999999998,0.12389931096500147,0.8218320301047883,False,False,2.100813192090199e-05,0.09871668611933457,0.00041091601505239417,1.774689370620045e-05,0.09871786303646521,0.0008218320301047883,1.1224417276797437e-05,0.09873047875073623,0.0016436640602095767
10,252,2015-04-01T00:00:00,2016-04-05T00:00:00,2016-04-06T00:00:00,2016-10-05T00:00:00,24,2,Cboe Volatility Index | DAX INDEX,pca_matched,,long_only,3.47812942297261e-05,5.7643028774821864e-05,0.12052403598973571,1.6572997081160026,-8.609131129718962,1.0,0.1335155696829928,0.6824390553258992,False,False,2.3705419633299416e-05,0.12051953048857948,0.0003412195276629496,2.0997328143910965e-05,0.12051695702341804,0.0006824390553258992,1.5581145165133954e-05,0.1205176066032288,0.0013648781106517984
10,252,2015-04-01T00:00:00,2016-04-05T00:00:00,2016-04-06T00:00:00,2016-10-05T00:00:00,24,2,Cboe Volatility Index | DAX INDEX,pca_plus_two,,long_only,3.803046169297083e-05,5.2432890178642586e-05,0.11494819844181088,1.3787076949511174,-8.798415400916051,1.0,0.13952093281830646,0.8537854209739848,False,False,6.924398349219063e-06,0.114946318867273,0.0004268927104869924,3.536360964401707e-06,0.1149476100960813,0.0008537854209739848,-3.239713805233115e-06,0.11495970427399246,0.0017075708419479695
10,252,2015-04-01T00:00:00,2016-04-05T00:00:00,2016-04-06T00:00:00,2016-10-05T00:00:00,24,2,Cboe Volatility Index | DAX INDEX,poet_soft_c0_5,,long_only,4.18914814816584e-05,4.182364547712315e-05,0.10266235269189497,0.9983806730596303,-9.082047384573011,1.0,0.19419993639567104,0.6726767289723945,False,False,8.064018133421749e-05,0.10266424816359324,0.00033633836448619724,7.797082923512067e-05,0.10266834729232953,0.0006726767289723945,7.263212503692708e-05,0.10268315532339548,0.001345353457944789
10,252,2015-04-01T00:00:00,2016-04-05T00:00:00,2016-04-06T00:00:00,2016-10-05T00:00:00,24,2,Cboe Volatility Index | DAX INDEX,structured_q0,,long_only,3.04173462339911e-05,5.028648364559901e-05,0.11257083937988094,1.6532173207603607,-8.747280191719566,0.9999999999999999,0.12407547126549551,0.7630149184732722,False,False,-0.00014111900726142856,0.11256221028491231,0.0003815074592366361,-0.00014414684423949713,0.11255616678585183,0.0007630149184732722,-0.00015020251819563419,0.11255183806327324,0.0015260298369465443
10,252,2015-04-01T00:00:00,2016-04-05T00:00:00,2016-04-06T00:00:00,2016-10-05T00:00:00,24,2,Cboe Volatility Index | DAX INDEX,residual_aware_qr,0.5,long_only,4.0086213624749335e-05,3.93949625753971e-05,0.09963699397814081,0.9827558906954121,-9.14172219195063,0.9999999999999999,0.14534072461172362,0.9229293481672147,False,False,-1.2315477206140899e-05,0.09963700870930038,0.00046146467408360737,-1.5977895254423464e-05,0.09964129785714375,0.0009229293481672147,-2.3302731350988676e-05,0.09966269664542915,0.0018458586963344295
11,252,2015-10-01T00:00:00,2016-10-05T00:00:00,2016-10-06T00:00:00,2017-04-06T00:00:00,25,2,Cboe Volatility Index | S&P/BMV IPC,equal_weight,,long_only,0.00010459049777552478,3.4047724178557386e-05,0.09262843242221289,0.32553362784094997,-8.839924226065243,1.0000000000000002,0.006666666666666667,0.12168893006232147,False,False,0.0008787986339967735,0.09262708636273113,6.084446503116073e-05,0.0008783157414171611,0.09262582021929387,0.00012168893006232146,0.0008773499562579364,0.09262352769345504,0.00024337786012464292
11,252,2015-10-01T00:00:00,2016-10-05T00:00:00,2016-10-06T00:00:00,2017-04-06T00:00:00,25,2,Cboe Volatility Index | S&P/BMV IPC,sample_covariance,,long_only,3.68731353208773e-05,2.0856917690923877e-05,0.0724978845078449,0.5656399302479397,-9.642387381904362,1.0,0.14504064179755963,0.7438533060058714,False,False,0.001078269958745885,0.07250188259056708,0.0003719266530029357,0.0010753181599125286,0.07250969602736443,0.0007438533060058714,0.001069414562245815,0.07253676342939615,0.0014877066120117428
11,252,2015-10-01T00:00:00,2016-10-05T00:00:00,2016-10-06T00:00:00,2017-04-06T00:00:00,25,2,Cboe Volatility Index | S&P/BMV IPC,ridge_10pct,,long_only,3.591193849429389e-05,2.0682698186281927e-05,0.07219445922605866,0.5759282025270854,-9.658512566637407,1.0,0.10132214881615846,0.7642451392372234,False,False,0.001092049908806108,0.07220144470013795,0.0003821225696186117,0.001089017189999611,0.07221247372347774,0.0007642451392372234,0.0010829517523866172,0.07224665433164548,0.0015284902784744468
11,252,2015-10-01T00:00:00,2016-10-05T00:00:00,2016-10-06T00:00:00,2017-04-06T00:00:00,25,2,Cboe Volatility Index | S&P/BMV IPC,ledoit_wolf,,long_only,3.63729661304317e-05,2.0667815679251868e-05,0.07216848031635051,0.5682191439966177,-9.653465603979264,1.0,0.11745742429528079,0.7687125021658268,False,False,0.0010915075616671139,0.07217470614716659,0.0003843562510829134,0.0010884571152299481,0.072185024642229,0.0007687125021658268,0.0010823562223556162,0.07221793191217048,0.0015374250043316536
11,252,2015-10-01T00:00:00,2016-10-05T00:00:00,2016-10-06T00:00:00,2017-04-06T00:00:00,25,2,Cboe Volatility Index | S&P/BMV IPC,oas_shrinkage,,long_only,3.6488695853019134e-05,2.070429113855112e-05,0.0722321352786617,0.5674165835345418,-9.651091464466068,1.0000000000000002,0.12285462699792812,0.767906634942805,False,False,0.001090006384524445,0.07223799098341835,0.0003839533174714025,0.0010869591359730845,0.07224792728048303,0.000767906634942805,0.001080864638870364,0.0722800342289418,0.00153581326988561
11,252,2015-10-01T00:00:00,2016-10-05T00:00:00,2016-10-06T00:00:00,2017-04-06T00:00:00,25,2,Cboe Volatility Index | S&P/BMV IPC,nonlinear_shrinkage_qis,,long_only,3.6486339263632727e-05,2.131057152498093e-05,0.07328208528893808,0.5840698725898753,-9.63450276159102,0.9999999999999998,0.09456183029266643,0.7348726880551774,False,False,0.001070694936967472,0.07328786470887684,0.0003674363440275887,0.0010677787755069357,0.07329732765077951,0.0007348726880551774,0.001061946452585863,0.07332729784102816,0.0014697453761103548
11,252,2015-10-01T00:00:00,2016-10-05T00:00:00,2016-10-06T00:00:00,2017-04-06T00:00:00,25,2,Cboe Volatility Index | S&P/BMV IPC,pca_matched,,long_only,1.8936900412781207e-05,4.725192152444414e-05,0.10912141963959195,2.4952299739904684,-8.379168162576738,1.0000000000000002,0.11778221413376229,0.5642387799247501,False,False,0.0009389570001236654,0.1091182945858693,0.00028211938996237505,0.0009367179573461863,0.10911662828321796,0.0005642387799247501,0.000932239871791228,0.10911767213993837,0.0011284775598495002
11,252,2015-10-01T00:00:00,2016-10-05T00:00:00,2016-10-06T00:00:00,2017-04-06T00:00:00,25,2,Cboe Volatility Index | S&P/BMV IPC,pca_plus_two,,long_only,2.4845338707019006e-05,3.691196158186701e-05,0.09644591395507893,1.4856694858194501,-9.11717091437932,1.0,0.11565024087039594,0.6704259760255967,False,False,0.0009202482177086769,0.09644111655468006,0.00033521298801279835,0.0009175877971688926,0.09643864929054956,0.0006704259760255967,0.0009122669560893245,0.09644070571754475,0.0013408519520511934
11,252,2015-10-01T00:00:00,2016-10-05T00:00:00,2016-10-06T00:00:00,2017-04-06T00:00:00,25,2,Cboe Volatility Index | S&P/BMV IPC,poet_soft_c0_5,,long_only,3.167116141618399e-05,2.3428140462833344e-05,0.0768367841377683,0.7397310175957597,-9.620373008050093,0.9999999999999999,0.13365557731767935,0.7842168222840838,False,False,0.0009835838379781252,0.07683081474758782,0.0003921084111420419,0.000980471866461125,0.07682884737484137,0.0007842168222840838,0.0009742479234271241,0.0768369192859575,0.0015684336445681677
11,252,2015-10-01T00:00:00,2016-10-05T00:00:00,2016-10-06T00:00:00,2017-04-06T00:00:00,25,2,Cboe Volatility Index | S&P/BMV IPC,structured_q0,,long_only,2.3325494352019082e-05,3.3726160111444036e-05,0.09218997965117412,1.445892618714195,-9.220070998656844,1.0,0.09848194555098935,0.48620853743350423,False,False,0.0008982049402771788,0.09218520640416554,0.00024310426871675212,0.0008962755413191092,0.09218171516203846,0.00048620853743350424,0.0008924167434029703,0.09217857922160647,0.0009724170748670085
11,252,2015-10-01T00:00:00,2016-10-05T00:00:00,2016-10-06T00:00:00,2017-04-06T00:00:00,25,2,Cboe Volatility Index | S&P/BMV IPC,residual_aware_qr,0.5,long_only,3.201669081097255e-05,2.1866959471314675e-05,0.07423256554081435,0.6829862461557261,-9.666266957145586,1.0,0.1049014255372719,0.7508705455655978,False,False,0.0010253378080887542,0.0742359415497622,0.0003754352727827989,0.0010223581630666684,0.07424311453168107,0.0007508705455655979,0.0010163988730224971,0.0742688464314757,0.0015017410911311957
12,252,2016-04-06T00:00:00,2017-04-06T00:00:00,2017-04-07T00:00:00,2017-10-09T00:00:00,26,3,Cboe Volatility Index | CAD-JPY X-RATE | S&P/BMV IPC,equal_weight,,long_only,5.6602722130553886e-05,2.7840147335418474e-05,0.0837598777967438,0.4918517394129088,-9.28760174031932,1.0000000000000002,0.006666666666666667,0.10506751964299829,False,False,0.0007404520362620605,0.08376346616172292,5.253375982149915e-05,0.0007400351016603026,0.08376712026511611,0.0001050675196429983,0.0007392012324567866,0.08377462565258133,0.0002101350392859966
12,252,2016-04-06T00:00:00,2017-04-06T00:00:00,2017-04-07T00:00:00,2017-10-09T00:00:00,26,3,Cboe Volatility Index | CAD-JPY X-RATE | S&P/BMV IPC,sample_covariance,,long_only,2.1260758763269103e-05,1.799041788893457e-05,0.06733190408722682,0.8461794844319244,-9.912468011543787,1.0,0.09171294042930862,1.1550049737282244,False,False,0.0002302558547742733,0.0673770975556424,0.0005775024868641122,0.0002256725017039232,0.06743215315057746,0.0011550049737282244,0.00021650579556322302,0.06757174997727751,0.002310009947456449
12,252,2016-04-06T00:00:00,2017-04-06T00:00:00,2017-04-07T00:00:00,2017-10-09T00:00:00,26,3,Cboe Volatility Index | CAD-JPY X-RATE | S&P/BMV IPC,ridge_10pct,,long_only,2.0537541338188668e-05,1.7234253982161e-05,0.0659016843753221,0.8391585778631959,-9.954097483924688,1.0,0.0697785577482478,1.0016670546646693,False,False,0.00022321672358313304,0.0659412250200692,0.0005008335273323347,0.0002192418543185908,0.06598834478662602,0.0010016670546646694,0.0002112921157895061,0.06610525424961544,0.002003334109329339
12,252,2016-04-06T00:00:00,2017-04-06T00:00:00,2017-04-07T00:00:00,2017-10-09T00:00:00,26,3,Cboe Volatility Index | CAD-JPY X-RATE | S&P/BMV IPC,ledoit_wolf,,long_only,2.0453958340164098e-05,1.72328005458163e-05,0.06589890543511104,0.8425166541958472,-9.954817478144081,1.0,0.06974186664267144,1.0659314317680897,False,False,0.0002229743432775339,0.06594124520124066,0.0005329657158840448,0.0002187444566435335,0.0659921670325487,0.0010659314317680896,0.00021028468337553276,0.06611967423563754,0.002131862863536179
12,252,2016-04-06T00:00:00,2017-04-06T00:00:00,2017-04-07T00:00:00,2017-10-09T00:00:00,26,3,Cboe Volatility Index | CAD-JPY X-RATE | S&P/BMV IPC,oas_shrinkage,,long_only,2.079913590182163e-05,1.7498015169957888e-05,0.06640406480652662,0.841285679008683,-9.939313436292913,1.0,0.07677696370319108,1.0781178003898821,False,False,0.0002251267419173575,0.06644614541527194,0.0005390589001949411,0.0002208484966777151,0.06649693975106719,0.0010781178003898822,0.0002122920061984303,0.06662458646513912,0.0021562356007797643
12,252,2016-04-06T00:00:00,2017-04-06T00:00:00,2017-04-07T00:00:00,2017-10-09T00:00:00,26,3,Cboe Volatility Index | CAD-JPY X-RATE | S&P/BMV IPC,nonlinear_shrinkage_qis,,long_only,2.0693368773060913e-05,1.694691901446442e-05,0.06535000835229506,0.8189540910577254,-9.966743167085461,0.9999999999999999,0.06288950483240191,0.9670787418025439,False,False,0.00020623294449335062,0.06538822622602075,0.00048353937090127194,0.00020239533043857862,0.06543356866027061,0.0009670787418025439,0.00019472010232903466,0.06554556574447315,0.0019341574836050878
12,252,2016-04-06T00:00:00,2017-04-06T00:00:00,2017-04-07T00:00:00,2017-10-09T00:00:00,26,3,Cboe Volatility Index | CAD-JPY X-RATE | S&P/BMV IPC,pca_matched,,long_only,1.1906993688993534e-05,1.6468764526289257e-05,0.06442149222600244,1.3831169274501662,-9.95526769807011,1.0,0.0694964120411006,0.8711117833561436,False,False,0.00019071591999237101,0.06445369961352666,0.00043555589167807183,0.00018725912720127518,0.06449177438135549,0.0008711117833561437,0.00018034554161908354,0.06458548295122393,0.0017422235667122873
12,252,2016-04-06T00:00:00,2017-04-06T00:00:00,2017-04-07T00:00:00,2017-10-09T00:00:00,26,3,Cboe Volatility Index | CAD-JPY X-RATE | S&P/BMV IPC,pca_plus_two,,long_only,1.8219833565095105e-05,1.862365658006864e-05,0.06850665265634642,1.022163924468946,-9.89083587644206,0.9999999999999998,0.10113876895402905,1.0034827568666544,False,False,0.0002305661236977719,0.06853886721632353,0.0005017413784333272,0.00022658404926576136,0.06857840883295328,0.0010034827568666544,0.0002186199004017403,0.06867942026921448,0.002006965513733309
12,252,2016-04-06T00:00:00,2017-04-06T00:00:00,2017-04-07T00:00:00,2017-10-09T00:00:00,26,3,Cboe Volatility Index | CAD-JPY X-RATE | S&P/BMV IPC,poet_soft_c0_5,,long_only,1.6977393426183833e-05,1.886034682143046e-05,0.0689406077649485,1.110909451644243,-9.8727184456902,1.0,0.09231940445767806,0.9511988907015609,False,False,0.00015738001925859072,0.06897567920234046,0.0004755994453507805,0.0001536054204859655,0.06901728785730106,0.000951198890701561,0.00014605622294071503,0.06912006774210604,0.001902397781403122
12,252,2016-04-06T00:00:00,2017-04-06T00:00:00,2017-04-07T00:00:00,2017-10-09T00:00:00,26,3,Cboe Volatility Index | CAD-JPY X-RATE | S&P/BMV IPC,structured_q0,,long_only,1.1169732993695852e-05,1.4849807537297394e-05,0.06117312726515576,1.3294684434872848,-10.072834405558408,1.0000000000000002,0.08519487045896458,0.8652878636475116,False,False,0.0002871606045019943,0.06120636032191649,0.00043264393182375577,0.0002837269225033931,0.06124568810455622,0.0008652878636475115,0.00027685955850619053,0.06134257914165427,0.001730575727295023
12,252,2016-04-06T00:00:00,2017-04-06T00:00:00,2017-04-07T00:00:00,2017-10-09T00:00:00,26,3,Cboe Volatility Index | CAD-JPY X-RATE | S&P/BMV IPC,residual_aware_qr,0.5,long_only,1.7370983648448343e-05,1.644267779055091e-05,0.06437044976710066,0.9465599716927744,-10.01414937846536,0.9999999999999999,0.08113503955860434,0.9627327850273011,False,False,0.00021572204953477513,0.064407915660384,0.00048136639251365054,0.00021190168134022235,0.06445255038108894,0.0009627327850273011,0.00020426094495111678,0.06456326444423523,0.0019254655700546022
13,252,2016-10-06T00:00:00,2017-10-09T00:00:00,2017-10-10T00:00:00,2018-04-11T00:00:00,27,3,Cboe Volatility Index | CAD-JPY X-RATE | S&P/BMV IPC,equal_weight,,long_only,3.082546173501376e-05,7.889468413870304e-05,0.1410016326251337,2.559399914814214,-7.827769614973761,1.0000000000000002,0.006666666666666667,0.10700524295664526,False,False,0.0003892897925090614,0.1409997131380217,5.350262147832263e-05,0.00038886516852907477,0.14099783422867768,0.00010700524295664526,0.0003880159205691014,0.14099419814974745,0.00021401048591329053
13,252,2016-10-06T00:00:00,2017-10-09T00:00:00,2017-10-10T00:00:00,2018-04-11T00:00:00,27,3,Cboe Volatility Index | CAD-JPY X-RATE | S&P/BMV IPC,sample_covariance,,long_only,1.1717507050879307e-05,5.591498853602477e-05,0.1187037367191035,4.771918488568675,-6.582508016841837,0.9999999999999998,0.0955849844047155,1.1690981796751956,False,False,0.00020870903908557566,0.11866615100606873,0.0005845490898375978,0.00020406976059480106,0.11863431404389575,0.0011690981796751957,0.00019479120361325187,0.11858790405630748,0.0023381963593503913
13,252,2016-10-06T00:00:00,2017-10-09T00:00:00,2017-10-10T00:00:00,2018-04-11T00:00:00,27,3,Cboe Volatility Index | CAD-JPY X-RATE | S&P/BMV IPC,ridge_10pct,,long_only,1.1559857154644543e-05,5.5458095265437076e-05,0.11821776519157408,4.7974723669621655,-6.570499684698883,1.0,0.0663141723071189,0.979102680650408,False,False,0.0002016953329956572,0.1181823234581191,0.000489551340325204,0.00019781000489783814,0.11815092801619499,0.000979102680650408,0.00019003934870219993,0.11810028849889852,0.001958205361300816
13,252,2016-10-06T00:00:00,2017-10-09T00:00:00,2017-10-10T00:00:00,2018-04-11T00:00:00,27,3,Cboe Volatility Index | CAD-JPY X-RATE | S&P/BMV IPC,ledoit_wolf,,long_only,1.1320834542228834e-05,5.550770961675227e-05,0.11827063381677454,4.90314644293211,-6.485719322162785,1.0,0.05801476963572634,0.9651880828181683,False,False,0.00020380512259344377,0.11823523512401496,0.0004825940414090841,0.0001999750111536891,0.11820376649783981,0.0009651880828181682,0.00019231478827417978,0.11815263161381961,0.0019303761656363364
13,252,2016-10-06T00:00:00,2017-10-09T00:00:00,2017-10-10T00:00:00,2018-04-11T00:00:00,27,3,Cboe Volatility Index | CAD-JPY X-RATE | S&P/BMV IPC,oas_shrinkage,,long_only,1.1510215755429029e-05,5.545761993383153e-05,0.11821725856796692,4.818121667934314,-6.5541539224302365,0.9999999999999999,0.06609884783441258,1.0332635792686455,False,False,0.0002015066506747923,0.11817995865124878,0.0005166317896343227,0.0001974063983761072,0.11814716528093443,0.0010332635792686454,0.00018920589377873704,0.11809511268046743,0.002066527158537291
13,252,2016-10-06T00:00:00,2017-10-09T00:00:00,2017-10-10T00:00:00,2018-04-11T00:00:00,27,3,Cboe Volatility Index | CAD-JPY X-RATE | S&P/BMV IPC,nonlinear_shrinkage_qis,,long_only,1.15355288810244e-05,5.464130224617539e-05,0.11734397370992768,4.736783446145993,-6.633295371133166,1.0,0.050222066851936774,0.932159575064032,False,False,0.00017292853566108806,0.11730785090056925,0.000466079787532016,0.0001692294897282943,0.11727542164178116,0.000932159575064032,0.00016183139786270676,0.11722165568858187,0.001864319150128064
13,252,2016-10-06T00:00:00,2017-10-09T00:00:00,2017-10-10T00:00:00,2018-04-11T00:00:00,27,3,Cboe Volatility Index | CAD-JPY X-RATE | S&P/BMV IPC,pca_matched,,long_only,7.476022665439707e-06,4.8967372249288307e-05,0.11108455251213219,6.549922925682871,-5.253886710932422,1.0000000000000002,0.059031609840362,0.8118770451853421,False,False,-0.0001049430704298922,0.11104678239695734,0.00040593852259267107,-0.00010816480473618335,0.11101196826896742,0.0008118770451853421,-0.00011460827334876545,0.11095121886859016,0.0016237540903706843
13,252,2016-10-06T00:00:00,2017-10-09T00:00:00,2017-10-10T00:00:00,2018-04-11T00:00:00,27,3,Cboe Volatility Index | CAD-JPY X-RATE | S&P/BMV IPC,pca_plus_two,,long_only,9.9636969395642e-06,5.1430274355278785e-05,0.11384388054493862,5.161766226656055,-6.35479614991037,1.0,0.06922329966951461,1.033488161687464,False,False,6.5184634496227e-05,0.11380628559129399,0.000516744080843732,6.108349099746732e-05,0.11377337228202583,0.001033488161687464,5.288120399994773e-05,0.11372160627796295,0.002066976323374928
13,252,2016-10-06T00:00:00,2017-10-09T00:00:00,2017-10-10T00:00:00,2018-04-11T00:00:00,27,3,Cboe Volatility Index | CAD-JPY X-RATE | S&P/BMV IPC,poet_soft_c0_5,,long_only,1.0181376883130344e-05,5.408054931814792e-05,0.11674030335823732,5.31171274169751,-6.183237560544737,1.0,0.06999348021596052,1.1230148973380938,False,False,0.00012025797268078208,0.11669195664403716,0.0005615074486690469,0.00011580156435801186,0.11664899581699818,0.0011230148973380939,0.0001068887477124715,0.11657925489508596,0.0022460297946761878
13,252,2016-10-06T00:00:00,2017-10-09T00:00:00,2017-10-10T00:00:00,2018-04-11T00:00:00,27,3,Cboe Volatility Index | CAD-JPY X-RATE | S&P/BMV IPC,structured_q0,,long_only,4.850117692678897e-06,5.078467386204851e-05,0.11312708700057747,10.470812685371824,-1.7656949014057552,0.9999999999999998,0.05038460293586196,0.6963706750940357,False,False,4.074245766023168e-05,0.11309673014023613,0.0003481853375470179,3.7979081965414074e-05,0.11306850956702179,0.0006963706750940358,3.245233057577885e-05,0.11301848356197183,0.0013927413501880715
13,252,2016-10-06T00:00:00,2017-10-09T00:00:00,2017-10-10T00:00:00,2018-04-11T00:00:00,27,3,Cboe Volatility Index | CAD-JPY X-RATE | S&P/BMV IPC,residual_aware_qr,0.25,long_only,7.384265477302446e-06,5.166233618533334e-05,0.11410043259648055,6.996272864800383,-4.819886243562176,1.0,0.05228971680262397,0.8866107639841727,False,False,0.00013452758935279682,0.1140659470751503,0.00044330538199208636,0.00013100929267032,0.1140348978350259,0.0008866107639841727,0.00012397269930536622,0.11398311912021374,0.0017732215279683454
14,252,2017-04-07T00:00:00,2018-04-11T00:00:00,2018-04-12T00:00:00,2018-10-09T00:00:00,28,3,Cboe Volatility Index | CAD-JPY X-RATE | U.S. Corporate High Yield,equal_weight,,long_only,5.3185746749370096e-05,2.765510269904951e-05,0.08348105102453177,0.5199720675046655,-9.321748048253436,1.0000000000000002,0.006666666666666667,0.12505904807827745,False,False,0.0006031106292592403,0.08347369701944735,6.252952403913871e-05,0.0006026143631954378,0.083466436055423,0.00012505904807827743,0.0006016218310678324,0.08345219334738652,0.00025011809615655485
14,252,2017-04-07T00:00:00,2018-04-11T00:00:00,2018-04-12T00:00:00,2018-10-09T00:00:00,28,3,Cboe Volatility Index | CAD-JPY X-RATE | U.S. Corporate High Yield,sample_covariance,,long_only,2.3073224838961953e-05,2.228447160398837e-05,0.07493788657418268,0.9658152148007644,-9.711022495789681,1.0000000000000002,0.14837700401680842,1.3738825408011497,False,False,0.0007040591984659065,0.07501743332434241,0.0006869412704005748,0.0006986072836214576,0.07510946221465822,0.0013738825408011496,0.0006877034539325594,0.07533077722344927,0.0027477650816022992
14,252,2017-04-07T00:00:00,2018-04-11T00:00:00,2018-04-12T00:00:00,2018-10-09T00:00:00,28,3,Cboe Volatility Index | CAD-JPY X-RATE | U.S. Corporate High Yield,ridge_10pct,,long_only,2.226955554568472e-05,2.092401510456659e-05,0.072614404950745,0.9395793760518555,-9.772710658377784,0.9999999999999999,0.09096186410715512,1.2909985586527022,False,False,0.000704641932210074,0.07268216179798753,0.0006454992793263511,0.0006995189220566904,0.07276130948646634,0.0012909985586527022,0.0006892729017499229,0.07295362375601139,0.0025819971173054045
14,252,2017-04-07T00:00:00,2018-04-11T00:00:00,2018-04-12T00:00:00,2018-10-09T00:00:00,28,3,Cboe Volatility Index | CAD-JPY X-RATE | U.S. Corporate High Yield,ledoit_wolf,,long_only,2.2165306400079054e-05,2.091088963694153e-05,0.07259162615969741,0.9434062971882468,-9.77357596907523,1.0,0.09073944250452455,1.2777048610321948,False,False,0.0007047833767230746,0.07265854168962776,0.0006388524305160975,0.000699713119338026,0.07273661871526192,0.001277704861032195,0.0006895726045679293,0.07292610873066746,0.00255540972206439
14,252,2017-04-07T00:00:00,2018-04-11T00:00:00,2018-04-12T00:00:00,2018-10-09T00:00:00,28,3,Cboe Volatility Index | CAD-JPY X-RATE | U.S. Corporate High Yield,oas_shrinkage,,long_only,2.24424347809149e-05,2.1149191970541968e-05,0.07300408465679559,0.9423751111232944,-9.76218187024908,1.0,0.09463247024561722,1.3136450824865646,False,False,0.0007062059842904017,0.07307495501817135,0.0006568225412432823,0.0007009931069789471,0.07315755182236279,0.0013136450824865647,0.0006905673523560378,0.0733577606959058,0.0026272901649731293
14,252,2017-04-07T00:00:00,2018-04-11T00:00:00,2018-04-12T00:00:00,2018-10-09T00:00:00,28,3,Cboe Volatility Index | CAD-JPY X-RATE | U.S. Corporate High Yield,nonlinear_shrinkage_qis,,long_only,2.215027354700021e-05,2.1455642122471515e-05,0.07353109420417203,0.968640052094401,-9.749020659703284,0.9999999999999999,0.08027533047149495,1.169933308775548,False,False,0.0006912388792821591,0.0735987930568035,0.0005849666543877739,0.0006865962867870179,0.07367571925621448,0.0011699333087755478,0.0006773111017967359,0.07385713490764566,0.0023398666175510957
14,252,2017-04-07T00:00:00,2018-04-11T00:00:00,2018-04-12T00:00:00,2018-10-09T00:00:00,28,3,Cboe Volatility Index | CAD-JPY X-RATE | U.S. Corporate High Yield,pca_matched,,long_only,1.4898473505144072e-05,3.977157086340122e-05,0.10011211643740785,2.669506432969061,-8.44474536661128,1.0,0.12724489594060026,1.0414231169410089,False,False,0.0008924253863643132,0.10023313077371837,0.0005207115584705044,0.0008882927549478807,0.10035940271810134,0.0010414231169410088,0.0008800274921150154,0.1006276394373086,0.0020828462338820177
14,252,2017-04-07T00:00:00,2018-04-11T00:00:00,2018-04-12T00:00:00,2018-10-09T00:00:00,28,3,Cboe Volatility Index | CAD-JPY X-RATE | U.S. Corporate High Yield,pca_plus_two,,long_only,1.632914834444331e-05,3.7494488790639044e-05,0.0972039668698816,2.2961692796059476,-8.72638952555633,0.9999999999999999,0.13257338765290527,1.3165911411189803,False,False,0.0008066528712164766,0.09735130512231664,0.0006582955705594902,0.0008014283031961631,0.09750730975177513,0.0013165911411189804,0.0007909791671555364,0.09784515002670133,0.002633182282237961
14,252,2017-04-07T00:00:00,2018-04-11T00:00:00,2018-04-12T00:00:00,2018-10-09T00:00:00,28,3,Cboe Volatility Index | CAD-JPY X-RATE | U.S. Corporate High Yield,poet_soft_c0_5,,long_only,2.121610186268719e-05,2.4496001775580206e-05,0.0785683934381136,1.1545948418856993,-9.606155300866476,1.0,0.11745059770732354,1.1415949306484063,False,False,0.0006157183031750035,0.07865571277467777,0.0005707974653242032,0.0006111881645613194,0.07875121012228757,0.0011415949306484063,0.0006021278873339512,0.07896661763014733,0.0022831898612968127
14,252,2017-04-07T00:00:00,2018-04-11T00:00:00,2018-04-12T00:00:00,2018-10-09T00:00:00,28,3,Cboe Volatility Index | CAD-JPY X-RATE | U.S. Corporate High Yield,structured_q0,,long_only,9.114147812793172e-06,4.33435864280701e-05,0.10451116581434572,4.755637863062788,-6.850044783978321,1.0,0.10378148699398905,0.954703497899412,False,False,0.000663218461286337,0.10461338846006928,0.00047735174894970595,0.0006594299553422918,0.10471986329770465,0.0009547034978994119,0.0006518529434542011,0.10494551726196713,0.0019094069957988238
14,252,2017-04-07T00:00:00,2018-04-11T00:00:00,2018-04-12T00:00:00,2018-10-09T00:00:00,28,3,Cboe Volatility Index | CAD-JPY X-RATE | U.S. Corporate High Yield,residual_aware_qr,0.9,long_only,2.229810670544556e-05,2.193338518979572e-05,0.07434522895134914,0.9836433863884609,-9.727365397815138,1.0,0.1255085537709665,1.2691876800744293,False,False,0.0006972800323137801,0.07441872730437309,0.0006345938400372146,0.0006922435732658657,0.07450296448292526,0.0012691876800744292,0.000682170655170037,0.07470350537376765,0.0025383753601488585
15,252,2017-10-10T00:00:00,2018-10-09T00:00:00,2018-10-10T00:00:00,2019-04-11T00:00:00,29,3,Cboe Volatility Index | CAD-JPY X-RATE | U.S. Corporate High Yield,equal_weight,,long_only,5.307412591333344e-05,0.00013775305051933593,0.18631631364663873,2.595484111114286,-7.2483369082924956,1.0000000000000002,0.006666666666666667,0.12680949690301271,False,False,0.000338835214123581,0.18633612155782203,6.340474845150636e-05,0.00033833200183428327,0.1863559705085906,0.0001268094969030127,0.00033732557725568805,0.18639579147641386,0.0002536189938060254
15,252,2017-10-10T00:00:00,2018-10-09T00:00:00,2018-10-10T00:00:00,2019-04-11T00:00:00,29,3,Cboe Volatility Index | CAD-JPY X-RATE | U.S. Corporate High Yield,sample_covariance,,long_only,2.4534559457780493e-05,7.28254386831524e-05,0.13546959270682998,2.96827985880373,-7.6471479854440165,1.0000000000000002,0.11942714352921309,0.7359786768757701,False,False,0.00029661739134047494,0.1355793785543027,0.000367989338437885,0.0002936968410354123,0.1356910715367826,0.00073597867687577,0.0002878557404252871,0.1359201600201286,0.00147195735375154
15,252,2017-10-10T00:00:00,2018-10-09T00:00:00,2018-10-10T00:00:00,2019-04-11T00:00:00,29,3,Cboe Volatility Index | CAD-JPY X-RATE | U.S. Corporate High Yield,ridge_10pct,,long_only,2.3325977709227104e-05,7.502824967163212e-05,0.1375031596627921,3.2165103905570933,-7.449432504757954,1.0,0.07622675719314746,0.6038895829310363,False,False,0.000286685079022735,0.13759489472005784,0.0003019447914655182,0.00028428869178888166,0.13768789297329184,0.0006038895829310364,0.0002794959173211751,0.13787766880866364,0.0012077791658620727
15,252,2017-10-10T00:00:00,2018-10-09T00:00:00,2018-10-10T00:00:00,2019-04-11T00:00:00,29,3,Cboe Volatility Index | CAD-JPY X-RATE | U.S. Corporate High Yield,ledoit_wolf,,long_only,2.312018956711346e-05,7.523552726645635e-05,0.13769296594651087,3.2541051208971314,-7.420699194026966,1.0,0.07453531013393552,0.6043865052887124,False,False,0.00028712211082120937,0.13778479389403206,0.0003021932526443562,0.00028472375167323827,0.1378778853505614,0.0006043865052887124,0.0002799270333772961,0.13806784853299198,0.0012087730105774248
15,252,2017-10-10T00:00:00,2018-10-09T00:00:00,2018-10-10T00:00:00,2019-04-11T00:00:00,29,3,Cboe Volatility Index | CAD-JPY X-RATE | U.S. Corporate High Yield,oas_shrinkage,,long_only,2.3489176709452038e-05,7.451143237558327e-05,0.13702875960413194,3.172160237766013,-7.486810570696273,1.0,0.08078355605594272,0.6235101358861019,False,False,0.00028427758687376686,0.13712324576457285,0.00031175506794305096,0.00028180334030279035,0.13721908345512832,0.0006235101358861019,0.00027685484716083724,0.13741480207547574,0.0012470202717722039
15,252,2017-10-10T00:00:00,2018-10-09T00:00:00,2018-10-10T00:00:00,2019-04-11T00:00:00,29,3,Cboe Volatility Index | CAD-JPY X-RATE | U.S. Corporate High Yield,nonlinear_shrinkage_qis,,long_only,2.3524796203761844e-05,7.430105784765204e-05,0.13683518033608286,3.1584145173495943,-7.499041018145187,1.0,0.07314089565220702,0.5766379510456838,False,False,0.00032422603499705966,0.13692291699903528,0.0002883189755228419,0.0003219377891595768,0.13701181092434203,0.0005766379510456838,0.000317361297484611,0.13719306153458838,0.0011532759020913676
15,252,2017-10-10T00:00:00,2018-10-09T00:00:00,2018-10-10T00:00:00,2019-04-11T00:00:00,29,3,Cboe Volatility Index | CAD-JPY X-RATE | U.S. Corporate High Yield,pca_matched,,long_only,1.5489473630693523e-05,7.138595858853568e-05,0.13412405289250318,4.60867556190413,-6.466674323442213,1.0,0.10507685867397422,0.5678909382468227,False,False,0.0008470612293897643,0.13418398024926037,0.00028394546912341136,0.0008448076939205308,0.13424508202118446,0.0005678909382468227,0.0008403006229820639,0.1343708023713078,0.0011357818764936454
15,252,2017-10-10T00:00:00,2018-10-09T00:00:00,2018-10-10T00:00:00,2019-04-11T00:00:00,29,3,Cboe Volatility Index | CAD-JPY X-RATE | U.S. Corporate High Yield,pca_plus_two,,long_only,2.1187188354543428e-05,7.248724982457707e-05,0.1351546778909018,3.4212774536944512,-7.340836428167435,1.0,0.11578429136507039,0.6395976352186299,False,False,0.0004229024636438102,0.13524813390164622,0.00031979881760931493,0.00042036437778976795,0.1353430366775359,0.0006395976352186299,0.00041528820608168366,0.1355371703221671,0.0012791952704372597
15,252,2017-10-10T00:00:00,2018-10-09T00:00:00,2018-10-10T00:00:00,2019-04-11T00:00:00,29,3,Cboe Volatility Index | CAD-JPY X-RATE | U.S. Corporate High Yield,poet_soft_c0_5,,long_only,2.3963333729068165e-05,6.769449004979582e-05,0.13061015080210475,2.824919554814721,-7.814066102307701,1.0,0.07090903716529115,0.772798996188335,False,False,0.0004987099366213472,0.13072910523653278,0.0003863994980941675,0.0004956432739380601,0.1308502336170207,0.000772798996188335,0.0004895099485714861,0.1310989880047259,0.00154559799237667
15,252,2017-10-10T00:00:00,2018-10-09T00:00:00,2018-10-10T00:00:00,2019-04-11T00:00:00,29,3,Cboe Volatility Index | CAD-JPY X-RATE | U.S. Corporate High Yield,structured_q0,,long_only,9.541259975978822e-06,7.361261144508201e-05,0.13619977270230912,7.715187682801843,-3.8446973254693466,1.0000000000000002,0.0916437564015711,0.25446340342492085,False,False,0.0006444277870951782,0.13622663642277957,0.00012723170171246044,0.000643418011684762,0.13625373246113787,0.0002544634034249209,0.0006413984608639292,0.1363086209361563,0.0005089268068498418
15,252,2017-10-10T00:00:00,2018-10-09T00:00:00,2018-10-10T00:00:00,2019-04-11T00:00:00,29,3,Cboe Volatility Index | CAD-JPY X-RATE | U.S. Corporate High Yield,residual_aware_qr,0.5,long_only,1.9626791020848803e-05,6.798377197783912e-05,0.13088892442989766,3.4638251309458847,-7.374789905305203,0.9999999999999999,0.08161054200314577,0.7390298068220846,False,False,0.00035555408309960923,0.1309993484434431,0.0003695149034110423,0.00035262142513602953,0.1311117622940564,0.0007390298068220846,0.0003467561092088702,0.13134253897923673,0.0014780596136441692
16,252,2018-04-12T00:00:00,2019-04-11T00:00:00,2019-04-12T00:00:00,2019-10-11T00:00:00,30,2,Cboe Volatility Index | CAC 40 INDEX,equal_weight,,long_only,8.239210731150908e-05,8.384056268786222e-05,0.14535412549130236,1.0175800258497674,-8.386440884841264,1.0000000000000002,0.006666666666666667,0.12274177400052813,False,False,0.00013300942276844215,0.14534861195980492,6.137088700026407e-05,0.00013252235223669398,0.14534315004665924,0.00012274177400052814,0.00013154821117319774,0.14533238109864732,0.00024548354800105627
16,252,2018-04-12T00:00:00,2019-04-11T00:00:00,2019-04-12T00:00:00,2019-10-11T00:00:00,30,2,Cboe Volatility Index | CAC 40 INDEX,sample_covariance,,long_only,2.8607374849474607e-05,4.4234889530027976e-05,0.10558026407225476,1.5462757335401007,-8.915570277969282,1.0,0.2132888932463405,1.1184506455801322,False,False,0.0002735467154201739,0.10550665817525196,0.0005592253227900662,0.00026910841920755436,0.10543893307928753,0.0011184506455801323,0.00026023182678231523,0.10532116968404924,0.0022369012911602646
16,252,2018-04-12T00:00:00,2019-04-11T00:00:00,2019-04-12T00:00:00,2019-10-11T00:00:00,30,2,Cboe Volatility Index | CAC 40 INDEX,ridge_10pct,,long_only,2.8591702190012192e-05,4.3093009498433224e-05,0.10420862917054985,1.5071858685449901,-8.955208146906617,1.0,0.12859103968962823,1.025920523875403,False,False,0.0003180401285251766,0.1041390823296983,0.0005129602619377015,0.0003139690153351949,0.10407454566924372,0.001025920523875403,0.0003058267889552314,0.10396053948782227,0.002051841047750806
16,252,2018-04-12T00:00:00,2019-04-11T00:00:00,2019-04-12T00:00:00,2019-10-11T00:00:00,30,2,Cboe Volatility Index | CAC 40 INDEX,ledoit_wolf,,long_only,2.8600008419110143e-05,4.327217473574622e-05,0.10442503547238108,1.5130126572561542,-8.949090888507875,1.0000000000000002,0.1362659038649867,1.0540039672230224,False,False,0.0003075796847576477,0.10435348798091973,0.0005270019836115112,0.0003033971293321595,0.10428721780986769,0.0010540039672230223,0.00029503201848118314,0.10417054891421668,0.0021080079344460447
16,252,2018-04-12T00:00:00,2019-04-11T00:00:00,2019-04-12T00:00:00,2019-10-11T00:00:00,30,2,Cboe Volatility Index | CAC 40 INDEX,oas_shrinkage,,long_only,2.8657777493340665e-05,4.345983008537912e-05,0.10465121681813136,1.5165108353387864,-8.943574850568746,1.0,0.1441616521326807,1.059088759920012,False,False,0.00030002832554700844,0.10457978305152507,0.000529544379960006,0.0002958255923727227,0.10451366673164784,0.001059088759920012,0.00028742012602415117,0.10439742603090325,0.002118177519840024
16,252,2018-04-12T00:00:00,2019-04-11T00:00:00,2019-04-12T00:00:00,2019-10-11T00:00:00,30,2,Cboe Volatility Index | CAC 40 INDEX,nonlinear_shrinkage_qis,,long_only,2.8774532090819694e-05,4.1667525491979086e-05,0.10247056369503746,1.4480696110180298,-9.007950253432465,1.0,0.11103899117630311,1.0295507972661615,False,False,0.0003751947285574795,0.10240274986612015,0.0005147753986330807,0.00037110920952070894,0.10234006991961538,0.0010295507972661615,0.000362938171447168,0.10223014867298884,0.002059101594532323
16,252,2018-04-12T00:00:00,2019-04-11T00:00:00,2019-04-12T00:00:00,2019-10-11T00:00:00,30,2,Cboe Volatility Index | CAC 40 INDEX,pca_matched,,long_only,1.69855753268897e-05,5.186674091468218e-05,0.11432593192491329,3.0535757498053333,-7.929570334474214,0.9999999999999999,0.12213929597418768,0.5766778225199322,False,False,0.0007091712525980666,0.11431103724432377,0.0002883389112599661,0.0007068828485404478,0.11429759541896509,0.0005766778225199322,0.0007023060404252103,0.1142750723292656,0.0011533556450398644
16,252,2018-04-12T00:00:00,2019-04-11T00:00:00,2019-04-12T00:00:00,2019-10-11T00:00:00,30,2,Cboe Volatility Index | CAC 40 INDEX,pca_plus_two,,long_only,2.589398835400849e-05,4.281885622166342e-05,0.10387661800356797,1.6536215138536159,-8.907878212230678,1.0,0.13656946386280958,0.9824561476268249,False,False,0.0004013502518678352,0.10382066507076514,0.0004912280738134124,0.0003974516163613796,0.10376933286715691,0.0009824561476268249,0.0003896543453484683,0.10368055748238662,0.0019649122952536497
16,252,2018-04-12T00:00:00,2019-04-11T00:00:00,2019-04-12T00:00:00,2019-10-11T00:00:00,30,2,Cboe Volatility Index | CAC 40 INDEX,poet_soft_c0_5,,long_only,2.7605812679119882e-05,4.690470642542612e-05,0.10871975910204816,1.6990880497027816,-8.798396153396427,1.0,0.12854824698502243,0.9000186254790722,False,False,0.0006864649276395609,0.10868590383828088,0.00045000931273953606,0.0006828934251575012,0.10865576561143406,0.0009000186254790721,0.0006757504201933816,0.10860665226454246,0.0018000372509581442
16,252,2018-04-12T00:00:00,2019-04-11T00:00:00,2019-04-12T00:00:00,2019-10-11T00:00:00,30,2,Cboe Volatility Index | CAC 40 INDEX,structured_q0,,long_only,9.838347364287448e-06,4.882006135902621e-05,0.11091733616741165,4.962221758528248,-6.567001053260972,0.9999999999999998,0.09449728401437979,0.37012102556150706,False,False,0.00060635411465328,0.11090859788514405,0.00018506051278075353,0.0006048853804248613,0.11090047653998665,0.00037012102556150707,0.000601947911968024,0.1108860851929217,0.0007402420511230141
16,252,2018-04-12T00:00:00,2019-04-11T00:00:00,2019-04-12T00:00:00,2019-10-11T00:00:00,30,2,Cboe Volatility Index | CAC 40 INDEX,residual_aware_qr,0.25,long_only,1.7881117460730667e-05,4.1116053662855305e-05,0.10179020347282708,2.2994118657937164,-8.632353426574367,1.0,0.09276717441028941,0.8564766957215496,False,False,0.0005170473836087334,0.10175538119207118,0.00042823834786077486,0.0005136486665622193,0.10172415265008702,0.0008564766957215497,0.0005068512324691911,0.10167248964709251,0.0017129533914430994
17,252,2018-10-10T00:00:00,2019-10-11T00:00:00,2019-10-14T00:00:00,2020-04-14T00:00:00,31,2,Cboe Volatility Index | AUD-JPY X-RATE,equal_weight,,long_only,0.00011036601999079542,0.0008262767989007596,0.4563132184399126,7.486695623976216,-1.6250126374605554,1.0000000000000002,0.006666666666666667,0.12521782396242814,False,False,-0.0005169884825836784,0.4563138920795901,6.260891198121408e-05,-0.0005174853787105134,0.45631458289885896,0.00012521782396242816,-0.0005184791709641835,0.45631601607585687,0.0002504356479248563
17,252,2018-10-10T00:00:00,2019-10-11T00:00:00,2019-10-14T00:00:00,2020-04-14T00:00:00,31,2,Cboe Volatility Index | AUD-JPY X-RATE,sample_covariance,,long_only,3.749151881518018e-05,0.0005499043986742452,0.3722578521212277,14.667434557268216,4.4760387417726335,1.0000000000000002,0.28125815250156627,0.681589189234389,False,False,-0.0008294848841246075,0.3722630213197106,0.0003407945946171945,-0.0008321896031295062,0.37226881440979165,0.000681589189234389,-0.0008375990411393029,0.37228227214510967,0.001363178378468778
17,252,2018-10-10T00:00:00,2019-10-11T00:00:00,2019-10-14T00:00:00,2020-04-14T00:00:00,31,2,Cboe Volatility Index | AUD-JPY X-RATE,ridge_10pct,,long_only,3.690821923642299e-05,0.0005965089917716466,0.3877115756931368,16.161955361503324,5.954879073316372,1.0,0.12524824036933668,0.6194475227964317,False,False,-0.0007813751755968573,0.38771741827022976,0.00030972376139821583,-0.0007838333006873193,0.38772375559029526,0.0006194475227964317,-0.0007887495508682432,0.3877379143604158,0.0012388950455928633
17,252,2018-10-10T00:00:00,2019-10-11T00:00:00,2019-10-14T00:00:00,2020-04-14T00:00:00,31,2,Cboe Volatility Index | AUD-JPY X-RATE,ledoit_wolf,,long_only,3.7305869307355425e-05,0.0005796958876242485,0.3822085342863377,15.538999583369916,5.342639693761152,0.9999999999999999,0.16412924714524835,0.6548792714812974,False,False,-0.0008097055799482577,0.38221441531221284,0.0003274396357406487,-0.0008123043072160408,0.3822208572677099,0.0006548792714812974,-0.0008175017617516064,0.3822354238516575,0.0013097585429625949
17,252,2018-10-10T00:00:00,2019-10-11T00:00:00,2019-10-14T00:00:00,2020-04-14T00:00:00,31,2,Cboe Volatility Index | AUD-JPY X-RATE,oas_shrinkage,,long_only,3.739525208010673e-05,0.000573754923952298,0.38024497476755575,15.342988535636058,5.149021724303704,0.9999999999999998,0.1814768121989913,0.6531974938237859,False,False,-0.0008196909338690004,0.3802506570143252,0.00032659874691189295,-0.0008222829874159201,0.3802569002012177,0.0006531974938237859,-0.0008274670945097599,0.3802710692823769,0.0013063949876475718
17,252,2018-10-10T00:00:00,2019-10-11T00:00:00,2019-10-14T00:00:00,2020-04-14T00:00:00,31,2,Cboe Volatility Index | AUD-JPY X-RATE,nonlinear_shrinkage_qis,,long_only,3.6771025127579526e-05,0.0006231868921771946,0.3962866346833476,16.947770425627407,6.736970042043211,1.0,0.11302342362548345,0.6032357073320835,False,False,-0.0007421847619045196,0.39629204765462644,0.00030161785366604173,-0.0007445785543939329,0.3962979196680937,0.0006032357073320835,-0.0007493661393727587,0.3963110407383815,0.001206471414664167
17,252,2018-10-10T00:00:00,2019-10-11T00:00:00,2019-10-14T00:00:00,2020-04-14T00:00:00,31,2,Cboe Volatility Index | AUD-JPY X-RATE,pca_matched,,long_only,2.490141430539812e-05,0.0007634610990305841,0.43862534919416957,30.6593468815577,20.05876092486464,0.9999999999999999,0.1454759213986334,0.6387438020574372,False,False,-0.0006172872566762765,0.4386332466085042,0.0003193719010287186,-0.0006198219543034889,0.43864160894581267,0.0006387438020574372,-0.0006248913495579128,0.43865972828151645,0.0012774876041148743
17,252,2018-10-10T00:00:00,2019-10-11T00:00:00,2019-10-14T00:00:00,2020-04-14T00:00:00,31,2,Cboe Volatility Index | AUD-JPY X-RATE,pca_plus_two,,long_only,3.4950666803709954e-05,0.0006546340537668671,0.40616226012426426,18.730230740472706,8.468657729796238,1.0000000000000002,0.17719386093634085,0.5587147143900582,False,False,-0.0008047399479703625,0.40616944219618767,0.0002793573571950291,-0.0008069570698528628,0.40617700840988774,0.0005587147143900582,-0.0008113913136178633,0.4061932931756626,0.0011174294287801163
17,252,2018-10-10T00:00:00,2019-10-11T00:00:00,2019-10-14T00:00:00,2020-04-14T00:00:00,31,2,Cboe Volatility Index | AUD-JPY X-RATE,poet_soft_c0_5,,long_only,3.247645776301884e-05,0.0006332152166204649,0.3994624320112683,19.497668780291402,9.162673672652883,0.9999999999999999,0.16470421832496507,0.7550090286779175,False,False,-0.0007958955265257574,0.39946893430029734,0.00037750451433895876,-0.0007988915940998763,0.39947614996681197,0.0007550090286779175,-0.0008048837292481138,0.399492721273855,0.001510018057355835
17,252,2018-10-10T00:00:00,2019-10-11T00:00:00,2019-10-14T00:00:00,2020-04-14T00:00:00,31,2,Cboe Volatility Index | AUD-JPY X-RATE,structured_q0,,long_only,1.5061626051640146e-05,0.0008395827633298141,0.45997266914362767,55.74316879540289,44.639808425538305,1.0,0.11834117740975753,0.2909228333868168,False,False,0.0001034231010173509,0.45997591393529286,0.0001454614166934084,0.00010226864532930793,0.45997925070398293,0.0002909228333868168,9.99597339532224e-05,0.4599862001643766,0.0005818456667736336
17,252,2018-10-10T00:00:00,2019-10-11T00:00:00,2019-10-14T00:00:00,2020-04-14T00:00:00,31,2,Cboe Volatility Index | AUD-JPY X-RATE,residual_aware_qr,0.25,long_only,2.477730727182527e-05,0.0007228235831580722,0.42679215428102024,29.17280619835587,18.56722384530573,1.0,0.11471027878992049,0.4305698738901015,False,False,-0.0003613549494674882,0.42679660777459866,0.00021528493694505073,-0.00036306356007816327,0.4268012784076346,0.00043056987389010145,-0.0003664807812995132,0.4268112710632339,0.0008611397477802029
18,252,2019-04-12T00:00:00,2020-04-14T00:00:00,2020-04-15T00:00:00,2020-10-12T00:00:00,32,2,Cboe Volatility Index | AUD-JPY X-RATE,equal_weight,,long_only,0.00045335173992955757,0.0002933312206001227,0.2718813483695248,0.6470278919536097,-7.051814373987158,1.0000000000000002,0.006666666666666667,0.21583299747602547,False,False,0.002118528176675352,0.27191002071599313,0.00010791649873801275,0.0021176716965266374,0.27193877569077096,0.0002158329974760255,0.002115958736229209,0.2719965334203566,0.000431665994952051
18,252,2019-04-12T00:00:00,2020-04-14T00:00:00,2020-04-15T00:00:00,2020-10-12T00:00:00,32,2,Cboe Volatility Index | AUD-JPY X-RATE,sample_covariance,,long_only,0.00013876159303908629,0.00013149661941106594,0.18203611754700938,0.947644204214534,-7.935109051178735,0.9999999999999999,0.2609941819940191,1.6501637871440284,False,False,0.001057601023775284,0.1821443089823398,0.0008250818935720142,0.0010510527547786808,0.18225990655721266,0.0016501637871440284,0.0010379562167854742,0.18251326293449685,0.003300327574288057
18,252,2019-04-12T00:00:00,2020-04-14T00:00:00,2020-04-15T00:00:00,2020-10-12T00:00:00,32,2,Cboe Volatility Index | AUD-JPY X-RATE,ridge_10pct,,long_only,0.00013852844448141176,0.00012696943349907875,0.17887508837668772,0.9165585737600336,-7.967876304346419,1.0,0.20013688210826494,1.6126200917760873,False,False,0.0013476140921868654,0.17898123916971417,0.0008063100458880437,0.0013412148061083889,0.17909458744262877,0.0016126200917760873,0.0013284162339514357,0.17934282097414594,0.0032252401835521746
18,252,2019-04-12T00:00:00,2020-04-14T00:00:00,2020-04-15T00:00:00,2020-10-12T00:00:00,32,2,Cboe Volatility Index | AUD-JPY X-RATE,ledoit_wolf,,long_only,0.0001379737197341516,0.00012696291666384506,0.1788704978449184,0.920196374414474,-7.968250953237015,1.0,0.20002519757835335,1.6013893719639816,False,False,0.0013481168401592364,0.17897588892824903,0.0008006946859819908,0.0013417621204292207,0.17908837785837908,0.0016013893719639817,0.0013290526809691893,0.17933459499016002,0.0032027787439279634
18,252,2019-04-12T00:00:00,2020-04-14T00:00:00,2020-04-15T00:00:00,2020-10-12T00:00:00,32,2,Cboe Volatility Index | AUD-JPY X-RATE,oas_shrinkage,,long_only,0.00013854817059788996,0.00013051292616832321,0.1813539561035751,0.9420039658777775,-7.942288524777421,1.0,0.25012842146580944,1.659165618777373,False,False,0.0011107218363209032,0.18146225906383442,0.0008295828093886864,0.0011041378457701991,0.18157807787624974,0.0016591656187773729,0.0010909698646687917,0.18183220467852085,0.0033183312375547457
18,252,2019-04-12T00:00:00,2020-04-14T00:00:00,2020-04-15T00:00:00,2020-10-12T00:00:00,32,2,Cboe Volatility Index | AUD-JPY X-RATE,nonlinear_shrinkage_qis,,long_only,0.00014084521812480534,0.0001325851128425001,0.1827879876696224,0.9413533139975984,-7.9264957003462415,1.0,0.21577175010889052,1.6893816034393365,False,False,0.0013130283337169921,0.18289733095777744,0.0008446908017196682,0.0013063244384652487,0.18301440630958413,0.0016893816034393365,0.0012929166479617622,0.18327169295392354,0.003378763206878673
18,252,2019-04-12T00:00:00,2020-04-14T00:00:00,2020-04-15T00:00:00,2020-10-12T00:00:00,32,2,Cboe Volatility Index | AUD-JPY X-RATE,pca_matched,,long_only,0.00013281532961587043,0.0001240282113778977,0.17679114589602676,0.9338395781316291,-7.992711315597841,0.9999999999999999,0.203882575720301,1.8270549164967305,False,False,0.0013053441869266555,0.17692062285895033,0.0009135274582483653,0.0012980939690040495,0.17705943196575422,0.0018270549164967306,0.0012835935331588376,0.17736495749587192,0.003654109832993461
18,252,2019-04-12T00:00:00,2020-04-14T00:00:00,2020-04-15T00:00:00,2020-10-12T00:00:00,32,2,Cboe Volatility Index | AUD-JPY X-RATE,pca_plus_two,,long_only,0.00013085227748389883,0.0001302210630700431,0.18115106373866774,0.9951761297090653,-7.946265394127515,0.9999999999999999,0.2072293464893045,1.7153142400455246,False,False,0.001371581780575732,0.18126802259433322,0.0008576571200227623,0.0013647749780358691,0.181393016513345,0.0017153142400455246,0.0013511613729561426,0.18166704213406135,0.003430628480091049
18,252,2019-04-12T00:00:00,2020-04-14T00:00:00,2020-04-15T00:00:00,2020-10-12T00:00:00,32,2,Cboe Volatility Index | AUD-JPY X-RATE,poet_soft_c0_5,,long_only,0.000135200883056688,0.0001241075969069032,0.17684771533876148,0.9179496028503488,-7.990799260042013,1.0,0.21132725030911123,1.7240152534055464,False,False,0.0012932639556166561,0.1769653084618557,0.0008620076267027733,0.0012864226252459992,0.1770912154965735,0.0017240152534055465,0.0012727399645046853,0.17736789931085042,0.003448030506811093
18,252,2019-04-12T00:00:00,2020-04-14T00:00:00,2020-04-15T00:00:00,2020-10-12T00:00:00,32,2,Cboe Volatility Index | AUD-JPY X-RATE,structured_q0,,long_only,7.395117645381377e-05,9.09646688820312e-05,0.15140375344842633,1.2300638508278934,-8.282041609332433,1.0,0.14602002366988986,1.214301360164319,False,False,0.0009054256817985681,0.15149341276986653,0.0006071506800821595,0.0009006070256074398,0.15158788274411567,0.001214301360164319,0.0008909697132251834,0.15179121826571143,0.002428602720328638
18,252,2019-04-12T00:00:00,2020-04-14T00:00:00,2020-04-15T00:00:00,2020-10-12T00:00:00,32,2,Cboe Volatility Index | AUD-JPY X-RATE,residual_aware_qr,0.5,long_only,0.0001191073375085733,0.00010469827516847643,0.1624314173503884,0.8790245618658068,-8.156460913670394,1.0,0.1888358009220568,1.7212489094489511,False,False,0.001115941993846107,0.1625460568216524,0.0008606244547244757,0.0011091116410308333,0.16266972223461848,0.0017212489094489514,0.001095450935400286,0.16294404718354363,0.0034424978188979027
19,252,2019-10-14T00:00:00,2020-10-12T00:00:00,2020-10-13T00:00:00,2021-04-19T00:00:00,33,2,Cboe Volatility Index | AUD-JPY X-RATE,equal_weight,,long_only,0.0005593175959462683,0.00010946375122190088,0.1660869209417738,0.19570947171205513,-7.293083624261108,1.0000000000000002,0.006666666666666667,0.17325967818776156,False,False,0.001816924677472895,0.16609961323548764,8.662983909388078e-05,0.001816237139067388,0.1661123949166775,0.00017325967818776155,0.0018148620622563739,0.16613822635881775,0.0003465193563755231
19,252,2019-10-14T00:00:00,2020-10-12T00:00:00,2020-10-13T00:00:00,2021-04-19T00:00:00,33,2,Cboe Volatility Index | AUD-JPY X-RATE,sample_covariance,,long_only,0.0001585391947108559,8.164009150260204e-05,0.14343396759016225,0.5149521016017358,-8.234556608373165,0.9999999999999999,0.3000455830596697,0.483033927633132,False,False,0.0004742556689324278,0.1434241871409509,0.000241516963816566,0.00047233886763229635,0.14341521947549546,0.000483033927633132,0.0004685052650320334,0.14339972309197233,0.000966067855266264
19,252,2019-10-14T00:00:00,2020-10-12T00:00:00,2020-10-13T00:00:00,2021-04-19T00:00:00,33,2,Cboe Volatility Index | AUD-JPY X-RATE,ridge_10pct,,long_only,0.00015943602561493581,7.426599784890304e-05,0.1368028927249843,0.4658043723961586,-8.278063437125946,1.0,0.20659847440551343,0.46931237340342125,False,False,0.0005144907600312413,0.1367972519321655,0.00023465618670171065,0.0005126284093431325,0.13679241597605096,0.0004693123734034213,0.0005089037079669149,0.13678515890118226,0.0009386247468068426
19,252,2019-10-14T00:00:00,2020-10-12T00:00:00,2020-10-13T00:00:00,2021-04-19T00:00:00,33,2,Cboe Volatility Index | AUD-JPY X-RATE,ledoit_wolf,,long_only,0.00015935747763296443,7.732586468851184e-05,0.13959268570202732,0.48523524491652936,-8.25912534744312,0.9999999999999999,0.23366357007364258,0.4674618048718784,False,False,0.0005048435255499513,0.1395857365777686,0.0002337309024359392,0.0005029885183877613,0.13957956989097808,0.0004674618048718784,0.0004992785040633813,0.1395695842314935,0.0009349236097437568
19,252,2019-10-14T00:00:00,2020-10-12T00:00:00,2020-10-13T00:00:00,2021-04-19T00:00:00,33,2,Cboe Volatility Index | AUD-JPY X-RATE,oas_shrinkage,,long_only,0.0001586808359774391,8.02288605720751e-05,0.14218886336194872,0.5055989280487649,-8.2430167659606,0.9999999999999998,0.27738779238890726,0.4681201782658136,False,False,0.00048645326959402996,0.142180192757711,0.0002340600891329068,0.0004845956498390069,0.1421722922990907,0.0004681201782658136,0.00048088041032896085,0.14215880231979464,0.0009362403565316272
19,252,2019-10-14T00:00:00,2020-10-12T00:00:00,2020-10-13T00:00:00,2021-04-19T00:00:00,33,2,Cboe Volatility Index | AUD-JPY X-RATE,nonlinear_shrinkage_qis,,long_only,0.0001623186284985733,7.726935586845183e-05,0.13954167004464962,0.47603504652043677,-8.249914265330053,1.0000000000000002,0.22049498092424646,0.46594718472750096,False,False,0.00050398123420434,0.13953497137825555,0.00023297359236375045,0.0005021322374395484,0.13952905039091423,0.0004659471847275009,0.0004984342439099651,0.13951954183642704,0.0009318943694550018
19,252,2019-10-14T00:00:00,2020-10-12T00:00:00,2020-10-13T00:00:00,2021-04-19T00:00:00,33,2,Cboe Volatility Index | AUD-JPY X-RATE,pca_matched,,long_only,0.0001518164404401027,8.014706827485e-05,0.14211636501565258,0.5279208763063512,-8.264917519266287,1.0000000000000002,0.23865634315455245,0.46164073515844606,False,False,0.0004491705412227888,0.14210704114712955,0.00023082036757922304,0.0004473386335435886,0.1420984665437671,0.0004616407351584461,0.00044367481818518824,0.14208356566327934,0.0009232814703168922
19,252,2019-10-14T00:00:00,2020-10-12T00:00:00,2020-10-13T00:00:00,2021-04-19T00:00:00,33,2,Cboe Volatility Index | AUD-JPY X-RATE,pca_plus_two,,long_only,0.000151762049644781,8.269459711807527e-05,0.14435732913071983,0.5448964171980599,-8.248300309400525,0.9999999999999999,0.24958958418654012,0.48484451668591233,False,False,0.0004511778709610946,0.14434922719860568,0.0002424222583429562,0.0004492538847837696,0.1443419391102938,0.0004848445166859124,0.00044540591242911946,0.14432980494446043,0.0009696890333718248
19,252,2019-10-14T00:00:00,2020-10-12T00:00:00,2020-10-13T00:00:00,2021-04-19T00:00:00,33,2,Cboe Volatility Index | AUD-JPY X-RATE,poet_soft_c0_5,,long_only,0.00015566143445328249,7.869031366023352e-05,0.14081888737800355,0.5055222183748427,-8.262304982802677,1.0,0.2514305302893905,0.4380056806643685,False,False,0.0004449127883388094,0.14081169055104656,0.00021900284033218425,0.0004431746705583953,0.1408051746147308,0.0004380056806643685,0.0004396984349975669,0.14079418578228292,0.000876011361328737
19,252,2019-10-14T00:00:00,2020-10-12T00:00:00,2020-10-13T00:00:00,2021-04-19T00:00:00,33,2,Cboe Volatility Index | AUD-JPY X-RATE,structured_q0,,long_only,8.193038225839446e-05,6.388813567955735e-05,0.12688502745102925,0.7797856414005864,-8.629855026750223,0.9999999999999999,0.17538347515765154,0.5274282693879204,False,False,-0.0001286740249326634,0.12686292475513802,0.0002637141346939602,-0.00013076699425563124,0.12684191477656945,0.0005274282693879204,-0.00013495293290156715,0.12680317511577519,0.0010548565387758408
19,252,2019-10-14T00:00:00,2020-10-12T00:00:00,2020-10-13T00:00:00,2021-04-19T00:00:00,33,2,Cboe Volatility Index | AUD-JPY X-RATE,residual_aware_qr,0.1,long_only,9.488382639252602e-05,6.413689799345882e-05,0.12713181464272277,0.6759518500880237,-8.586905444682365,0.9999999999999999,0.17928022423404658,0.6126118602442451,False,False,-3.2229905117716385e-05,0.1271076325097306,0.00030630593012212254,-3.466090456313008e-05,0.1270849223291148,0.0006126118602442451,-3.952290345395746e-05,0.1270439209313374,0.0012252237204884902
20,252,2020-04-15T00:00:00,2021-04-19T00:00:00,2021-04-20T00:00:00,2021-10-21T00:00:00,34,3,Cboe Volatility Index | AUD-JPY X-RATE | US Generic Govt 5 Yr,equal_weight,,long_only,0.00020061796284437473,6.321652843073179e-05,0.12621634269992302,0.3151090138412517,-8.198999127019036,1.0000000000000002,0.006666666666666667,0.1820051637534928,False,False,0.0008075546586846496,0.12622900256620384,9.100258187674639e-05,0.0008068324159713421,0.12624179236311805,0.00018200516375349278,0.0008053879305447272,0.12626776159051575,0.00036401032750698557
20,252,2020-04-15T00:00:00,2021-04-19T00:00:00,2021-04-20T00:00:00,2021-10-21T00:00:00,34,3,Cboe Volatility Index | AUD-JPY X-RATE | US Generic Govt 5 Yr,sample_covariance,,long_only,5.374361984844524e-05,3.0313047673222523e-05,0.08740073234047914,0.5640306283555899,-9.267254970140415,1.0,0.15870227896621913,1.3083128417484395,False,False,6.352327861181506e-05,0.08731181302559923,0.0006541564208742198,5.8331560985829175e-05,0.08723261463738324,0.0013083128417484397,4.794812573385747e-05,0.0871034834508005,0.0026166256834968793
20,252,2020-04-15T00:00:00,2021-04-19T00:00:00,2021-04-20T00:00:00,2021-10-21T00:00:00,34,3,Cboe Volatility Index | AUD-JPY X-RATE | US Generic Govt 5 Yr,ridge_10pct,,long_only,5.3539009715117826e-05,2.897207560891296e-05,0.08544567311131715,0.5411395497054199,-9.29396046650659,1.0,0.1208950011193255,1.1637172670586806,False,False,0.0001307597162061579,0.08536767096292347,0.0005818586335293403,0.0001261417905432266,0.08529753616429682,0.0011637172670586806,0.00011690593921736411,0.08518094416865536,0.002327434534117361
20,252,2020-04-15T00:00:00,2021-04-19T00:00:00,2021-04-20T00:00:00,2021-10-21T00:00:00,34,3,Cboe Volatility Index | AUD-JPY X-RATE | US Generic Govt 5 Yr,ledoit_wolf,,long_only,5.36838212997912e-05,2.9333489673821716e-05,0.08597697015947393,0.5464121026335323,-9.285986778543156,1.0,0.1308165315912384,1.2201492032924928,False,False,9.416354858170628e-05,0.08589454480988394,0.0006100746016462464,8.932168666387896e-05,0.08582071441365159,0.0012201492032924929,7.963796282822422e-05,0.08569892475083454,0.0024402984065849858
20,252,2020-04-15T00:00:00,2021-04-19T00:00:00,2021-04-20T00:00:00,2021-10-21T00:00:00,34,3,Cboe Volatility Index | AUD-JPY X-RATE | US Generic Govt 5 Yr,oas_shrinkage,,long_only,5.369568188566221e-05,2.9670105389541114e-05,0.08646887623974514,0.5525603614219788,-9.279617610073302,1.0,0.13527952030879392,1.2827891710093076,False,False,8.30659460974296e-05,0.0863823169803727,0.0006413945855046538,7.797551287913868e-05,0.08630520473116363,0.0012827891710093075,6.779464644255685e-05,0.08617941959331595,0.002565578342018615
20,252,2020-04-15T00:00:00,2021-04-19T00:00:00,2021-04-20T00:00:00,2021-10-21T00:00:00,34,3,Cboe Volatility Index | AUD-JPY X-RATE | US Generic Govt 5 Yr,nonlinear_shrinkage_qis,,long_only,5.386642539204036e-05,2.9366272933223314e-05,0.08602500089608994,0.5451683997869786,-9.283834779876603,1.0,0.11931425088753582,1.227821335433814,False,False,9.939661204246152e-05,0.08593287154331464,0.0006139106677169071,9.452430515581941e-05,0.08584942393178359,0.0012278213354338142,8.477969138253516e-05,0.0857086727268186,0.0024556426708676284
20,252,2020-04-15T00:00:00,2021-04-19T00:00:00,2021-04-20T00:00:00,2021-10-21T00:00:00,34,3,Cboe Volatility Index | AUD-JPY X-RATE | US Generic Govt 5 Yr,pca_matched,,long_only,3.394261683708164e-05,4.262023865016981e-05,0.1036354193306651,1.2556556512639898,-9.035183548007778,1.0,0.1408061953587264,1.3638133400274852,False,False,-0.00039374368597251973,0.1034539779273948,0.0006819066700137426,-0.00039915564367104143,0.10328122261566924,0.0013638133400274853,-0.00040997955906808505,0.10296194295679256,0.0027276266800549706
20,252,2020-04-15T00:00:00,2021-04-19T00:00:00,2021-04-20T00:00:00,2021-10-21T00:00:00,34,3,Cboe Volatility Index | AUD-JPY X-RATE | US Generic Govt 5 Yr,pca_plus_two,,long_only,4.365572004626578e-05,3.3074611701296524e-05,0.09129513759629658,0.757623781402402,-9.281552459419188,1.0000000000000002,0.16042624160354774,1.2976899164169784,False,False,-0.00022440948438948006,0.09116770934780523,0.0006488449582084891,-0.00022955904754986495,0.09104935093587561,0.0012976899164169782,-0.00023985817387063457,0.09083998271377217,0.0025953798328339564
20,252,2020-04-15T00:00:00,2021-04-19T00:00:00,2021-04-20T00:00:00,2021-10-21T00:00:00,34,3,Cboe Volatility Index | AUD-JPY X-RATE | US Generic Govt 5 Yr,poet_soft_c0_5,,long_only,4.490838811779322e-05,3.140387726548677e-05,0.08895941249189243,0.699287562562153,-9.311598400333954,0.9999999999999999,0.14063353293470746,1.3089715674753533,False,False,9.53401885126094e-06,0.08883576165264133,0.0006544857837376767,4.339687234295196e-06,0.08872159507398177,0.0013089715674753533,-6.048975999636157e-06,0.08852185843224453,0.0026179431349507066
20,252,2020-04-15T00:00:00,2021-04-19T00:00:00,2021-04-20T00:00:00,2021-10-21T00:00:00,34,3,Cboe Volatility Index | AUD-JPY X-RATE | US Generic Govt 5 Yr,structured_q0,,long_only,2.226186095800252e-05,3.962220362569306e-05,0.09992394764857247,1.7798244136211796,-8.93281120100163,1.0,0.11206037410502452,0.6900609221859307,False,False,-0.00021108492842949577,0.0998400396979946,0.00034503046109296537,-0.000213823265422297,0.09975844788385567,0.0006900609221859307,-0.00021929993940789962,0.09960223527121548,0.0013801218443718615
20,252,2020-04-15T00:00:00,2021-04-19T00:00:00,2021-04-20T00:00:00,2021-10-21T00:00:00,34,3,Cboe Volatility Index | AUD-JPY X-RATE | US Generic Govt 5 Yr,residual_aware_qr,0.75,long_only,4.834947142212802e-05,3.0345372920501962e-05,0.08744732114802885,0.6276257429075811,-9.309429525541285,1.0,0.15149291260090172,0.8392008053806488,False,False,7.260071329140941e-05,0.08737979015166811,0.00041960040269032445,6.927055136529578e-05,0.0873162398178275,0.0008392008053806489,6.26102275130684e-05,0.08720111540484583,0.0016784016107612978
21,252,2020-10-13T00:00:00,2021-10-21T00:00:00,2021-10-22T00:00:00,2022-04-25T00:00:00,35,4,BRAZIL IBOVESPA INDEX | Cboe Volatility Index | FTSE 100 INDEX | US Generic Govt 10 Yr,equal_weight,,long_only,8.625185934873982e-05,0.00013356377995717972,0.18346136527675053,1.5485321819805054,-7.809706762638115,1.0000000000000002,0.006666666666666667,0.13142326803656432,False,False,-1.3708992225830287e-05,0.18345810715022354,6.571163401828217e-05,-1.4230513130737312e-05,0.1834548960402853,0.00013142326803656433,-1.527355494055131e-05,0.18344861488001493,0.00026284653607312866
21,252,2020-10-13T00:00:00,2021-10-21T00:00:00,2021-10-22T00:00:00,2022-04-25T00:00:00,35,4,BRAZIL IBOVESPA INDEX | Cboe Volatility Index | FTSE 100 INDEX | US Generic Govt 10 Yr,sample_covariance,,long_only,2.865423120539549e-05,7.047308691542226e-05,0.13326371562689676,2.4594303860489695,-8.000779053606868,1.0000000000000002,0.11023762258152145,0.8922419924391116,False,False,0.00022645980842216554,0.13323247603999439,0.0004461209962195558,0.00022291916559502627,0.13320421741289581,0.0008922419924391116,0.00021583787994074755,0.13315665042937178,0.0017844839848782231
21,252,2020-10-13T00:00:00,2021-10-21T00:00:00,2021-10-22T00:00:00,2022-04-25T00:00:00,35,4,BRAZIL IBOVESPA INDEX | Cboe Volatility Index | FTSE 100 INDEX | US Generic Govt 10 Yr,ridge_10pct,,long_only,2.77248490486932e-05,6.999142512115864e-05,0.13280752663359097,2.5245015761215717,-7.968679893212863,1.0,0.08014336824709328,0.8301525427539491,False,False,0.00023955991837553155,0.13277836299367038,0.00041507627137697456,0.00023626566225349216,0.1327517886179695,0.0008301525427539491,0.00022967715000941317,0.13270641372965022,0.0016603050855078982
21,252,2020-10-13T00:00:00,2021-10-21T00:00:00,2021-10-22T00:00:00,2022-04-25T00:00:00,35,4,BRAZIL IBOVESPA INDEX | Cboe Volatility Index | FTSE 100 INDEX | US Generic Govt 10 Yr,ledoit_wolf,,long_only,2.7613101925527542e-05,6.999307686231762e-05,0.13280909369958083,2.534777767854142,-7.962442422578312,1.0,0.08013116989939058,0.8633386693854058,False,False,0.00023943095529443237,0.13277881658205767,0.00043166933469270294,0.00023600500819369666,0.13275133991872723,0.0008633386693854059,0.00022915311399222517,0.13270479473539412,0.0017266773387708118
21,252,2020-10-13T00:00:00,2021-10-21T00:00:00,2021-10-22T00:00:00,2022-04-25T00:00:00,35,4,BRAZIL IBOVESPA INDEX | Cboe Volatility Index | FTSE 100 INDEX | US Generic Govt 10 Yr,oas_shrinkage,,long_only,2.819633329880608e-05,6.985243053559361e-05,0.13267559118002673,2.4773586620410453,-7.9989599512981595,1.0,0.08474662655627688,0.8626266626172676,False,False,0.00024024067440692938,0.13264571036929118,0.0004313133313086338,0.00023681755272987682,0.1326186283616944,0.0008626266626172676,0.0002299713093757715,0.1325728674395371,0.0017252533252345352
21,252,2020-10-13T00:00:00,2021-10-21T00:00:00,2021-10-22T00:00:00,2022-04-25T00:00:00,35,4,BRAZIL IBOVESPA INDEX | Cboe Volatility Index | FTSE 100 INDEX | US Generic Govt 10 Yr,nonlinear_shrinkage_qis,,long_only,2.747073630930288e-05,6.978044440979312e-05,0.13260720942417825,2.540173791634489,-7.962215462457223,0.9999999999999998,0.08135390626778945,0.8035175628467504,False,False,0.00027590489293656865,0.13257727901790037,0.0004017587814233751,0.0002727163311792403,0.13254977733963327,0.0008035175628467502,0.0002663392076645835,0.13250206608275986,0.0016070351256935005
21,252,2020-10-13T00:00:00,2021-10-21T00:00:00,2021-10-22T00:00:00,2022-04-25T00:00:00,35,4,BRAZIL IBOVESPA INDEX | Cboe Volatility Index | FTSE 100 INDEX | US Generic Govt 10 Yr,pca_matched,,long_only,2.493609636420766e-05,7.12888589550351e-05,0.13403280365891346,2.858862025307235,-7.740332125738142,1.0,0.11313866345525495,0.8395322785199391,False,False,0.0003746910192985257,0.13400054870035347,0.0004197661392599695,0.0003713595420028117,0.1339709164773065,0.000839532278519939,0.00036469658741138355,0.1339195270476144,0.001679064557039878
21,252,2020-10-13T00:00:00,2021-10-21T00:00:00,2021-10-22T00:00:00,2022-04-25T00:00:00,35,4,BRAZIL IBOVESPA INDEX | Cboe Volatility Index | FTSE 100 INDEX | US Generic Govt 10 Yr,pca_plus_two,,long_only,2.450294563632581e-05,7.178233457984167e-05,0.13449590445110252,2.9295389887093326,-7.687178228877199,0.9999999999999998,0.11951867117395917,0.746248428998477,False,False,0.000389886518214187,0.13446702523580326,0.00037312421449923854,0.00038692521492451063,0.13444021096431674,0.0007462484289984771,0.0003810026083451576,0.1343927821016107,0.0014924968579969541
21,252,2020-10-13T00:00:00,2021-10-21T00:00:00,2021-10-22T00:00:00,2022-04-25T00:00:00,35,4,BRAZIL IBOVESPA INDEX | Cboe Volatility Index | FTSE 100 INDEX | US Generic Govt 10 Yr,poet_soft_c0_5,,long_only,2.6860609710672372e-05,6.89374568840287e-05,0.131803790289867,2.566488907980305,-7.9583607595682375,1.0,0.13801130346793286,0.8615513740456736,False,False,0.00031708818268734923,0.13176940263376274,0.0004307756870228368,0.00031366932802843784,0.1317378232585928,0.0008615513740456736,0.00030683161871061505,0.1316830972529493,0.0017231027480913471
21,252,2020-10-13T00:00:00,2021-10-21T00:00:00,2021-10-22T00:00:00,2022-04-25T00:00:00,35,4,BRAZIL IBOVESPA INDEX | Cboe Volatility Index | FTSE 100 INDEX | US Generic Govt 10 Yr,structured_q0,,long_only,1.113831099936765e-05,7.614273360334997e-05,0.1385206441944456,6.83611129260736,-4.5690086582083085,1.0,0.07171814618829869,0.4800591963231668,False,False,0.0006309207958596067,0.1384990533491366,0.0002400295981615834,0.0006290157990488006,0.1384782912445187,0.0004800591963231668,0.0006252058054271881,0.13843925473393445,0.0009601183926463336
21,252,2020-10-13T00:00:00,2021-10-21T00:00:00,2021-10-22T00:00:00,2022-04-25T00:00:00,35,4,BRAZIL IBOVESPA INDEX | Cboe Volatility Index | FTSE 100 INDEX | US Generic Govt 10 Yr,residual_aware_qr,0.5,long_only,2.2524766491897124e-05,6.942294787814087e-05,0.13226708912383117,3.0820718120702613,-7.618823309072784,0.9999999999999999,0.07682382270633015,0.9123827213978207,False,False,0.00042551683867791154,0.13222747995221043,0.0004561913606989104,0.0004218962723231583,0.13219100758358424,0.0009123827213978208,0.00041465513961365174,0.13212748342247407,0.0018247654427956416
22,252,2021-04-20T00:00:00,2022-04-25T00:00:00,2022-04-26T00:00:00,2022-10-26T00:00:00,36,4,BRAZIL IBOVESPA INDEX | Cboe Volatility Index | FTSE 100 INDEX | US Generic Govt 10 Yr,equal_weight,,long_only,9.816753459193086e-05,0.00027550965190943036,0.26349275565217434,2.8065251211073665,-6.422309881128513,1.0000000000000002,0.006666666666666667,0.17405373931835363,False,False,-0.0007269006412360873,0.26350976597843107,8.702686965917682e-05,-0.0007275913306778267,0.26352683268605254,0.00017405373931835363,-0.0007289727095613058,0.2635611352015424,0.00034810747863670726
22,252,2021-04-20T00:00:00,2022-04-25T00:00:00,2022-04-26T00:00:00,2022-10-26T00:00:00,36,4,BRAZIL IBOVESPA INDEX | Cboe Volatility Index | FTSE 100 INDEX | US Generic Govt 10 Yr,sample_covariance,,long_only,3.605998843698319e-05,0.0001650744509637976,0.20395774474845763,4.577773263912002,-5.652553396937629,1.0,0.10673726929666394,1.1758976340241838,False,False,-0.0006153706083455271,0.20407323886491205,0.0005879488170120918,-0.0006200368687980039,0.2041920535525308,0.0011758976340241836,-0.0006293693897029579,0.20443962132156532,0.002351795268048367
22,252,2021-04-20T00:00:00,2022-04-25T00:00:00,2022-04-26T00:00:00,2022-10-26T00:00:00,36,4,BRAZIL IBOVESPA INDEX | Cboe Volatility Index | FTSE 100 INDEX | US Generic Govt 10 Yr,ridge_10pct,,long_only,3.468703864737491e-05,0.00016495531024882803,0.203884129305605,4.75553165335755,-5.51361281344438,1.0,0.08532335569144052,1.035537190269687,False,False,-0.0006119638672751092,0.2039869377395616,0.0005177685951348435,-0.0006160731418396717,0.20409232149028864,0.001035537190269687,-0.0006242916909687962,0.20431079890445278,0.002071074380539374
22,252,2021-04-20T00:00:00,2022-04-25T00:00:00,2022-04-26T00:00:00,2022-10-26T00:00:00,36,4,BRAZIL IBOVESPA INDEX | Cboe Volatility Index | FTSE 100 INDEX | US Generic Govt 10 Yr,ledoit_wolf,,long_only,3.452897576175516e-05,0.00016494894538218952,0.2038801957923127,4.777116660520512,-5.496595048753582,1.0,0.08507634859668459,1.0350364858025398,False,False,-0.0006124609272649299,0.20398297090434672,0.0005175182429012699,-0.0006165682149070034,0.20408831887725054,0.0010350364858025397,-0.0006247827901911506,0.20430671738853975,0.0020700729716050794
22,252,2021-04-20T00:00:00,2022-04-25T00:00:00,2022-04-26T00:00:00,2022-10-26T00:00:00,36,4,BRAZIL IBOVESPA INDEX | Cboe Volatility Index | FTSE 100 INDEX | US Generic Govt 10 Yr,oas_shrinkage,,long_only,3.540184054305332e-05,0.00016510816650190698,0.20397857230229002,4.663830014744957,-5.584916731689545,1.0,0.09706351085351567,1.0985521180273978,False,False,-0.0005996915332734213,0.20408695119777678,0.0005492760590136989,-0.0006040508670751175,0.20419822760416634,0.0010985521180273978,-0.0006127695346785096,0.20442945390013972,0.0021971042360547956
22,252,2021-04-20T00:00:00,2022-04-25T00:00:00,2022-04-26T00:00:00,2022-10-26T00:00:00,36,4,BRAZIL IBOVESPA INDEX | Cboe Volatility Index | FTSE 100 INDEX | US Generic Govt 10 Yr,nonlinear_shrinkage_qis,,long_only,3.494745687679296e-05,0.00016156826607026853,0.20178008586009588,4.623176634565326,-5.638488221979108,1.0,0.07850204150473661,1.0051436326013623,False,False,-0.0005981618023764685,0.20188029298624477,0.0005025718163006811,-0.0006021504675852041,0.20198295140045497,0.0010051436326013621,-0.0006101277980026751,0.20219560706914014,0.0020102872652027243
22,252,2021-04-20T00:00:00,2022-04-25T00:00:00,2022-04-26T00:00:00,2022-10-26T00:00:00,36,4,BRAZIL IBOVESPA INDEX | Cboe Volatility Index | FTSE 100 INDEX | US Generic Govt 10 Yr,pca_matched,,long_only,3.456802521840537e-05,0.0001532175608882411,0.19649637488726543,4.432349256869382,-5.84023217293517,0.9999999999999998,0.11372848899169227,1.0446477233177316,False,False,-0.0006415957902432126,0.19659685491198975,0.0005223238616588658,-0.0006457412177166957,0.1967000576197195,0.0010446477233177316,-0.0006540320726636617,0.19691461384780073,0.002089295446635463
22,252,2021-04-20T00:00:00,2022-04-25T00:00:00,2022-04-26T00:00:00,2022-10-26T00:00:00,36,4,BRAZIL IBOVESPA INDEX | Cboe Volatility Index | FTSE 100 INDEX | US Generic Govt 10 Yr,pca_plus_two,,long_only,3.422506963696058e-05,0.00015653062465500109,0.19860945952562348,4.573566286800464,-5.70898586531027,0.9999999999999998,0.11628080259076531,1.0726301491487253,False,False,-0.0005268246021702223,0.1987115813916806,0.0005363150745743627,-0.0005310810710160504,0.19881654428327034,0.0010726301491487255,-0.0005395940087077069,0.19903497504250442,0.002145260298297451
22,252,2021-04-20T00:00:00,2022-04-25T00:00:00,2022-04-26T00:00:00,2022-10-26T00:00:00,36,4,BRAZIL IBOVESPA INDEX | Cboe Volatility Index | FTSE 100 INDEX | US Generic Govt 10 Yr,poet_soft_c0_5,,long_only,3.608539624705971e-05,0.00015743460475850073,0.19918212871425536,4.36283430783523,-5.866788002729538,1.0,0.12255874015332126,1.1205541885045887,False,False,-0.0005481870560153241,0.19929042692883547,0.0005602770942522943,-0.0005526336996205009,0.19940181487013145,0.0011205541885045886,-0.0005615269868308548,0.19963383910204122,0.0022411083770091773
22,252,2021-04-20T00:00:00,2022-04-25T00:00:00,2022-04-26T00:00:00,2022-10-26T00:00:00,36,4,BRAZIL IBOVESPA INDEX | Cboe Volatility Index | FTSE 100 INDEX | US Generic Govt 10 Yr,structured_q0,,long_only,1.3223246829031715e-05,0.00014152768867981566,0.1888517342978707,10.70294538925877,-0.5305887646611804,1.0,0.0793796916294207,0.4944355206305213,False,False,-0.000858078975533347,0.18889219633291407,0.00024721776031526066,-0.0008600410212501349,0.18893329666873127,0.0004944355206305213,-0.0008639651126837103,0.18901741057069937,0.0009888710412610427
22,252,2021-04-20T00:00:00,2022-04-25T00:00:00,2022-04-26T00:00:00,2022-10-26T00:00:00,36,4,BRAZIL IBOVESPA INDEX | Cboe Volatility Index | FTSE 100 INDEX | US Generic Govt 10 Yr,residual_aware_qr,0.25,long_only,2.2048076948948318e-05,0.00013784709635500996,0.1863799031050894,6.252114262581308,-4.470170910493026,1.0000000000000002,0.07341294570858872,0.8444049739350271,False,False,-0.0007710451175831849,0.18645597347075982,0.00042220248696751356,-0.0007743959309718159,0.1865339240571401,0.0008444049739350271,-0.0007810975577490783,0.18669545641468438,0.0016888099478700542
23,252,2021-10-22T00:00:00,2022-10-26T00:00:00,2022-10-27T00:00:00,2023-05-02T00:00:00,37,4,BRAZIL IBOVESPA INDEX | Cboe Volatility Index | FTSE 100 INDEX | US Generic Govt 10 Yr,equal_weight,,long_only,0.0002038494352588003,0.00014766327012019558,0.19290190271298333,0.724374192809155,-7.773754706269949,1.0000000000000002,0.006666666666666667,0.15943282744049259,False,False,0.0003805153917267613,0.19290151321415702,7.971641372024629e-05,0.0003798827217766007,0.192901189600169,0.00015943282744049258,0.0003786173818762793,0.19290074002796684,0.00031886565488098515
23,252,2021-10-22T00:00:00,2022-10-26T00:00:00,2022-10-27T00:00:00,2023-05-02T00:00:00,37,4,BRAZIL IBOVESPA INDEX | Cboe Volatility Index | FTSE 100 INDEX | US Generic Govt 10 Yr,sample_covariance,,long_only,7.491344733906325e-05,5.864005162991364e-05,0.12156188963132417,0.78277070022562,-8.7164064460932,1.0,0.20718004320661232,1.1513964890251152,False,False,0.0003371487508229875,0.12153244693760522,0.0005756982445125576,0.0003325797171363799,0.12150845246492259,0.0011513964890251152,0.0003234416497631647,0.12147682036340192,0.0023027929780502303
23,252,2021-10-22T00:00:00,2022-10-26T00:00:00,2022-10-27T00:00:00,2023-05-02T00:00:00,37,4,BRAZIL IBOVESPA INDEX | Cboe Volatility Index | FTSE 100 INDEX | US Generic Govt 10 Yr,ridge_10pct,,long_only,7.325009346173646e-05,5.8714602468532596e-05,0.12163913770686725,0.8015635160821093,-8.720067518057661,1.0,0.15700243827728327,1.0269179244248239,False,False,0.000354159049800464,0.12162011758575361,0.0005134589622124119,0.0003500839786717941,0.12160543055924088,0.0010269179244248238,0.0003419338364144542,0.12158906160761548,0.0020538358488496476
23,252,2021-10-22T00:00:00,2022-10-26T00:00:00,2022-10-27T00:00:00,2023-05-02T00:00:00,37,4,BRAZIL IBOVESPA INDEX | Cboe Volatility Index | FTSE 100 INDEX | US Generic Govt 10 Yr,ledoit_wolf,,long_only,7.414262772469716e-05,5.813455114547334e-05,0.12103679972908768,0.7840907846068764,-8.725429133523518,1.0,0.18086794414739463,1.0889063110988326,False,False,0.00033883497022112386,0.1210117449108967,0.0005444531555494163,0.00033451391343104916,0.12099158500100297,0.0010889063110988326,0.00032587179985089964,0.12096595910117847,0.0021778126221976652
23,252,2021-10-22T00:00:00,2022-10-26T00:00:00,2022-10-27T00:00:00,2023-05-02T00:00:00,37,4,BRAZIL IBOVESPA INDEX | Cboe Volatility Index | FTSE 100 INDEX | US Generic Govt 10 Yr,oas_shrinkage,,long_only,7.440043898128897e-05,5.8178211140314214e-05,0.12108224150286936,0.7819605897076158,-8.724088126148876,1.0,0.19092072501229018,1.1016800595324374,False,False,0.00033837986306540623,0.12105579819294901,0.0005508400297662187,0.00033400811679742026,0.12103436307040402,0.0011016800595324374,0.00032526462426144865,0.12100652741142463,0.002203360119064875
23,252,2021-10-22T00:00:00,2022-10-26T00:00:00,2022-10-27T00:00:00,2023-05-02T00:00:00,37,4,BRAZIL IBOVESPA INDEX | Cboe Volatility Index | FTSE 100 INDEX | US Generic Govt 10 Yr,nonlinear_shrinkage_qis,,long_only,7.549266431176719e-05,5.865502717987282e-05,0.12157741093364323,0.7769632680817988,-8.714511799781521,1.0,0.15857528394865755,0.9650007477685867,False,False,0.0003704580170931595,0.12156034897426425,0.00048250037388429334,0.00036662864904645875,0.12154711540223839,0.0009650007477685867,0.0003589699129530572,0.12153213806090525,0.0019300014955371733
23,252,2021-10-22T00:00:00,2022-10-26T00:00:00,2022-10-27T00:00:00,2023-05-02T00:00:00,37,4,BRAZIL IBOVESPA INDEX | Cboe Volatility Index | FTSE 100 INDEX | US Generic Govt 10 Yr,pca_matched,,long_only,6.577732640416012e-05,6.248440480100402e-05,0.12548334554773796,0.9499383483159047,-8.679297014223044,1.0,0.19818261603481985,0.999602690961142,False,False,0.0004170656356072963,0.12545953754539665,0.0004998013454805709,0.0004130989582622124,0.1254397078994381,0.0009996026909611419,0.00040516560357204475,0.1254119908465646,0.0019992053819222837
23,252,2021-10-22T00:00:00,2022-10-26T00:00:00,2022-10-27T00:00:00,2023-05-02T00:00:00,37,4,BRAZIL IBOVESPA INDEX | Cboe Volatility Index | FTSE 100 INDEX | US Generic Govt 10 Yr,pca_plus_two,,long_only,7.379481715839072e-05,5.745507007325211e-05,0.12032737701146623,0.7785786629152082,-8.735643394114842,1.0,0.21278095424976926,1.0383980020061347,False,False,0.0003601241557503015,0.12030554026127863,0.0005191990010030673,0.0003560035287582138,0.12028818165999229,0.0010383980020061347,0.00034776227477403804,0.12026690616007947,0.0020767960040122694
23,252,2021-10-22T00:00:00,2022-10-26T00:00:00,2022-10-27T00:00:00,2023-05-02T00:00:00,37,4,BRAZIL IBOVESPA INDEX | Cboe Volatility Index | FTSE 100 INDEX | US Generic Govt 10 Yr,poet_soft_c0_5,,long_only,7.294178967488496e-05,5.7781498580391865e-05,0.1206687102867133,0.7921590467951867,-8.733689789828459,1.0,0.21892243554832624,1.0959726915584702,False,False,0.00021533504381153197,0.12064841259093159,0.0005479863457792352,0.00021098594582915711,0.12063309013411372,0.0010959726915584704,0.00020228774986440735,0.12061737790598095,0.0021919453831169408
23,252,2021-10-22T00:00:00,2022-10-26T00:00:00,2022-10-27T00:00:00,2023-05-02T00:00:00,37,4,BRAZIL IBOVESPA INDEX | Cboe Volatility Index | FTSE 100 INDEX | US Generic Govt 10 Yr,structured_q0,,long_only,3.246443188022384e-05,6.78886510600916e-05,0.13079732438831876,2.0911701554046576,-8.244195316206346,0.9999999999999999,0.1085569950735923,0.466715910031671,False,False,0.00039219282515642136,0.13079675662902787,0.00023335795501583552,0.0003903407778943908,0.13079702154844308,0.00046671591003167104,0.00038663668337032993,0.13080004938725137,0.0009334318200633421
23,252,2021-10-22T00:00:00,2022-10-26T00:00:00,2022-10-27T00:00:00,2023-05-02T00:00:00,37,4,BRAZIL IBOVESPA INDEX | Cboe Volatility Index | FTSE 100 INDEX | US Generic Govt 10 Yr,residual_aware_qr,0.25,long_only,4.697911101764305e-05,6.266560665027362e-05,0.12566516174289893,1.3339036285028785,-8.631903872980054,1.0,0.14090122549389128,0.6599034898242802,False,False,0.00032619356050206724,0.12566651019429984,0.0003299517449121401,0.0003235748958599074,0.12566959125251845,0.0006599034898242802,0.0003183375665755877,0.12568095060805634,0.0013198069796485604
1,504,2010-07-02T00:00:00,2012-09-19T00:00:00,2012-09-20T00:00:00,2013-03-26T00:00:00,16,3,Cboe Volatility Index | BRAZIL IBOVESPA INDEX | DAX INDEX,equal_weight,,long_only,0.0001955197986294977,4.9875316578496165e-05,0.11210967744927747,0.2550908753389621,-8.284758036565394,1.0000000000000002,0.006666666666666667,1.0000000000000002,True,False,0.0007887910910480481,0.11210967744927748,0.0,0.0007887910910480481,0.11210967744927748,0.0,0.0007887910910480481,0.11210967744927748,0.0
1,504,2010-07-02T00:00:00,2012-09-19T00:00:00,2012-09-20T00:00:00,2013-03-26T00:00:00,16,3,Cboe Volatility Index | BRAZIL IBOVESPA INDEX | DAX INDEX,sample_covariance,,long_only,5.053135693073224e-05,2.9541330430215234e-05,0.08628102496154202,0.5846138363295909,-9.308302648728786,0.9999999999999999,0.22229351909767697,0.9999999999999999,True,False,0.0010636849062949396,0.08628102496154204,0.0,0.0010636849062949396,0.08628102496154204,0.0,0.0010636849062949396,0.08628102496154204,0.0
1,504,2010-07-02T00:00:00,2012-09-19T00:00:00,2012-09-20T00:00:00,2013-03-26T00:00:00,16,3,Cboe Volatility Index | BRAZIL IBOVESPA INDEX | DAX INDEX,ridge_10pct,,long_only,5.031756368626485e-05,2.874999461531121e-05,0.0851175577836819,0.5713709589472648,-9.325785404206618,1.0,0.1563791190810349,1.0,True,False,0.001002734795965094,0.0851175577836819,0.0,0.001002734795965094,0.0851175577836819,0.0,0.001002734795965094,0.0851175577836819,0.0
1,504,2010-07-02T00:00:00,2012-09-19T00:00:00,2012-09-20T00:00:00,2013-03-26T00:00:00,16,3,Cboe Volatility Index | BRAZIL IBOVESPA INDEX | DAX INDEX,ledoit_wolf,,long_only,5.054010174714643e-05,2.934910084166308e-05,0.08599984541904186,0.5807091760221906,-9.312034266783696,1.0,0.20513966271546982,1.0,True,False,0.0010536293293526141,0.08599984541904186,0.0,0.0010536293293526141,0.08599984541904186,0.0,0.0010536293293526141,0.08599984541904186,0.0
1,504,2010-07-02T00:00:00,2012-09-19T00:00:00,2012-09-20T00:00:00,2013-03-26T00:00:00,16,3,Cboe Volatility Index | BRAZIL IBOVESPA INDEX | DAX INDEX,oas_shrinkage,,long_only,5.050177191814721e-05,2.9419540773239987e-05,0.08610298644563077,0.5825447237954917,-9.310957411014956,1.0,0.21232789513316594,1.0,True,False,0.0010578679774559487,0.08610298644563079,0.0,0.0010578679774559487,0.08610298644563079,0.0,0.0010578679774559487,0.08610298644563079,0.0
1,504,2010-07-02T00:00:00,2012-09-19T00:00:00,2012-09-20T00:00:00,2013-03-26T00:00:00,16,3,Cboe Volatility Index | BRAZIL IBOVESPA INDEX | DAX INDEX,nonlinear_shrinkage_qis,,long_only,5.160860570338505e-05,2.9579441610629107e-05,0.08633666246664005,0.5731494042027369,-9.298672717982408,1.0000000000000004,0.1619500270590841,1.0000000000000004,True,False,0.0010233296804959637,0.08633666246664007,0.0,0.0010233296804959637,0.08633666246664007,0.0,0.0010233296804959637,0.08633666246664007,0.0
1,504,2010-07-02T00:00:00,2012-09-19T00:00:00,2012-09-20T00:00:00,2013-03-26T00:00:00,16,3,Cboe Volatility Index | BRAZIL IBOVESPA INDEX | DAX INDEX,pca_matched,,long_only,4.0544393756223194e-05,2.9929182642183618e-05,0.08684557574125623,0.7381830105078279,-9.374930031540114,1.0,0.18151049920804807,1.0,True,False,0.0010888919439909128,0.08684557574125623,0.0,0.0010888919439909128,0.08684557574125623,0.0,0.0010888919439909128,0.08684557574125623,0.0
1,504,2010-07-02T00:00:00,2012-09-19T00:00:00,2012-09-20T00:00:00,2013-03-26T00:00:00,16,3,Cboe Volatility Index | BRAZIL IBOVESPA INDEX | DAX INDEX,pca_plus_two,,long_only,4.455233844091849e-05,2.8471216678114506e-05,0.08470387596140365,0.6390510055015542,-9.379794909667158,1.0,0.20767952155605077,1.0,True,False,0.0011455373893154508,0.08470387596140366,0.0,0.0011455373893154508,0.08470387596140366,0.0,0.0011455373893154508,0.08470387596140366,0.0
1,504,2010-07-02T00:00:00,2012-09-19T00:00:00,2012-09-20T00:00:00,2013-03-26T00:00:00,16,3,Cboe Volatility Index | BRAZIL IBOVESPA INDEX | DAX INDEX,poet_soft_c0_5,,long_only,4.427646396065059e-05,3.0143693288860388e-05,0.0871562430855806,0.6808062476635377,-9.34425106200286,1.0,0.18995130502428814,1.0,True,False,0.001119550063494366,0.0871562430855806,0.0,0.001119550063494366,0.0871562430855806,0.0,0.001119550063494366,0.0871562430855806,0.0
1,504,2010-07-02T00:00:00,2012-09-19T00:00:00,2012-09-20T00:00:00,2013-03-26T00:00:00,16,3,Cboe Volatility Index | BRAZIL IBOVESPA INDEX | DAX INDEX,structured_q0,,long_only,3.7424929737561746e-05,2.9534467605995553e-05,0.08627100229341768,0.7891656126839195,-9.404007892396285,1.0000000000000002,0.154737250847442,1.0000000000000002,True,False,0.0011021187562597296,0.08627100229341769,0.0,0.0011021187562597296,0.08627100229341769,0.0,0.0011021187562597296,0.08627100229341769,0.0
1,504,2010-07-02T00:00:00,2012-09-19T00:00:00,2012-09-20T00:00:00,2013-03-26T00:00:00,16,3,Cboe Volatility Index | BRAZIL IBOVESPA INDEX | DAX INDEX,residual_aware_qr,0.5,long_only,4.426363320225716e-05,2.9483393542507652e-05,0.08619637563559113,0.6660861616981814,-9.359260977297398,1.0,0.1831866695380699,1.0,True,False,0.0011180974658194813,0.08619637563559114,0.0,0.0011180974658194813,0.08619637563559114,0.0,0.0011180974658194813,0.08619637563559114,0.0
2,504,2011-03-21T00:00:00,2013-03-26T00:00:00,2013-03-27T00:00:00,2013-09-24T00:00:00,17,3,Cboe Volatility Index | S&P/BMV IPC | DAX INDEX,equal_weight,,long_only,0.0001774959188727512,7.307945430709567e-05,0.13570564647570163,0.4117247020168793,-8.224838239562441,1.0000000000000002,0.006666666666666667,0.10816831140115951,False,False,0.0009858260454788284,0.1357068500517938,5.408415570057976e-05,0.0009853968061478715,0.13570809672586076,0.00010816831140115952,0.0009845383274859575,0.13571071936312706,0.00021633662280231905
2,504,2011-03-21T00:00:00,2013-03-26T00:00:00,2013-03-27T00:00:00,2013-09-24T00:00:00,17,3,Cboe Volatility Index | S&P/BMV IPC | DAX INDEX,sample_covariance,,long_only,4.894131866313112e-05,6.117526076446927e-05,0.12416185288826137,1.2499716484050178,-8.674916907422007,0.9999999999999999,0.19919238927685373,0.2402746971057393,False,False,-9.409846778620207e-05,0.12415804492401883,0.00012013734855286964,-9.505193880646297e-05,0.12415446934360912,0.00024027469710573927,-9.695888084698467e-05,0.12414801541329756,0.00048054939421147855
2,504,2011-03-21T00:00:00,2013-03-26T00:00:00,2013-03-27T00:00:00,2013-09-24T00:00:00,17,3,Cboe Volatility Index | S&P/BMV IPC | DAX INDEX,ridge_10pct,,long_only,4.84776992398429e-05,5.687990075315703e-05,0.11972357741813251,1.173320962938945,-8.761085712314467,1.0,0.14558970429277376,0.234171060943921,False,False,-4.0707938571433716e-05,0.119721617329316,0.00011708553047196051,-4.1637188813274675e-05,0.11971988622691118,0.00023417106094392103,-4.349568929695659e-05,0.11971711101975639,0.00046834212188784206
2,504,2011-03-21T00:00:00,2013-03-26T00:00:00,2013-03-27T00:00:00,2013-09-24T00:00:00,17,3,Cboe Volatility Index | S&P/BMV IPC | DAX INDEX,ledoit_wolf,,long_only,4.887615423240356e-05,6.0190671110956654e-05,0.1231586339643351,1.2314935996141014,-8.69472732431524,0.9999999999999998,0.18410225229951888,0.24181425374750526,False,False,-8.76407699658601e-05,0.12315547056756575,0.00012090712687375262,-8.860035033787388e-05,0.12315254449506657,0.00024181425374750524,-9.051951108190178e-05,0.12314740438917456,0.0004836285074950105
2,504,2011-03-21T00:00:00,2013-03-26T00:00:00,2013-03-27T00:00:00,2013-09-24T00:00:00,17,3,Cboe Volatility Index | S&P/BMV IPC | DAX INDEX,oas_shrinkage,,long_only,4.8871441084228245e-05,6.065222705148273e-05,0.12362993657271547,1.241056652022,-8.68526070697899,1.0,0.19114462722050368,0.23942063710922296,False,False,-9.117408022774608e-05,0.12362648654250195,0.00011971031855461147,-9.212416212103674e-05,0.12362326825866828,0.00023942063710922294,-9.402432590761782e-05,0.12361752700123699,0.0004788412742184459
2,504,2011-03-21T00:00:00,2013-03-26T00:00:00,2013-03-27T00:00:00,2013-09-24T00:00:00,17,3,Cboe Volatility Index | S&P/BMV IPC | DAX INDEX,nonlinear_shrinkage_qis,,long_only,4.989233146309278e-05,5.802039960944189e-05,0.12091790893651509,1.162912173233711,-8.742731071877111,0.9999999999999999,0.14872689056591903,0.23040306636832578,False,False,-3.400651488424659e-05,0.1209162358292698,0.00011520153318416289,-3.492081276666056e-05,0.12091478221554557,0.00023040306636832578,-3.674940853148859e-05,0.12091253349913002,0.00046080613273665155
2,504,2011-03-21T00:00:00,2013-03-26T00:00:00,2013-03-27T00:00:00,2013-09-24T00:00:00,17,3,Cboe Volatility Index | S&P/BMV IPC | DAX INDEX,pca_matched,,long_only,3.9760894974706573e-05,6.406577591456725e-05,0.1270613061890635,1.6112760025980788,-8.521350664406945,1.0,0.18454132584175073,0.1829933412597289,False,False,-3.708128639887847e-05,0.12705871616001715,9.149667062986445e-05,-3.7807450451496354e-05,0.12705625785672897,0.0001829933412597289,-3.925977855673235e-05,0.1270517364576023,0.0003659866825194578
2,504,2011-03-21T00:00:00,2013-03-26T00:00:00,2013-03-27T00:00:00,2013-09-24T00:00:00,17,3,Cboe Volatility Index | S&P/BMV IPC | DAX INDEX,pca_plus_two,,long_only,4.36916596010217e-05,6.522971104500354e-05,0.12821032401230759,1.492955672562234,-8.545397657327644,0.9999999999999998,0.19589830953842158,0.19536107476301143,False,False,-9.1922600337507e-05,0.12820699137556035,9.768053738150572e-05,-9.269784269767778e-05,0.12820380750100466,0.00019536107476301144,-9.42483274180191e-05,0.12819788608228505,0.0003907221495260229
2,504,2011-03-21T00:00:00,2013-03-26T00:00:00,2013-03-27T00:00:00,2013-09-24T00:00:00,17,3,Cboe Volatility Index | S&P/BMV IPC | DAX INDEX,poet_soft_c0_5,,long_only,4.336113544738656e-05,6.245668202023877e-05,0.1254555055352302,1.440383914669908,-8.605563099988618,0.9999999999999998,0.18018947449710715,0.1936343012324775,False,False,-7.324771399909396e-05,0.12545249126258548,9.681715061623875e-05,-7.401610408334985e-05,0.12544962635703866,0.0001936343012324775,-7.55528842518616e-05,0.12544434468764024,0.000387268602464955
2,504,2011-03-21T00:00:00,2013-03-26T00:00:00,2013-03-27T00:00:00,2013-09-24T00:00:00,17,3,Cboe Volatility Index | S&P/BMV IPC | DAX INDEX,structured_q0,,long_only,3.640898126083624e-05,6.190352763784056e-05,0.12489871482419593,1.7002268532140403,-8.520468222607276,1.0,0.15721415208737377,0.19757979736596287,False,False,-2.540329120595074e-05,0.12489662849150188,9.878989868298143e-05,-2.6187338020895005e-05,0.12489469840681383,0.00019757979736596286,-2.7755431650783643e-05,0.12489130700984542,0.0003951595947319257
2,504,2011-03-21T00:00:00,2013-03-26T00:00:00,2013-03-27T00:00:00,2013-09-24T00:00:00,17,3,Cboe Volatility Index | S&P/BMV IPC | DAX INDEX,residual_aware_qr,0.5,long_only,4.297183516935179e-05,6.241747169224639e-05,0.12541611884620768,1.4525205043317195,-8.602445148604215,1.0,0.17618936606685295,0.19338999466148607,False,False,-6.813612821917254e-05,0.125413443469386,9.669499733074304e-05,-6.890354883290847e-05,0.12541091714416927,0.00019338999466148607,-7.043839006038065e-05,0.12540631168405134,0.00038677998932297214
3,504,2011-09-21T00:00:00,2013-09-24T00:00:00,2013-09-25T00:00:00,2014-03-26T00:00:00,18,4,Cboe Volatility Index | S&P/BMV IPC | DAX INDEX | Brazilian Real Spot,equal_weight,,long_only,0.00012167156015141979,5.927647987464856e-05,0.12221977306643732,0.48718434941476224,-8.527000924021321,1.0000000000000002,0.006666666666666667,0.11917243077037958,False,False,0.0008240195608093037,0.12222320199573564,5.958621538518979e-05,0.0008235466543379927,0.12222668892609997,0.00011917243077037958,0.0008226008413953705,0.12223383677008916,0.00023834486154075915
3,504,2011-09-21T00:00:00,2013-09-24T00:00:00,2013-09-25T00:00:00,2014-03-26T00:00:00,18,4,Cboe Volatility Index | S&P/BMV IPC | DAX INDEX | Brazilian Real Spot,sample_covariance,,long_only,3.7385607602925915e-05,3.6278807873537985e-05,0.0956151639863237,0.9703950316618284,-9.223829719396683,0.9999999999999999,0.21298113448242245,0.9647369377814246,False,False,0.0006104757547081201,0.09569162340711182,0.00048236846889071223,0.0006066474335264477,0.09577288088913566,0.0009647369377814245,0.0005989907911631031,0.09594974055678339,0.001929473875562849
3,504,2011-09-21T00:00:00,2013-09-24T00:00:00,2013-09-25T00:00:00,2014-03-26T00:00:00,18,4,Cboe Volatility Index | S&P/BMV IPC | DAX INDEX | Brazilian Real Spot,ridge_10pct,,long_only,3.6290503753556955e-05,3.6772213479135024e-05,0.09626316947172489,1.0132737128381928,-9.210680742664934,1.0,0.14511340938957068,0.7519651482219081,False,False,0.00063617882917775,0.09631797139982849,0.000375982574110954,0.0006331948404943297,0.09637567579010003,0.000751965148221908,0.0006272268631274892,0.09649977086807766,0.001503930296443816
3,504,2011-09-21T00:00:00,2013-09-24T00:00:00,2013-09-25T00:00:00,2014-03-26T00:00:00,18,4,Cboe Volatility Index | S&P/BMV IPC | DAX INDEX | Brazilian Real Spot,ledoit_wolf,,long_only,3.7145674711266605e-05,3.636896444476346e-05,0.09573389702754397,0.9790901559188111,-9.221573065351267,1.0,0.19148148517019864,0.9124060569021457,False,False,0.0006189345818179017,0.09580434855618736,0.0004562030284510729,0.0006153139228619408,0.09587908973954208,0.0009124060569021458,0.0006080726049500191,0.09604140043614849,0.0018248121138042916
3,504,2011-09-21T00:00:00,2013-09-24T00:00:00,2013-09-25T00:00:00,2014-03-26T00:00:00,18,4,Cboe Volatility Index | S&P/BMV IPC | DAX INDEX | Brazilian Real Spot,oas_shrinkage,,long_only,3.721095359822253e-05,3.633216886308819e-05,0.09568545633218364,0.97638370828593,-9.222523680176476,1.0,0.19844184084865973,0.9308998991615666,False,False,0.0006161449604596734,0.0957578987784846,0.00046544994958078325,0.0006124509132407782,0.09583480775827248,0.0009308998991615665,0.000605062818802988,0.09600198175621633,0.001861799798323133
3,504,2011-09-21T00:00:00,2013-09-24T00:00:00,2013-09-25T00:00:00,2014-03-26T00:00:00,18,4,Cboe Volatility Index | S&P/BMV IPC | DAX INDEX | Brazilian Real Spot,nonlinear_shrinkage_qis,,long_only,3.7299741028970875e-05,3.697946272965128e-05,0.09653405931520813,0.9914133908042194,-9.205110783457421,1.0,0.14671843582510008,0.7725654439763086,False,False,0.0006277883258632394,0.09659206196968599,0.00038628272198815427,0.0006247225899744446,0.09665311749035524,0.0007725654439763085,0.0006185911181968549,0.09678436373091276,0.001545130887952617
3,504,2011-09-21T00:00:00,2013-09-24T00:00:00,2013-09-25T00:00:00,2014-03-26T00:00:00,18,4,Cboe Volatility Index | S&P/BMV IPC | DAX INDEX | Brazilian Real Spot,pca_matched,,long_only,3.149282640325888e-05,4.166761961088117e-05,0.1024706794255901,1.3230828848873786,-9.042667886410333,0.9999999999999999,0.18522482572361956,0.654028731389424,False,False,0.0006488548187637502,0.10252220986987255,0.00032701436569471196,0.0006462594666550621,0.10257579950867463,0.0006540287313894239,0.0006410687624376856,0.10268914335055826,0.0013080574627788479
3,504,2011-09-21T00:00:00,2013-09-24T00:00:00,2013-09-25T00:00:00,2014-03-26T00:00:00,18,4,Cboe Volatility Index | S&P/BMV IPC | DAX INDEX | Brazilian Real Spot,pca_plus_two,,long_only,3.224320294604399e-05,4.041497482058276e-05,0.10091864869679368,1.253441690895705,-9.088761607403061,1.0,0.18611476299920734,0.8039695938077304,False,False,0.0006628840403757333,0.10098045252150731,0.00040198479690386514,0.0006596936848447503,0.10104541699264594,0.0008039695938077303,0.0006533129737827843,0.10118480322696492,0.0016079391876154606
3,504,2011-09-21T00:00:00,2013-09-24T00:00:00,2013-09-25T00:00:00,2014-03-26T00:00:00,18,4,Cboe Volatility Index | S&P/BMV IPC | DAX INDEX | Brazilian Real Spot,poet_soft_c0_5,,long_only,3.367232721625903e-05,3.96619254931821e-05,0.09997402274732117,1.1778789520087265,-9.12095525677912,1.0,0.19447489988824904,0.8289785258734269,False,False,0.0006394993128768965,0.1000391805036917,0.0004144892629367135,0.0006362097155520019,0.100107728237209,0.000828978525873427,0.0006296305209022126,0.10025496547769257,0.001657957051746854
3,504,2011-09-21T00:00:00,2013-09-24T00:00:00,2013-09-25T00:00:00,2014-03-26T00:00:00,18,4,Cboe Volatility Index | S&P/BMV IPC | DAX INDEX | Brazilian Real Spot,structured_q0,,long_only,2.5390538189214097e-05,3.993960009361349e-05,0.10032337326660523,1.5730111664423023,-9.008122799133064,0.9999999999999999,0.16497917693754702,0.676885636409689,False,False,0.0006124141297595844,0.10037385770713472,0.0003384428182048445,0.0006097280756468474,0.10042659793400567,0.000676885636409689,0.0006043559674213737,0.10053883139496585,0.001353771272819378
3,504,2011-09-21T00:00:00,2013-09-24T00:00:00,2013-09-25T00:00:00,2014-03-26T00:00:00,18,4,Cboe Volatility Index | S&P/BMV IPC | DAX INDEX | Brazilian Real Spot,residual_aware_qr,0.75,long_only,3.466059825863532e-05,3.719705916423184e-05,0.0968176580453505,1.0731799516750864,-9.196727061370678,0.9999999999999999,0.19755626395876552,0.884187546561602,False,False,0.0006132824710728897,0.0968856863314968,0.000442093773280801,0.0006097737903325659,0.09695769856015272,0.000884187546561602,0.0006027564288519183,0.09711363890436008,0.001768375093123204
4,504,2012-03-22T00:00:00,2014-03-26T00:00:00,2014-03-27T00:00:00,2014-09-26T00:00:00,19,4,Cboe Volatility Index | S&P/BMV IPC | DAX INDEX | Brazilian Real Spot,equal_weight,,long_only,7.150524540440826e-05,4.0749042280646885e-05,0.10133488370113726,0.5698748679231123,-8.975864880732667,1.0000000000000002,0.006666666666666667,0.09419359071271455,False,False,0.0002890634546910918,0.10133690790848975,4.709679535635728e-05,0.00028868967060096193,0.10133897585143137,9.419359071271455e-05,0.0002879421024207023,0.10134324293331591,0.0001883871814254291
4,504,2012-03-22T00:00:00,2014-03-26T00:00:00,2014-03-27T00:00:00,2014-09-26T00:00:00,19,4,Cboe Volatility Index | S&P/BMV IPC | DAX INDEX | Brazilian Real Spot,sample_covariance,,long_only,3.075622699096811e-05,2.1103471704662416e-05,0.0729251319476004,0.6861528142206673,-9.70326526622088,1.0,0.16487314086320082,0.6694497819118181,False,False,0.00040908615474310664,0.07289986955042471,0.0003347248909559091,0.0004064296079894884,0.07287767322282904,0.0006694497819118182,0.00040111651448225175,0.07284248960060319,0.0013388995638236364
4,504,2012-03-22T00:00:00,2014-03-26T00:00:00,2014-03-27T00:00:00,2014-09-26T00:00:00,19,4,Cboe Volatility Index | S&P/BMV IPC | DAX INDEX | Brazilian Real Spot,ridge_10pct,,long_only,2.9369734093423788e-05,1.9707752365189615e-05,0.07047236051125139,0.6710224989610104,-9.764523367513537,0.9999999999999999,0.1074140036268082,0.6764898704919229,False,False,0.0004170397218843054,0.07045046300311789,0.0003382449352459615,0.00041435523827124213,0.07043180756749365,0.000676489870491923,0.00040898627104511584,0.07040423277474615,0.001352979740983846
4,504,2012-03-22T00:00:00,2014-03-26T00:00:00,2014-03-27T00:00:00,2014-09-26T00:00:00,19,4,Cboe Volatility Index | S&P/BMV IPC | DAX INDEX | Brazilian Real Spot,ledoit_wolf,,long_only,3.032718580220293e-05,2.0530195764428202e-05,0.07192780639388294,0.6769568366259988,-9.726509189890477,0.9999999999999999,0.1401448352896455,0.6586681048067777,False,False,0.0004093018866079802,0.07190424235804485,0.0003293340524033889,0.00040668812428731844,0.07188368833890818,0.0006586681048067778,0.00040146059964599483,0.0718516203050691,0.0013173362096135556
4,504,2012-03-22T00:00:00,2014-03-26T00:00:00,2014-03-27T00:00:00,2014-09-26T00:00:00,19,4,Cboe Volatility Index | S&P/BMV IPC | DAX INDEX | Brazilian Real Spot,oas_shrinkage,,long_only,3.0418955643647917e-05,2.063891986985237e-05,0.07211801305639803,0.6784887723179341,-9.721955830645552,0.9999999999999998,0.14491884667504773,0.6644419848110681,False,False,0.00040887507084683724,0.07209395671517603,0.00033222099240553404,0.00040623839630393624,0.07207295516105697,0.0006644419848110681,0.000400965047218134,0.07204012671211356,0.0013288839696221362
4,504,2012-03-22T00:00:00,2014-03-26T00:00:00,2014-03-27T00:00:00,2014-09-26T00:00:00,19,4,Cboe Volatility Index | S&P/BMV IPC | DAX INDEX | Brazilian Real Spot,nonlinear_shrinkage_qis,,long_only,3.0567758165151774e-05,2.0140660685536516e-05,0.07124216793974761,0.6588857637750326,-9.736678995448884,1.0,0.10901204102273956,0.6886904492246928,False,False,0.00041351177470951196,0.07121726842728615,0.0003443452246123464,0.0004107788761014774,0.07119569120577388,0.0006886904492246928,0.00040531307888540843,0.07116251525852654,0.0013773808984493855
4,504,2012-03-22T00:00:00,2014-03-26T00:00:00,2014-03-27T00:00:00,2014-09-26T00:00:00,19,4,Cboe Volatility Index | S&P/BMV IPC | DAX INDEX | Brazilian Real Spot,pca_matched,,long_only,2.6595118367008786e-05,2.5877311699000605e-05,0.08075322004816991,0.973009833680657,-9.56177304537509,1.0,0.16102716585433013,0.7462996951670121,False,False,0.0003048810487663237,0.0807132210279938,0.00037314984758350607,0.0003019195420394705,0.0806766540736192,0.0007462996951670121,0.00029599652858576406,0.0806138346056104,0.0014925993903340243
4,504,2012-03-22T00:00:00,2014-03-26T00:00:00,2014-03-27T00:00:00,2014-09-26T00:00:00,19,4,Cboe Volatility Index | S&P/BMV IPC | DAX INDEX | Brazilian Real Spot,pca_plus_two,,long_only,2.7448502576713992e-05,2.4230598610564692e-05,0.07814160767390381,0.882765773573411,-9.620433168862661,1.0,0.15950930805157917,0.6961452164757607,False,False,0.00032011473308706504,0.07810643422867508,0.0003480726082378803,0.00031735225206930404,0.07807434856684242,0.0006961452164757606,0.00031182729003378213,0.07801945546503775,0.0013922904329515212
4,504,2012-03-22T00:00:00,2014-03-26T00:00:00,2014-03-27T00:00:00,2014-09-26T00:00:00,19,4,Cboe Volatility Index | S&P/BMV IPC | DAX INDEX | Brazilian Real Spot,poet_soft_c0_5,,long_only,2.8816084808062174e-05,2.0824315264553283e-05,0.0724411999256461,0.7226628948123809,-9.731913931633294,1.0,0.17036483359666643,0.7013819889486517,False,False,0.00039007502126090204,0.07241321604199481,0.0003506909944743258,0.0003872917593999947,0.07238861930660252,0.0007013819889486516,0.00038172523567818006,0.07234960062324265,0.0014027639778973033
4,504,2012-03-22T00:00:00,2014-03-26T00:00:00,2014-03-27T00:00:00,2014-09-26T00:00:00,19,4,Cboe Volatility Index | S&P/BMV IPC | DAX INDEX | Brazilian Real Spot,structured_q0,,long_only,2.142517222263527e-05,2.4866131797917664e-05,0.07915974490279293,1.160603589998081,-9.590340465118611,1.0000000000000002,0.1386032758200012,0.6534226339527018,False,False,0.0002993507555097971,0.0791311381566527,0.0003267113169763509,0.00029675780854966736,0.0791052198024746,0.0006534226339527018,0.00029157191462940776,0.0790614585716368,0.0013068452679054036
4,504,2012-03-22T00:00:00,2014-03-26T00:00:00,2014-03-27T00:00:00,2014-09-26T00:00:00,19,4,Cboe Volatility Index | S&P/BMV IPC | DAX INDEX | Brazilian Real Spot,residual_aware_qr,0.5,long_only,2.6780483450954374e-05,2.0759454165536893e-05,0.07232829632802985,0.7751710010596202,-9.752666164117706,1.0,0.14752114323862878,0.6436990026229685,False,False,0.0003866794919179901,0.07230325367135887,0.00032184950131148427,0.0003841251307964704,0.0722810686253352,0.0006436990026229685,0.00037901640855343097,0.07224528155630267,0.001287398005245937
5,504,2012-09-20T00:00:00,2014-09-26T00:00:00,2014-09-29T00:00:00,2015-03-31T00:00:00,20,4,Cboe Volatility Index | DAX INDEX | S&P/BMV IPC | Brazilian Real Spot,equal_weight,,long_only,5.548070954564186e-05,7.951931845547484e-05,0.14155870955465671,1.4332786856313966,-8.366196487753143,1.0000000000000002,0.006666666666666667,0.07972538915165532,False,False,0.0007347674185083041,0.14156025214179874,3.986269457582766e-05,0.0007344510479164324,0.14156181716217578,7.972538915165532e-05,0.0007338183067326892,0.1415650144996482,0.00015945077830331063
5,504,2012-09-20T00:00:00,2014-09-26T00:00:00,2014-09-29T00:00:00,2015-03-31T00:00:00,20,4,Cboe Volatility Index | DAX INDEX | S&P/BMV IPC | Brazilian Real Spot,sample_covariance,,long_only,2.6252341419137582e-05,4.800350410017668e-05,0.1099858310567526,1.8285418178045945,-8.719213558180329,1.0,0.10106725947566075,0.6189308770347673,False,False,0.0010970705710440986,0.10999071145821605,0.0003094654385173837,0.001094614496135231,0.1099973329510998,0.0006189308770347674,0.0010897023463174945,0.11001579787097793,0.0012378617540695347
5,504,2012-09-20T00:00:00,2014-09-26T00:00:00,2014-09-29T00:00:00,2015-03-31T00:00:00,20,4,Cboe Volatility Index | DAX INDEX | S&P/BMV IPC | Brazilian Real Spot,ridge_10pct,,long_only,2.482252063774086e-05,4.8755090603213696e-05,0.11084350604347487,1.9641474495980509,-8.639611777028293,1.0,0.07496174171546216,0.5081591426338744,False,False,0.0010715526417985105,0.1108477903777934,0.0002540795713169372,0.0010695361372642493,0.1108532392714928,0.0005081591426338744,0.0010655031281957264,0.11086763001351112,0.0010163182852677489
5,504,2012-09-20T00:00:00,2014-09-26T00:00:00,2014-09-29T00:00:00,2015-03-31T00:00:00,20,4,Cboe Volatility Index | DAX INDEX | S&P/BMV IPC | Brazilian Real Spot,ledoit_wolf,,long_only,2.5686747614508808e-05,4.8281817042118993e-05,0.11030420615105294,1.8796391729581081,-8.689896183124802,1.0,0.08881788852647855,0.598973212603842,False,False,0.0010853988409094068,0.11030910170148214,0.000299486606301921,0.0010830219630816138,0.11031562314863337,0.000598973212603842,0.0010782682074260276,0.1103335425080074,0.001197946425207684
5,504,2012-09-20T00:00:00,2014-09-26T00:00:00,2014-09-29T00:00:00,2015-03-31T00:00:00,20,4,Cboe Volatility Index | DAX INDEX | S&P/BMV IPC | Brazilian Real Spot,oas_shrinkage,,long_only,2.5809752140964016e-05,4.8195710657924186e-05,0.1102058033217711,1.867344963047136,-8.697413184449928,0.9999999999999998,0.09121908066258295,0.6032292232815031,False,False,0.0010874701489188422,0.11021069306885643,0.00030161461164075157,0.0010850763821597888,0.11021723337633858,0.0006032292232815031,0.0010802888486416817,0.11023526442320966,0.0012064584465630063
5,504,2012-09-20T00:00:00,2014-09-26T00:00:00,2014-09-29T00:00:00,2015-03-31T00:00:00,20,4,Cboe Volatility Index | DAX INDEX | S&P/BMV IPC | Brazilian Real Spot,nonlinear_shrinkage_qis,,long_only,2.5861783877362958e-05,4.922518644172716e-05,0.1113765998013732,1.903394857646088,-8.659349347243694,1.0,0.07617283980487032,0.5031630548145286,False,False,0.001045053761750899,0.11138016183237585,0.0002515815274072643,0.0010430570829619524,0.11138486023404146,0.0005031630548145286,0.0010390637253840595,0.11139766553944284,0.0010063261096290572
5,504,2012-09-20T00:00:00,2014-09-26T00:00:00,2014-09-29T00:00:00,2015-03-31T00:00:00,20,4,Cboe Volatility Index | DAX INDEX | S&P/BMV IPC | Brazilian Real Spot,pca_matched,,long_only,2.4235743026616784e-05,5.205850903765889e-05,0.11453708690852077,2.1480054884426645,-8.479676541456922,0.9999999999999999,0.09793604671307828,0.5948978761850888,False,False,0.0010264902629700712,0.11453989833660085,0.0002974489380925444,0.0010241295571121938,0.11454425453906783,0.0005948978761850888,0.0010194081453964393,0.11455760049976534,0.0011897957523701777
5,504,2012-09-20T00:00:00,2014-09-26T00:00:00,2014-09-29T00:00:00,2015-03-31T00:00:00,20,4,Cboe Volatility Index | DAX INDEX | S&P/BMV IPC | Brazilian Real Spot,pca_plus_two,,long_only,2.4519727983732548e-05,5.0861452404286084e-05,0.1132125699994488,2.0743073674402006,-8.541725173166352,0.9999999999999999,0.09818507687601258,0.5737693452337781,False,False,0.0010199900782857266,0.1132148003134475,0.00028688467261688905,0.0010177132158046404,0.11321848446878724,0.0005737693452337781,0.0010131594908424674,0.11323021367984809,0.0011475386904675562
5,504,2012-09-20T00:00:00,2014-09-26T00:00:00,2014-09-29T00:00:00,2015-03-31T00:00:00,20,4,Cboe Volatility Index | DAX INDEX | S&P/BMV IPC | Brazilian Real Spot,poet_soft_c0_5,,long_only,2.5230205733855246e-05,4.790244935163929e-05,0.10987000153186993,1.8986150908536275,-8.688853550156592,0.9999999999999998,0.10398944219490144,0.5549369704230158,False,False,0.0009740405674819422,0.1098730656191826,0.0002774684852115079,0.0009718384366469305,0.10987753098583189,0.0005549369704230158,0.0009674341749769064,0.10989066482024924,0.0011098739408460317
5,504,2012-09-20T00:00:00,2014-09-26T00:00:00,2014-09-29T00:00:00,2015-03-31T00:00:00,20,4,Cboe Volatility Index | DAX INDEX | S&P/BMV IPC | Brazilian Real Spot,structured_q0,,long_only,1.8134896753785835e-05,5.7929749526587925e-05,0.12082341197259808,3.194379891602886,-7.723292586844503,1.0,0.08430556988289938,0.4656169506952149,False,False,0.0010535633318052998,0.12082120526182345,0.00023280847534760745,0.001051715645493017,0.12081989571376055,0.0004656169506952149,0.001048020272868452,0.12081996820247426,0.0009312339013904298
5,504,2012-09-20T00:00:00,2014-09-26T00:00:00,2014-09-29T00:00:00,2015-03-31T00:00:00,20,4,Cboe Volatility Index | DAX INDEX | S&P/BMV IPC | Brazilian Real Spot,residual_aware_qr,0.5,long_only,2.2939886126223314e-05,4.871024123103854e-05,0.11079251233825196,2.1233863569774356,-8.559247053281224,1.0,0.08691123354094196,0.481015244844633,False,False,0.0010873877617341848,0.11079512742444203,0.00024050762242231648,0.0010854789710800395,0.11079878657927959,0.00048101524484463296,0.001081661389771749,0.11080923665165675,0.0009620304896892659
6,504,2013-03-27T00:00:00,2015-03-31T00:00:00,2015-04-01T00:00:00,2015-09-30T00:00:00,21,3,Cboe Volatility Index | DAX INDEX | BRAZIL IBOVESPA INDEX,equal_weight,,long_only,6.284626054646022e-05,0.00010141983092294849,0.15986806245333374,1.613776699537629,-8.061042423227928,1.0000000000000002,0.006666666666666667,0.131298076309529,False,False,-0.0006931232480154452,0.15987005301637633,6.56490381547645e-05,-0.0006936442721277846,0.1598720974701958,0.000131298076309529,-0.0006946863203524633,0.15987634804184112,0.000262596152619058
6,504,2013-03-27T00:00:00,2015-03-31T00:00:00,2015-04-01T00:00:00,2015-09-30T00:00:00,21,3,Cboe Volatility Index | DAX INDEX | BRAZIL IBOVESPA INDEX,sample_covariance,,long_only,3.0814196913645966e-05,6.822416364750336e-05,0.13112013285217053,2.2140497069806973,-8.173485328448944,1.0,0.12200307039819387,0.48492753596285265,False,False,-0.00034275331742756725,0.13112031751278638,0.00024246376798142634,-0.00034467763304646745,0.13112139888230345,0.00048492753596285267,-0.00034852626428426785,0.131126251640905,0.0009698550719257053
6,504,2013-03-27T00:00:00,2015-03-31T00:00:00,2015-04-01T00:00:00,2015-09-30T00:00:00,21,3,Cboe Volatility Index | DAX INDEX | BRAZIL IBOVESPA INDEX,ridge_10pct,,long_only,2.9151777245089036e-05,6.944787549920852e-05,0.13229083349121568,2.3822861609889614,-8.0607085170806,1.0,0.08779341721409582,0.44526571047257674,False,False,-0.00039947586816771187,0.1322903271099282,0.00022263285523628834,-0.00040124279559022207,0.1322905700700393,0.0004452657104725767,-0.0004047766504352426,0.13229330398520966,0.0008905314209451534
6,504,2013-03-27T00:00:00,2015-03-31T00:00:00,2015-04-01T00:00:00,2015-09-30T00:00:00,21,3,Cboe Volatility Index | DAX INDEX | BRAZIL IBOVESPA INDEX,ledoit_wolf,,long_only,3.0261086468846888e-05,6.866778235230008e-05,0.1315457378738651,2.269177692049888,-8.13647025374245,1.0,0.10916334974813766,0.46740487352586146,False,False,-0.0003635571169200932,0.13154578415935334,0.00023370243676293075,-0.0003654118981642435,0.13154666082700284,0.0004674048735258615,-0.0003691214606525439,0.1315509052266559,0.000934809747051723
6,504,2013-03-27T00:00:00,2015-03-31T00:00:00,2015-04-01T00:00:00,2015-09-30T00:00:00,21,3,Cboe Volatility Index | DAX INDEX | BRAZIL IBOVESPA INDEX,oas_shrinkage,,long_only,3.0359093096567024e-05,6.85923782151605e-05,0.13147349280452103,2.259368486304252,-8.143045991233336,1.0,0.11154876084123383,0.46801971883740023,False,False,-0.0003597279952884635,0.1314735577396909,0.0002340098594187001,-0.00036158521639496113,0.13147445570033917,0.0004680197188374002,-0.0003652996586079563,0.13147875061396547,0.0009360394376748004
6,504,2013-03-27T00:00:00,2015-03-31T00:00:00,2015-04-01T00:00:00,2015-09-30T00:00:00,21,3,Cboe Volatility Index | DAX INDEX | BRAZIL IBOVESPA INDEX,nonlinear_shrinkage_qis,,long_only,3.0566418284467804e-05,6.891189265634732e-05,0.13177934948010453,2.2544968146092734,-8.14111177871079,1.0,0.08845314155546719,0.44506974599536964,False,False,-0.00037940119671084284,0.13177824776982242,0.0002225348729976848,-0.00038116734649653873,0.13177789764694486,0.0004450697459953696,-0.00038469964606793056,0.13177945217450643,0.0008901394919907392
6,504,2013-03-27T00:00:00,2015-03-31T00:00:00,2015-04-01T00:00:00,2015-09-30T00:00:00,21,3,Cboe Volatility Index | DAX INDEX | BRAZIL IBOVESPA INDEX,pca_matched,,long_only,3.0137724776158966e-05,6.908237361909793e-05,0.13194225309586266,2.292222592521214,-8.117510263609077,0.9999999999999998,0.1133271185897981,0.6101797751941593,False,False,-0.00029231616751964343,0.13194246639198248,0.00030508988759707964,-0.0002947375158339059,0.13194409059349427,0.0006101797751941593,-0.000299580212462431,0.13195157145903177,0.0012203595503883185
6,504,2013-03-27T00:00:00,2015-03-31T00:00:00,2015-04-01T00:00:00,2015-09-30T00:00:00,21,3,Cboe Volatility Index | DAX INDEX | BRAZIL IBOVESPA INDEX,pca_plus_two,,long_only,3.028721764460866e-05,6.932967971373265e-05,0.13217821033688051,2.289073909899869,-8.115710884470914,1.0000000000000002,0.11300162785562924,0.607962029576584,False,False,-0.00029587827424710773,0.13217874414238712,0.000303981014788292,-0.00029829082198352274,0.13218067610693351,0.000607962029576584,-0.00030311591745635277,0.13218873422356808,0.001215924059153168
6,504,2013-03-27T00:00:00,2015-03-31T00:00:00,2015-04-01T00:00:00,2015-09-30T00:00:00,21,3,Cboe Volatility Index | DAX INDEX | BRAZIL IBOVESPA INDEX,poet_soft_c0_5,,long_only,3.042483632304993e-05,6.886090720625953e-05,0.13173059104087176,2.263312330593882,-8.136938968197388,0.9999999999999998,0.1210808002140393,0.5193859876237709,False,False,-0.00030390788502665744,0.1317301496974859,0.00025969299381188544,-0.00030596894053310094,0.1317307322703051,0.0005193859876237709,-0.00031009105154598804,0.1317349690863468,0.0010387719752475418
6,504,2013-03-27T00:00:00,2015-03-31T00:00:00,2015-04-01T00:00:00,2015-09-30T00:00:00,21,3,Cboe Volatility Index | DAX INDEX | BRAZIL IBOVESPA INDEX,structured_q0,,long_only,2.0539377581824017e-05,6.778196486872492e-05,0.13069451077577313,3.3000982916204555,-7.493068365037498,1.0,0.09724953249542026,0.4196843606248719,False,False,-0.00021607451251856024,0.13069650650068101,0.00020984218031243595,-0.000217739926648024,0.13069917601503456,0.0004196843606248719,-0.0002210707549069515,0.13070653623652304,0.0008393687212497438
6,504,2013-03-27T00:00:00,2015-03-31T00:00:00,2015-04-01T00:00:00,2015-09-30T00:00:00,21,3,Cboe Volatility Index | DAX INDEX | BRAZIL IBOVESPA INDEX,residual_aware_qr,0.5,long_only,2.6755447954820966e-05,6.626294918660835e-05,0.12922175975827485,2.4766152036960634,-8.05215723979999,1.0,0.10447251645407578,0.4478825288717738,False,False,-0.00030196556384191165,0.12922181285905113,0.00022394126443588691,-0.00030374287546441875,0.12922264213710236,0.00044788252887177383,-0.00030729749870943285,0.1292266291512729,0.0008957650577435477
7,504,2013-09-25T00:00:00,2015-09-30T00:00:00,2015-10-01T00:00:00,2016-04-05T00:00:00,22,2,Cboe Volatility Index | DAX INDEX,equal_weight,,long_only,7.01852762987148e-05,0.00013041859526095306,0.18128840560212384,1.8582044858793443,-7.706167522386082,1.0000000000000002,0.006666666666666667,0.1224365455948577,False,False,0.0004618592980562794,0.18128905563088032,6.121827279742885e-05,0.00046137343874836327,0.1812897470019206,0.0001224365455948577,0.00046040172013253107,0.18129125376893224,0.0002448730911897154
7,504,2013-09-25T00:00:00,2015-09-30T00:00:00,2015-10-01T00:00:00,2016-04-05T00:00:00,22,2,Cboe Volatility Index | DAX INDEX,sample_covariance,,long_only,3.587431340184203e-05,6.228767089268904e-05,0.12528564588554283,1.7362749272712428,-8.499214095421005,1.0,0.18056291407178487,0.49981725233167157,False,False,0.000358049427639552,0.12528938214799343,0.0002499086261658358,0.0003560660258445851,0.1252941152264541,0.0004998172523316716,0.0003520992222546512,0.12530657135579598,0.0009996345046633431
7,504,2013-09-25T00:00:00,2015-09-30T00:00:00,2015-10-01T00:00:00,2016-04-05T00:00:00,22,2,Cboe Volatility Index | DAX INDEX,ridge_10pct,,long_only,3.402336642945989e-05,6.379394384510677e-05,0.12679145810726725,1.8750038735105696,-8.413459147958966,1.0,0.11977405022659514,0.5102686877831266,False,False,0.00038004800263157374,0.1267966609527373,0.0002551343438915633,0.00037802312688640265,0.12680289027736572,0.0005102686877831266,0.00037397337539606037,0.12681842773412436,0.0010205373755662532
7,504,2013-09-25T00:00:00,2015-09-30T00:00:00,2015-10-01T00:00:00,2016-04-05T00:00:00,22,2,Cboe Volatility Index | DAX INDEX,ledoit_wolf,,long_only,3.519081323775449e-05,6.278567021614303e-05,0.1257854876147008,1.784149453777993,-8.470576043209205,1.0,0.14961523610117697,0.5120483592921681,False,False,0.0003700857860858303,0.12578998889156384,0.000256024179646084,0.00036805384815213123,0.12579553215330713,0.000512048359292168,0.00036398997228473303,0.12580974405461776,0.001024096718584336
7,504,2013-09-25T00:00:00,2015-09-30T00:00:00,2015-10-01T00:00:00,2016-04-05T00:00:00,22,2,Cboe Volatility Index | DAX INDEX,oas_shrinkage,,long_only,3.543022721685947e-05,6.257113274639505e-05,0.12557040038198314,1.7660381448702813,-8.481907081116672,0.9999999999999999,0.15914746031446209,0.511391631573776,False,False,0.0003661096634131194,0.125574694251416,0.000255695815786888,0.0003640803315417949,0.12558002923228884,0.000511391631573776,0.00036002166779914587,0.1255938219717708,0.001022783263147552
7,504,2013-09-25T00:00:00,2015-09-30T00:00:00,2015-10-01T00:00:00,2016-04-05T00:00:00,22,2,Cboe Volatility Index | DAX INDEX,nonlinear_shrinkage_qis,,long_only,3.56508872286962e-05,6.344870233149775e-05,0.1264479062204568,1.779722954003413,-8.462013570209784,0.9999999999999999,0.12200752616756359,0.5192525493256394,False,False,0.00037778795631635383,0.12645188412432717,0.00025962627466281967,0.0003757274303269664,0.12645692797493177,0.0005192525493256393,0.00037160637834819155,0.12647021297924924,0.0010385050986512787
7,504,2013-09-25T00:00:00,2015-09-30T00:00:00,2015-10-01T00:00:00,2016-04-05T00:00:00,22,2,Cboe Volatility Index | DAX INDEX,pca_matched,,long_only,2.735941096040717e-05,7.114942992942793e-05,0.13390166668946224,2.600546847751618,-7.905903146914948,1.0,0.11228946410860671,0.9881811055944162,False,False,0.000763893449574973,0.13393245760395936,0.0004940905527972081,0.0007599720959813444,0.1339668860553023,0.0009881811055944161,0.000752129388794087,0.1340466440612471,0.0019763622111888322
7,504,2013-09-25T00:00:00,2015-09-30T00:00:00,2015-10-01T00:00:00,2016-04-05T00:00:00,22,2,Cboe Volatility Index | DAX INDEX,pca_plus_two,,long_only,3.3229156452127935e-05,6.332701391519671e-05,0.1263265906554498,1.905766521832406,-8.406316339217637,1.0,0.15370018495992196,0.7046478733722422,False,False,0.0005072104059785727,0.1263369714498139,0.0003523239366861211,0.0005044141842588417,0.12634931631084542,0.0007046478733722422,0.0004988217408193795,0.1263798958391261,0.0014092957467444845
7,504,2013-09-25T00:00:00,2015-09-30T00:00:00,2015-10-01T00:00:00,2016-04-05T00:00:00,22,2,Cboe Volatility Index | DAX INDEX,poet_soft_c0_5,,long_only,3.2847547698314245e-05,6.555299658498955e-05,0.12852764348348322,1.9956739902490124,-8.327959477068488,0.9999999999999999,0.17461044064669445,0.6041601988988239,False,False,0.0003792456238049154,0.12853064453127042,0.00030208009944941196,0.0003768481626981741,0.12853506539997617,0.0006041601988988239,0.0003720532404846913,0.12854816596715277,0.0012083203977976478
7,504,2013-09-25T00:00:00,2015-09-30T00:00:00,2015-10-01T00:00:00,2016-04-05T00:00:00,22,2,Cboe Volatility Index | DAX INDEX,structured_q0,,long_only,2.1939128339782775e-05,7.101765411516174e-05,0.13377760962515647,3.237031709522553,-7.49020712365539,0.9999999999999999,0.09414935175576156,0.4605466428052297,False,False,0.0007295458479796618,0.1337890875547154,0.00023027332140261486,0.0007277182819367838,0.13380135710685467,0.0004605466428052297,0.0007240631498510282,0.1338282701939024,0.0009210932856104594
7,504,2013-09-25T00:00:00,2015-09-30T00:00:00,2015-10-01T00:00:00,2016-04-05T00:00:00,22,2,Cboe Volatility Index | DAX INDEX,residual_aware_qr,0.25,long_only,2.704744252599882e-05,6.392903899105758e-05,0.1269256389613482,2.3635890502256194,-8.154329053089732,0.9999999999999999,0.11685620479129445,0.6325367933381247,False,False,0.0005294587418638987,0.12693674815052816,0.00031626839666906237,0.0005269486752236681,0.12694943221263205,0.0006325367933381247,0.0005219285419432066,0.1269795230092337,0.0012650735866762495
8,504,2014-03-27T00:00:00,2016-04-05T00:00:00,2016-04-06T00:00:00,2016-10-05T00:00:00,24,2,Cboe Volatility Index | DAX INDEX,equal_weight,,long_only,8.779223037787634e-05,7.958255775886878e-05,0.14161498704316197,0.9064874809117915,-8.434050072606396,1.0000000000000002,0.006666666666666667,0.11814048862050995,False,False,0.0006431773837713996,0.14160721975125665,5.907024431025497e-05,0.00064270857230862,0.14159950131727686,0.00011814048862050994,0.0006417709493830603,0.14158421105500524,0.00023628097724101988
8,504,2014-03-27T00:00:00,2016-04-05T00:00:00,2016-04-06T00:00:00,2016-10-05T00:00:00,24,2,Cboe Volatility Index | DAX INDEX,sample_covariance,,long_only,3.967267928178974e-05,3.97318211359815e-05,0.10006207536458225,1.001490745149116,-9.13335704132609,1.0,0.22313436526200914,0.7656435541659208,False,False,0.000177329028839759,0.100044602754835,0.0003828217770829604,0.00017429076076767202,0.10003005730544283,0.0007656435541659208,0.00016821422462349808,0.10000975273942615,0.0015312871083318416
8,504,2014-03-27T00:00:00,2016-04-05T00:00:00,2016-04-06T00:00:00,2016-10-05T00:00:00,24,2,Cboe Volatility Index | DAX INDEX,ridge_10pct,,long_only,3.818390917747788e-05,3.8258529895039026e-05,0.09818935550022637,1.0019542451039862,-9.171142111708708,1.0,0.13998861447420757,0.6888401986897434,False,False,0.00013214041982000373,0.0981661932024458,0.00034442009934487175,0.0001294069269680603,0.09814544280296122,0.0006888401986897435,0.00012393994126417348,0.09811118364236641,0.001377680397379487
8,504,2014-03-27T00:00:00,2016-04-05T00:00:00,2016-04-06T00:00:00,2016-10-05T00:00:00,24,2,Cboe Volatility Index | DAX INDEX,ledoit_wolf,,long_only,3.926621570577519e-05,3.9067986699483455e-05,0.0992226418125915,0.9949516651215621,-9.150194394932072,1.0,0.1882883939203681,0.731666744279097,False,False,0.00015968517714704835,0.09920240452994292,0.00036583337213954843,0.00015678173768562332,0.09918486183384907,0.0007316667442790969,0.00015097485876277336,0.09915786570226473,0.0014633334885581937
8,504,2014-03-27T00:00:00,2016-04-05T00:00:00,2016-04-06T00:00:00,2016-10-05T00:00:00,24,2,Cboe Volatility Index | DAX INDEX,oas_shrinkage,,long_only,3.938930893193459e-05,3.926723178902297e-05,0.09947533569098316,0.9969007543868674,-9.145115370999964,1.0000000000000002,0.19826428700809254,0.7439586468671976,False,False,0.00016603506920193228,0.09945569081747259,0.0003719793234335988,0.00016308285234928465,0.09943882509159016,0.0007439586468671976,0.0001571784186439894,0.09941343650750101,0.0014879172937343952
8,504,2014-03-27T00:00:00,2016-04-05T00:00:00,2016-04-06T00:00:00,2016-10-05T00:00:00,24,2,Cboe Volatility Index | DAX INDEX,nonlinear_shrinkage_qis,,long_only,3.971928363254115e-05,3.856910758136377e-05,0.09858709403620572,0.9710423767503433,-9.162631377634112,1.0,0.15120235654109823,0.7061282603799508,False,False,0.00010217591325211402,0.09856642114025198,0.00035306413018997544,9.9373816980765e-05,0.09854827375155517,0.0007061282603799509,9.3769624438067e-05,0.09851956088411924,0.0014122565207599018
8,504,2014-03-27T00:00:00,2016-04-05T00:00:00,2016-04-06T00:00:00,2016-10-05T00:00:00,24,2,Cboe Volatility Index | DAX INDEX,pca_matched,,long_only,2.8213099862304307e-05,5.588460883696279e-05,0.11867148531519534,1.9808035667725599,-8.494920586985954,1.0,0.14123800895148114,0.5469664525013362,False,False,-3.974092358842011e-05,0.11866374095088823,0.00027348322625066814,-4.191142538406039e-05,0.11865725674523475,0.0005469664525013363,-4.6252428975340855e-05,0.1186480695961596,0.0010939329050026726
8,504,2014-03-27T00:00:00,2016-04-05T00:00:00,2016-04-06T00:00:00,2016-10-05T00:00:00,24,2,Cboe Volatility Index | DAX INDEX,pca_plus_two,,long_only,3.2700362641744096e-05,5.031814728980699e-05,0.1126062747675784,1.5387641978493738,-8.789360192311591,0.9999999999999998,0.18080149367898857,0.7215935031185361,False,False,-2.7783076694912528e-05,0.11259754088197271,0.00036079675155926803,-3.0646542977128955e-05,0.11259111867943851,0.0007215935031185361,-3.637347554156181e-05,0.11258521076357424,0.0014431870062370721
8,504,2014-03-27T00:00:00,2016-04-05T00:00:00,2016-04-06T00:00:00,2016-10-05T00:00:00,24,2,Cboe Volatility Index | DAX INDEX,poet_soft_c0_5,,long_only,3.566076331518322e-05,4.295325308246356e-05,0.10403951065235177,1.2044961770118767,-9.036963363385215,0.9999999999999998,0.22529970392568807,0.7617571053825927,False,False,9.92735834957187e-05,0.10402982337353761,0.00038087855269129634,9.625073783943858e-05,0.10402292439345111,0.0007617571053825927,9.02050465268783e-05,0.10401749332444464,0.0015235142107651854
8,504,2014-03-27T00:00:00,2016-04-05T00:00:00,2016-04-06T00:00:00,2016-10-05T00:00:00,24,2,Cboe Volatility Index | DAX INDEX,structured_q0,,long_only,2.4767023005634732e-05,5.171267825752173e-05,0.11415601132176735,2.0879650431041554,-8.51803246406274,1.0,0.1164650713313863,0.426679714009581,False,False,-0.00013332719033257436,0.11414911288063231,0.0002133398570047905,-0.00013502036380086635,0.11414301151429965,0.000426679714009581,-0.0001384067107374503,0.11413320050066499,0.000853359428019162
8,504,2014-03-27T00:00:00,2016-04-05T00:00:00,2016-04-06T00:00:00,2016-10-05T00:00:00,24,2,Cboe Volatility Index | DAX INDEX,residual_aware_qr,0.5,long_only,3.4090951529976686e-05,4.056204447418315e-05,0.10110210288364013,1.1898184900622775,-9.096660069851415,0.9999999999999998,0.1740725091589946,0.6913361138403757,False,False,6.055706818449496e-05,0.10108534572267953,0.0003456680569201879,5.781367090735064e-05,0.10107095021753497,0.0006913361138403758,5.232687635306194e-05,0.10104924804641499,0.0013826722276807516
9,504,2014-09-29T00:00:00,2016-10-05T00:00:00,2016-10-06T00:00:00,2017-04-06T00:00:00,25,2,Cboe Volatility Index | S&P/BMV IPC,equal_weight,,long_only,9.74824033573701e-05,3.4047724178557386e-05,0.09262843242221289,0.3492704632418485,-8.886568211392754,1.0000000000000002,0.006666666666666667,0.12168893006232147,False,False,0.0008787986339967735,0.09262708636273113,6.084446503116073e-05,0.0008783157414171611,0.09262582021929387,0.00012168893006232146,0.0008773499562579364,0.09262352769345504,0.00024337786012464292
9,504,2014-09-29T00:00:00,2016-10-05T00:00:00,2016-10-06T00:00:00,2017-04-06T00:00:00,25,2,Cboe Volatility Index | S&P/BMV IPC,sample_covariance,,long_only,4.3360775603871064e-05,2.2212430865237013e-05,0.0748166597626473,0.5122701463682763,-9.533685167081435,1.0,0.16396019801012066,0.4402839169738434,False,False,0.0011457805272580151,0.07481649452622202,0.0002201419584869217,0.0011440333688573251,0.07481762478368474,0.0004402839169738434,0.0011405390520559456,0.07482377147815344,0.0008805678339476868
9,504,2014-09-29T00:00:00,2016-10-05T00:00:00,2016-10-06T00:00:00,2017-04-06T00:00:00,25,2,Cboe Volatility Index | S&P/BMV IPC,ridge_10pct,,long_only,4.1709754801846944e-05,2.1457236326431414e-05,0.07353382591882947,0.514441679850903,-9.570333848563683,1.0000000000000002,0.12276219622515717,0.3579237406215302,False,False,0.0010980742348152114,0.07353374526404446,0.0001789618703107651,0.0010966539025111576,0.07353453569757648,0.0003579237406215302,0.0010938132379030502,0.0735387296862815,0.0007158474812430604
9,504,2014-09-29T00:00:00,2016-10-05T00:00:00,2016-10-06T00:00:00,2017-04-06T00:00:00,25,2,Cboe Volatility Index | S&P/BMV IPC,ledoit_wolf,,long_only,4.2917090114593944e-05,2.1963037226982957e-05,0.0743954661333586,0.5117550413678776,-9.544485399021518,1.0,0.14707331253478764,0.41810578988892894,False,False,0.0011334114162317483,0.07439598772630975,0.00020905289494446447,0.0011317522662718715,0.0743976841763122,0.00041810578988892895,0.0011284339663521182,0.07440460127037196,0.0008362115797778579
9,504,2014-09-29T00:00:00,2016-10-05T00:00:00,2016-10-06T00:00:00,2017-04-06T00:00:00,25,2,Cboe Volatility Index | S&P/BMV IPC,oas_shrinkage,,long_only,4.304256531615243e-05,2.2034581933261815e-05,0.07451653942033257,0.5119253876114344,-9.541395653205047,0.9999999999999998,0.15214678235082799,0.4281881849227157,False,False,0.0011387230928035941,0.074517103336677,0.00021409409246135787,0.0011370239333396153,0.07451889745103406,0.00042818818492271573,0.0011336256144116573,0.07452617585748185,0.0008563763698454315
9,504,2014-09-29T00:00:00,2016-10-05T00:00:00,2016-10-06T00:00:00,2017-04-06T00:00:00,25,2,Cboe Volatility Index | S&P/BMV IPC,nonlinear_shrinkage_qis,,long_only,4.334497169382716e-05,2.184458839427256e-05,0.07419458386807412,0.5039705308512981,-9.54234932383614,1.0,0.1289531931325042,0.3923131850532915,False,False,0.0010942108408155023,0.07419353990841848,0.00019615659252664573,0.0010926540424621163,0.07419353315864295,0.00039231318505329147,0.001089540445755344,0.0741966312463665,0.0007846263701065829
9,504,2014-09-29T00:00:00,2016-10-05T00:00:00,2016-10-06T00:00:00,2017-04-06T00:00:00,25,2,Cboe Volatility Index | S&P/BMV IPC,pca_matched,,long_only,2.8164222675627103e-05,4.397515561346467e-05,0.10526984000459531,1.5613836078465646,-8.916074477099977,0.9999999999999998,0.12848094339197527,0.2874792938356645,False,False,0.0010026578861427591,0.10526958761161595,0.00014373964691783225,0.001001517095294205,0.10526972775489951,0.0002874792938356645,0.0009992355135970965,0.10527118563959352,0.000574958587671329
9,504,2014-09-29T00:00:00,2016-10-05T00:00:00,2016-10-06T00:00:00,2017-04-06T00:00:00,25,2,Cboe Volatility Index | S&P/BMV IPC,pca_plus_two,,long_only,3.7554495249989585e-05,3.195306731572804e-05,0.08973390086006217,0.8508453409645255,-9.33887213223995,0.9999999999999998,0.14267488475343165,0.36884532951013216,False,False,0.001032186718642501,0.08972948145333297,0.00018442266475506607,0.0010307230467000007,0.08972581995770049,0.00036884532951013215,0.0010277957028149995,0.0897207710516818,0.0007376906590202643
9,504,2014-09-29T00:00:00,2016-10-05T00:00:00,2016-10-06T00:00:00,2017-04-06T00:00:00,25,2,Cboe Volatility Index | S&P/BMV IPC,poet_soft_c0_5,,long_only,3.863190349750922e-05,2.501931401396025e-05,0.07940319345919271,0.6476334777439419,-9.513798629645864,0.9999999999999999,0.1759784724520117,0.4733225477654681,False,False,0.0010590770439712206,0.07940052338187925,0.00023666127388273405,0.001057198779892786,0.07939926403531049,0.0004733225477654681,0.0010534422517359172,0.07940097772771319,0.0009466450955309362
9,504,2014-09-29T00:00:00,2016-10-05T00:00:00,2016-10-06T00:00:00,2017-04-06T00:00:00,25,2,Cboe Volatility Index | S&P/BMV IPC,structured_q0,,long_only,2.7046584366732495e-05,3.541457029338547e-05,0.09446942211071865,1.309391596853378,-9.208558234891733,1.0000000000000002,0.1133645309163855,0.31507038808739973,False,False,0.0009443438660340057,0.09446721758713034,0.00015753519404369988,0.0009430935867161984,0.09446553843981816,0.00031507038808739976,0.0009405930280805842,0.0944637563773227,0.0006301407761747995
9,504,2014-09-29T00:00:00,2016-10-05T00:00:00,2016-10-06T00:00:00,2017-04-06T00:00:00,25,2,Cboe Volatility Index | S&P/BMV IPC,residual_aware_qr,0.5,long_only,3.731812563091856e-05,2.31869994380771e-05,0.07644032874337622,0.6213334417542762,-9.574697965744049,0.9999999999999999,0.14211471378975685,0.44201989229577454,False,False,0.0010565899681431285,0.07643619556794135,0.00022100994614788724,0.0010548359209514786,0.07643334029722175,0.00044201989229577447,0.0010513278265681788,0.07643146397869872,0.0008840397845915489
10,504,2015-04-01T00:00:00,2017-04-06T00:00:00,2017-04-07T00:00:00,2017-10-09T00:00:00,26,3,Cboe Volatility Index | CAD-JPY X-RATE | S&P/BMV IPC,equal_weight,,long_only,8.621857383249116e-05,2.7840147335418474e-05,0.0837598777967438,0.3229019699340818,-9.035722959876875,1.0000000000000002,0.006666666666666667,0.10506751964299829,False,False,0.0007404520362620605,0.08376346616172292,5.253375982149915e-05,0.0007400351016603026,0.08376712026511611,0.0001050675196429983,0.0007392012324567866,0.08377462565258133,0.0002101350392859966
10,504,2015-04-01T00:00:00,2017-04-06T00:00:00,2017-04-07T00:00:00,2017-10-09T00:00:00,26,3,Cboe Volatility Index | CAD-JPY X-RATE | S&P/BMV IPC,sample_covariance,,long_only,3.73092763187742e-05,1.66968526296325e-05,0.06486606865432334,0.44752550242392575,-9.74874306493672,1.0,0.1515949009902504,0.4306044271992515,False,False,0.0003554500336312522,0.06487599592148344,0.00021530221359962579,0.00035374128590427104,0.06488735047075046,0.00043060442719925157,0.00035032379045030876,0.06491433832560804,0.0008612088543985031
10,504,2015-04-01T00:00:00,2017-04-06T00:00:00,2017-04-07T00:00:00,2017-10-09T00:00:00,26,3,Cboe Volatility Index | CAD-JPY X-RATE | S&P/BMV IPC,ridge_10pct,,long_only,3.5938297721748e-05,1.6293408886821684e-05,0.06407760169887029,0.4533717487949285,-9.78033529338341,1.0,0.11155665521477282,0.425299365004686,False,False,0.0003323312597945797,0.0640871809338811,0.000212649682502343,0.00033064356390170396,0.06409816971002243,0.000425299365004686,0.0003272681721159525,0.0641243728941664,0.000850598730009372
10,504,2015-04-01T00:00:00,2017-04-06T00:00:00,2017-04-07T00:00:00,2017-10-09T00:00:00,26,3,Cboe Volatility Index | CAD-JPY X-RATE | S&P/BMV IPC,ledoit_wolf,,long_only,3.6875423658419966e-05,1.6476361166823166e-05,0.06443634854675921,0.44681144058018246,-9.761153813748209,1.0,0.12310418990748996,0.450679088448537,False,False,0.0003519728767944871,0.0644461857794465,0.0002253395442242685,0.00035018446771334214,0.06445759707465983,0.000450679088448537,0.00034660764955105213,0.06448513839484261,0.000901358176897074
10,504,2015-04-01T00:00:00,2017-04-06T00:00:00,2017-04-07T00:00:00,2017-10-09T00:00:00,26,3,Cboe Volatility Index | CAD-JPY X-RATE | S&P/BMV IPC,oas_shrinkage,,long_only,3.702419221010583e-05,1.6539138871067984e-05,0.06455898849508976,0.44671167374054394,-9.757227341725674,1.0,0.12927539734885357,0.44112667273920836,False,False,0.00035843725985020095,0.06456865746846217,0.0002205633363696042,0.0003566867571806009,0.06457983161786243,0.0004411266727392084,0.00035318575184140093,0.06460669221558558,0.0008822533454784168
10,504,2015-04-01T00:00:00,2017-04-06T00:00:00,2017-04-07T00:00:00,2017-10-09T00:00:00,26,3,Cboe Volatility Index | CAD-JPY X-RATE | S&P/BMV IPC,nonlinear_shrinkage_qis,,long_only,3.7331636359163476e-05,1.6101866105980843e-05,0.0636998450446088,0.43131959046923635,-9.764349840566412,0.9999999999999999,0.11619058407730674,0.4390974987324793,False,False,0.000318644583703224,0.0637094042978143,0.00021954874936623963,0.00031690213331142845,0.06372047504429751,0.00043909749873247925,0.00031341723252783734,0.06374714775963142,0.0008781949974649585
10,504,2015-04-01T00:00:00,2017-04-06T00:00:00,2017-04-07T00:00:00,2017-10-09T00:00:00,26,3,Cboe Volatility Index | CAD-JPY X-RATE | S&P/BMV IPC,pca_matched,,long_only,2.5613538542140004e-05,1.7293976731920213e-05,0.06601577187645308,0.6751888929156645,-9.897200604052257,1.0,0.11267813744537229,0.2856711315602984,False,False,0.00024323073407793037,0.06602775025153879,0.0001428355657801492,0.0002420971184765006,0.06604034432156358,0.0002856711315602984,0.00023982988727364106,0.06606737812081756,0.0005713422631205968
10,504,2015-04-01T00:00:00,2017-04-06T00:00:00,2017-04-07T00:00:00,2017-10-09T00:00:00,26,3,Cboe Volatility Index | CAD-JPY X-RATE | S&P/BMV IPC,pca_plus_two,,long_only,3.450420420834844e-05,1.5054256603176037e-05,0.061592797176296205,0.4363020956018338,-9.83812728463804,1.0,0.1348979450844517,0.45642944510761774,False,False,0.0003573505413948135,0.06160823640603751,0.00022821472255380888,0.00035553931343803723,0.0616253620675969,0.00045642944510761776,0.00035191685752448477,0.06166466692748698,0.0009128588902152355
10,504,2015-04-01T00:00:00,2017-04-06T00:00:00,2017-04-07T00:00:00,2017-10-09T00:00:00,26,3,Cboe Volatility Index | CAD-JPY X-RATE | S&P/BMV IPC,poet_soft_c0_5,,long_only,3.501300203179953e-05,1.5871384651431998e-05,0.06324230334325959,0.4532997381092109,-9.806491340726877,1.0,0.1529546365855361,0.5246823331393211,False,False,0.0002845990615166555,0.06325772330603747,0.00026234116656966055,0.00028251698876610265,0.06327531489543327,0.0005246823331393211,0.00027835284326499694,0.06331700549042452,0.0010493646662786422
10,504,2015-04-01T00:00:00,2017-04-06T00:00:00,2017-04-07T00:00:00,2017-10-09T00:00:00,26,3,Cboe Volatility Index | CAD-JPY X-RATE | S&P/BMV IPC,structured_q0,,long_only,2.2239064202602888e-05,1.527908359960011e-05,0.06205101987154786,0.6870380633107677,-10.02662210337749,1.0,0.09135107375278251,0.3347852936806227,False,False,0.00032114671237398355,0.06206426167539513,0.00016739264684031133,0.0003198181993038224,0.06207840340019611,0.00033478529368062267,0.00031716117316349997,0.06210938411469874,0.0006695705873612453
10,504,2015-04-01T00:00:00,2017-04-06T00:00:00,2017-04-07T00:00:00,2017-10-09T00:00:00,26,3,Cboe Volatility Index | CAD-JPY X-RATE | S&P/BMV IPC,residual_aware_qr,0.5,long_only,3.182818981752881e-05,1.5089195893865664e-05,0.06166423084134065,0.47408275432477026,-9.88107543428851,1.0,0.11820282221251,0.4360204584807679,False,False,0.00036447351870311337,0.06167622012572018,0.00021801022924038395,0.0003627432787885072,0.06168974798601993,0.0004360204584807679,0.00035928279895929466,0.06172141527269128,0.0008720409169615358
11,504,2015-10-01T00:00:00,2017-10-09T00:00:00,2017-10-10T00:00:00,2018-04-11T00:00:00,27,3,Cboe Volatility Index | CAD-JPY X-RATE | S&P/BMV IPC,equal_weight,,long_only,6.758992677012163e-05,7.889468413870304e-05,0.1410016326251337,1.167255061645942,-8.434796536649152,1.0000000000000002,0.006666666666666667,0.10700524295664526,False,False,0.0003892897925090614,0.1409997131380217,5.350262147832263e-05,0.00038886516852907477,0.14099783422867768,0.00010700524295664526,0.0003880159205691014,0.14099419814974745,0.00021401048591329053
11,504,2015-10-01T00:00:00,2017-10-09T00:00:00,2017-10-10T00:00:00,2018-04-11T00:00:00,27,3,Cboe Volatility Index | CAD-JPY X-RATE | S&P/BMV IPC,sample_covariance,,long_only,2.734748022361299e-05,5.621260540272206e-05,0.11901922769656152,2.055494873497913,-8.451391290606363,1.0000000000000002,0.11171600019888832,0.546287461407668,False,False,-1.871113602256454e-05,0.1189975638252259,0.000273143730703834,-2.087894340910291e-05,0.11897715016414691,0.000546287461407668,-2.5214558182179642e-05,0.11894007600821485,0.001092574922815336
11,504,2015-10-01T00:00:00,2017-10-09T00:00:00,2017-10-10T00:00:00,2018-04-11T00:00:00,27,3,Cboe Volatility Index | CAD-JPY X-RATE | S&P/BMV IPC,ridge_10pct,,long_only,2.6357891443820635e-05,5.567821813965591e-05,0.11845214633426146,2.1123927252803507,-8.431350116999402,0.9999999999999999,0.09431345582871915,0.48428118760852135,False,False,7.603407318648816e-05,0.1184332151181715,0.00024214059380426068,7.411232244200993e-05,0.11841527115845132,0.00048428118760852136,7.026882095305334e-05,0.11838234677915668,0.0009685623752170427
11,504,2015-10-01T00:00:00,2017-10-09T00:00:00,2017-10-10T00:00:00,2018-04-11T00:00:00,27,3,Cboe Volatility Index | CAD-JPY X-RATE | S&P/BMV IPC,ledoit_wolf,,long_only,2.6947100389841735e-05,5.6097663153773745e-05,0.11889748153241507,2.0817699248606694,-8.439864933750721,1.0,0.10469077543710519,0.519596814166374,False,False,2.625748143750078e-05,0.1188773681317959,0.00025979840708318703,2.4195589317793015e-05,0.11885838705780659,0.0005195968141663741,2.007180507837726e-05,0.11882382402789816,0.0010391936283327481
11,504,2015-10-01T00:00:00,2017-10-09T00:00:00,2017-10-10T00:00:00,2018-04-11T00:00:00,27,3,Cboe Volatility Index | CAD-JPY X-RATE | S&P/BMV IPC,oas_shrinkage,,long_only,2.7070216558937304e-05,5.61399876907568e-05,0.11894232593181753,2.0738654812209854,-8.443210973188336,0.9999999999999998,0.106885889258077,0.5293577664327265,False,False,1.3804958014368216e-05,0.11892173594060587,0.00026467888321636323,1.1704331957095467e-05,0.11890232075038966,0.0005293577664327265,7.503079842550039e-06,0.11886701704074983,0.001058715532865453
11,504,2015-10-01T00:00:00,2017-10-09T00:00:00,2017-10-10T00:00:00,2018-04-11T00:00:00,27,3,Cboe Volatility Index | CAD-JPY X-RATE | S&P/BMV IPC,nonlinear_shrinkage_qis,,long_only,2.71014938375495e-05,5.578643739170196e-05,0.11856720551108935,2.058426658179597,-8.45749505026144,1.0,0.09530041268241418,0.5231197372836718,False,False,5.7396763494835683e-05,0.11854508749527172,0.0002615598686418359,5.53208915214878e-05,0.1185241197818988,0.0005231197372836718,5.1169147574791916e-05,0.11848563767173236,0.0010462394745673436
11,504,2015-10-01T00:00:00,2017-10-09T00:00:00,2017-10-10T00:00:00,2018-04-11T00:00:00,27,3,Cboe Volatility Index | CAD-JPY X-RATE | S&P/BMV IPC,pca_matched,,long_only,1.4282917883784575e-05,5.3811990611176574e-05,0.11645008215547337,3.767576838922349,-7.388869449405394,1.0000000000000002,0.10633190243115963,0.3376948509116755,False,False,-0.00020007340589004425,0.11642448603712977,0.00016884742545583776,-0.00020141346482223344,0.11639937414700939,0.0003376948509116755,-0.0002040935826866118,0.11635060429952133,0.000675389701823351
11,504,2015-10-01T00:00:00,2017-10-09T00:00:00,2017-10-10T00:00:00,2018-04-11T00:00:00,27,3,Cboe Volatility Index | CAD-JPY X-RATE | S&P/BMV IPC,pca_plus_two,,long_only,2.3751371660971354e-05,5.509075754773149e-05,0.11782559527551022,2.3194768847079907,-8.328393390297178,1.0000000000000002,0.0995923260235204,0.5111129397723795,False,False,7.909858749801022e-05,0.11780032359839776,0.0002555564698861898,7.707036154653253e-05,0.11777615554170262,0.0005111129397723796,7.301390964357714e-05,0.11773113297716595,0.0010222258795447592
11,504,2015-10-01T00:00:00,2017-10-09T00:00:00,2017-10-10T00:00:00,2018-04-11T00:00:00,27,3,Cboe Volatility Index | CAD-JPY X-RATE | S&P/BMV IPC,poet_soft_c0_5,,long_only,2.4027384718168762e-05,5.353762234658718e-05,0.11615283393589658,2.2281918308863506,-8.408124517286158,1.0,0.10736975593551105,0.5422138458996433,False,False,-6.207877941281506e-05,0.11612664324152672,0.0002711069229498216,-6.423042165844868e-05,0.1161017127591336,0.0005422138458996432,-6.853370614971568e-05,0.11605563563777287,0.0010844276917992865
11,504,2015-10-01T00:00:00,2017-10-09T00:00:00,2017-10-10T00:00:00,2018-04-11T00:00:00,27,3,Cboe Volatility Index | CAD-JPY X-RATE | S&P/BMV IPC,structured_q0,,long_only,1.4043892928876846e-05,5.0357881393669224e-05,0.112650726190312,3.5857494534242775,-7.587573470239173,0.9999999999999998,0.08039782487518114,0.3671803396768736,False,False,-9.654425342324176e-05,0.11263021336503834,0.0001835901698384368,-9.800131826322942e-05,0.11261029542410994,0.0003671803396768736,-0.00010091544794320453,0.11257224544892655,0.0007343606793537472
11,504,2015-10-01T00:00:00,2017-10-09T00:00:00,2017-10-10T00:00:00,2018-04-11T00:00:00,27,3,Cboe Volatility Index | CAD-JPY X-RATE | S&P/BMV IPC,residual_aware_qr,0.25,long_only,1.8760408718298108e-05,5.0949596361036654e-05,0.11331062740529343,2.715804177088241,-8.167957650845617,1.0,0.0799439856643586,0.598559738719787,False,False,-1.1573525607434037e-05,0.11328247607511369,0.0002992798693598935,-1.3948762665845856e-05,0.11325589945869038,0.000598559738719787,-1.8699236782669604e-05,0.11320747473756314,0.001197119477439574
12,504,2016-04-06T00:00:00,2018-04-11T00:00:00,2018-04-12T00:00:00,2018-10-09T00:00:00,28,3,Cboe Volatility Index | CAD-JPY X-RATE | U.S. Corporate High Yield,equal_weight,,long_only,5.4794740779879655e-05,2.765510269904951e-05,0.08348105102453177,0.5047035957364054,-9.307212744049506,1.0000000000000002,0.006666666666666667,0.12505904807827745,False,False,0.0006031106292592403,0.08347369701944735,6.252952403913871e-05,0.0006026143631954378,0.083466436055423,0.00012505904807827743,0.0006016218310678324,0.08345219334738652,0.00025011809615655485
12,504,2016-04-06T00:00:00,2018-04-11T00:00:00,2018-04-12T00:00:00,2018-10-09T00:00:00,28,3,Cboe Volatility Index | CAD-JPY X-RATE | U.S. Corporate High Yield,sample_covariance,,long_only,2.6074077897826235e-05,1.8163048535849156e-05,0.0676541811792441,0.6965940888503439,-9.857974832310642,1.0,0.10835031862445699,1.0431923091718902,False,False,0.0007583025232841075,0.06768240063030516,0.0005215961545859451,0.0007541628712635842,0.06771864388277567,0.0010431923091718902,0.0007458835672225375,0.06781514748480649,0.0020863846183437804
12,504,2016-04-06T00:00:00,2018-04-11T00:00:00,2018-04-12T00:00:00,2018-10-09T00:00:00,28,3,Cboe Volatility Index | CAD-JPY X-RATE | U.S. Corporate High Yield,ridge_10pct,,long_only,2.4640406765018567e-05,1.830141259883158e-05,0.06791138324983197,0.7427398733049198,-9.868383037809737,0.9999999999999999,0.06902423872364936,0.8208651093229558,False,False,0.0007727046792458643,0.06792983496805295,0.00041043255466147784,0.0007694472780183922,0.06795323982118855,0.0008208651093229557,0.0007629324755634482,0.06801488739678384,0.0016417302186459114
12,504,2016-04-06T00:00:00,2018-04-11T00:00:00,2018-04-12T00:00:00,2018-10-09T00:00:00,28,3,Cboe Volatility Index | CAD-JPY X-RATE | U.S. Corporate High Yield,ledoit_wolf,,long_only,2.525843853604316e-05,1.828996799321973e-05,0.0678901460765211,0.7241131698272006,-9.862237088800647,1.0,0.07621695436990965,0.9112064572519526,False,False,0.0007672561658846952,0.06791185716156518,0.0004556032286259763,0.0007636402672448065,0.06793967213036894,0.0009112064572519526,0.0007564084699650291,0.06801358212080613,0.0018224129145039051
12,504,2016-04-06T00:00:00,2018-04-11T00:00:00,2018-04-12T00:00:00,2018-10-09T00:00:00,28,3,Cboe Volatility Index | CAD-JPY X-RATE | U.S. Corporate High Yield,oas_shrinkage,,long_only,2.554566916599757e-05,1.825215702380522e-05,0.06781993490116985,0.7144912472326096,-9.860551512715663,1.0,0.08224619471513224,0.9414267210369219,False,False,0.0007665860979069447,0.06784310344556697,0.000470713360518461,0.0007628502775853695,0.06787279340445601,0.000941426721036922,0.0007553786369422195,0.0679517014954986,0.001882853442073844
12,504,2016-04-06T00:00:00,2018-04-11T00:00:00,2018-04-12T00:00:00,2018-10-09T00:00:00,28,3,Cboe Volatility Index | CAD-JPY X-RATE | U.S. Corporate High Yield,nonlinear_shrinkage_qis,,long_only,2.5317666964290222e-05,1.863510513040145e-05,0.0685277060236308,0.7360514362040422,-9.847956670740247,0.9999999999999998,0.07675079678867856,0.8476603816421784,False,False,0.0007650664193341654,0.06855083971403275,0.0004238301908210892,0.000761702687660982,0.0685792044738014,0.0008476603816421784,0.0007549752243146157,0.06865160006983219,0.0016953207632843569
12,504,2016-04-06T00:00:00,2018-04-11T00:00:00,2018-04-12T00:00:00,2018-10-09T00:00:00,28,3,Cboe Volatility Index | CAD-JPY X-RATE | U.S. Corporate High Yield,pca_matched,,long_only,1.3788079925755185e-05,3.988578368306312e-05,0.10025576037381546,2.8927728804762163,-8.298933232088189,1.0,0.09879219239572867,0.42139416710207256,False,False,0.0008434059636062494,0.10029393381324063,0.00021069708355103627,0.0008417337645304475,0.10033297765132629,0.00042139416710207253,0.0008383893663788438,0.10041367243960078,0.0008427883342041451
12,504,2016-04-06T00:00:00,2018-04-11T00:00:00,2018-04-12T00:00:00,2018-10-09T00:00:00,28,3,Cboe Volatility Index | CAD-JPY X-RATE | U.S. Corporate High Yield,pca_plus_two,,long_only,2.3976522309132416e-05,2.0060569825961252e-05,0.07110037690576777,0.8366755431549964,-9.801759900367015,0.9999999999999999,0.08161037367011245,0.7426662681197237,False,False,0.0007623903207929065,0.07111491671181971,0.00037133313405986185,0.0007594432324273522,0.07113333054835598,0.0007426662681197237,0.0007535490556962432,0.07118176765439535,0.0014853325362394474
12,504,2016-04-06T00:00:00,2018-04-11T00:00:00,2018-04-12T00:00:00,2018-10-09T00:00:00,28,3,Cboe Volatility Index | CAD-JPY X-RATE | U.S. Corporate High Yield,poet_soft_c0_5,,long_only,2.2669547747520927e-05,2.2730043934179975e-05,0.07568336059804265,1.0026686102137023,-9.691819432811647,1.0,0.08007881676556168,0.793608925163927,False,False,0.0006189635704051232,0.07570665071722618,0.0003968044625819635,0.0006158143286385996,0.07573409185665933,0.000793608925163927,0.0006095158451055526,0.07580140848161644,0.001587217850327854
12,504,2016-04-06T00:00:00,2018-04-11T00:00:00,2018-04-12T00:00:00,2018-10-09T00:00:00,28,3,Cboe Volatility Index | CAD-JPY X-RATE | U.S. Corporate High Yield,structured_q0,,long_only,1.056437535130395e-05,3.504398391670394e-05,0.09397384714381653,3.3171846655731043,-8.140838367415224,1.0,0.07795756309402133,0.569283152399522,False,False,0.0006981769948621442,0.09402312558131201,0.000284641576199761,0.0006959179347335746,0.09407410071032597,0.000569283152399522,0.0006913998144764356,0.0941811299312879,0.001138566304799044
12,504,2016-04-06T00:00:00,2018-04-11T00:00:00,2018-04-12T00:00:00,2018-10-09T00:00:00,28,3,Cboe Volatility Index | CAD-JPY X-RATE | U.S. Corporate High Yield,residual_aware_qr,0.0,long_only,1.056437535130395e-05,3.504398391670394e-05,0.09397384714381653,3.3171846655731043,-8.140838367415224,1.0,0.07795756309402133,0.8413738619996796,False,False,0.0006970972698240482,0.09404727780113772,0.0004206869309998398,0.000693758484657383,0.09412441174623622,0.0008413738619996796,0.0006870809143240522,0.09428975270963037,0.0016827477239993592
13,504,2016-10-06T00:00:00,2018-10-09T00:00:00,2018-10-10T00:00:00,2019-04-11T00:00:00,29,3,Cboe Volatility Index | CAD-JPY X-RATE | U.S. Corporate High Yield,equal_weight,,long_only,4.1891000629852306e-05,0.00013775305051933593,0.18631631364663873,3.288368586287016,-6.792070949921909,1.0000000000000002,0.006666666666666667,0.12680949690301271,False,False,0.000338835214123581,0.18633612155782203,6.340474845150636e-05,0.00033833200183428327,0.1863559705085906,0.0001268094969030127,0.00033732557725568805,0.18639579147641386,0.0002536189938060254
13,504,2016-10-06T00:00:00,2018-10-09T00:00:00,2018-10-10T00:00:00,2019-04-11T00:00:00,29,3,Cboe Volatility Index | CAD-JPY X-RATE | U.S. Corporate High Yield,sample_covariance,,long_only,2.073428357634784e-05,6.997460299612056e-05,0.13279156582788826,3.374826178028282,-7.408895838252558,1.0,0.13248040406001665,0.5817383142690178,False,False,0.0003281942572444815,0.13288874462965272,0.0002908691571345089,0.00032588577187039804,0.1329871248013657,0.0005817383142690178,0.00032126880112223126,0.13318747857329089,0.0011634766285380355
13,504,2016-10-06T00:00:00,2018-10-09T00:00:00,2018-10-10T00:00:00,2019-04-11T00:00:00,29,3,Cboe Volatility Index | CAD-JPY X-RATE | U.S. Corporate High Yield,ridge_10pct,,long_only,1.976372976135646e-05,7.126142353541089e-05,0.1340070100066543,3.6056667641118336,-7.225995366239261,1.0,0.07803368810555729,0.5373254650643013,False,False,0.0002827788409653699,0.13409613575186274,0.0002686627325321507,0.0002806465970563846,0.1341862781170111,0.0005373254650643014,0.000276382109238414,0.13436960450001253,0.0010746509301286027
13,504,2016-10-06T00:00:00,2018-10-09T00:00:00,2018-10-10T00:00:00,2019-04-11T00:00:00,29,3,Cboe Volatility Index | CAD-JPY X-RATE | U.S. Corporate High Yield,ledoit_wolf,,long_only,2.003472582864813e-05,7.087260135531404e-05,0.13364092016122583,3.53748795773245,-7.280555540856861,1.0,0.0871971807133468,0.5521114889610332,False,False,0.00029122505667924413,0.13373268422794052,0.00027605574448051666,0.0002890341380722559,0.13382552427387387,0.0005521114889610333,0.0002846523008582794,0.13401442333271535,0.0011042229779220666
13,504,2016-10-06T00:00:00,2018-10-09T00:00:00,2018-10-10T00:00:00,2019-04-11T00:00:00,29,3,Cboe Volatility Index | CAD-JPY X-RATE | U.S. Corporate High Yield,oas_shrinkage,,long_only,2.0247393859851916e-05,7.062548721645446e-05,0.13340773132973413,3.4881272970392545,-7.319357173933724,1.0,0.09494014441592173,0.5593134801184553,False,False,0.0002985119387031027,0.13350077906692498,0.00027965674005922764,0.00029629244076612475,0.13359493282297183,0.0005593134801184553,0.0002918534448921688,0.13378654902372783,0.0011186269602369106
13,504,2016-10-06T00:00:00,2018-10-09T00:00:00,2018-10-10T00:00:00,2019-04-11T00:00:00,29,3,Cboe Volatility Index | CAD-JPY X-RATE | U.S. Corporate High Yield,nonlinear_shrinkage_qis,,long_only,2.0273869602650682e-05,6.926670891841498e-05,0.13211816925555914,3.4165509730495054,-7.389626739727703,1.0000000000000002,0.08950857477357409,0.5343976112178219,False,False,0.00030458729766723536,0.13220724593985694,0.000267198805608911,0.0003024666722258948,0.13229734196638246,0.000534397611217822,0.0002982254213432137,0.13248058370390284,0.001068795222435644
13,504,2016-10-06T00:00:00,2018-10-09T00:00:00,2018-10-10T00:00:00,2019-04-11T00:00:00,29,3,Cboe Volatility Index | CAD-JPY X-RATE | U.S. Corporate High Yield,pca_matched,,long_only,1.5506086489358878e-05,6.836584362805752e-05,0.13125620973603686,4.408968289643805,-6.665309644739769,1.0000000000000002,0.09664216604635993,0.6449405191208943,False,False,0.00032343861247410437,0.13135128420095998,0.0003224702595604472,0.0003208793246998151,0.1314478720880845,0.0006449405191208944,0.00031576074915123654,0.13164557475203326,0.0012898810382417887
13,504,2016-10-06T00:00:00,2018-10-09T00:00:00,2018-10-10T00:00:00,2019-04-11T00:00:00,29,3,Cboe Volatility Index | CAD-JPY X-RATE | U.S. Corporate High Yield,pca_plus_two,,long_only,1.811482898112778e-05,6.707904866718613e-05,0.13001507706466547,3.702990999090843,-7.215788675303619,0.9999999999999998,0.10457834661650346,0.8321221358123603,False,False,0.0005068838493859756,0.1301415775768018,0.00041606106790618015,0.0005035817774184662,0.13027061292354256,0.0008321221358123603,0.0004969776334834475,0.13053625790490414,0.0016642442716247206
13,504,2016-10-06T00:00:00,2018-10-09T00:00:00,2018-10-10T00:00:00,2019-04-11T00:00:00,29,3,Cboe Volatility Index | CAD-JPY X-RATE | U.S. Corporate High Yield,poet_soft_c0_5,,long_only,1.9636706478614433e-05,6.737227747785442e-05,0.13029894061127018,3.430935709673459,-7.4071742539983685,1.0,0.09031842032906526,0.6007275092251558,False,False,0.00023001468353589445,0.1303996792842909,0.00030036375461257793,0.0002276308442135725,0.13050172283925168,0.0006007275092251559,0.0002228631655689284,0.13070971233143985,0.0012014550184503117
13,504,2016-10-06T00:00:00,2018-10-09T00:00:00,2018-10-10T00:00:00,2019-04-11T00:00:00,29,3,Cboe Volatility Index | CAD-JPY X-RATE | U.S. Corporate High Yield,structured_q0,,long_only,7.304492777022295e-06,7.105779351328948e-05,0.13381541004439268,9.72795725622669,-2.099063693987084,1.0000000000000002,0.07546114479730236,0.31068938083816944,False,False,0.0006349406969477218,0.13385211634410085,0.00015534469041908472,0.0006337078025793164,0.13388917305791323,0.00031068938083816944,0.0006312420138425055,0.1339643365619379,0.0006213787616763389
13,504,2016-10-06T00:00:00,2018-10-09T00:00:00,2018-10-10T00:00:00,2019-04-11T00:00:00,29,3,Cboe Volatility Index | CAD-JPY X-RATE | U.S. Corporate High Yield,residual_aware_qr,0.75,long_only,1.8663266569419137e-05,6.70206870555823e-05,0.12995850544695695,3.5910480518667427,-7.297905268688298,0.9999999999999999,0.08951986392502288,0.9942051496579465,False,False,0.0003310082002404484,0.13012342460666335,0.0004971025748289733,0.0003270629417100597,0.13029192825576286,0.0009942051496579466,0.0003191724246492823,0.13063963324627567,0.001988410299315893
14,504,2017-04-07T00:00:00,2019-04-11T00:00:00,2019-04-12T00:00:00,2019-10-11T00:00:00,30,2,Cboe Volatility Index | CAC 40 INDEX,equal_weight,,long_only,6.765636266929671e-05,8.384056268786222e-05,0.14535412549130236,1.2392117959056361,-8.361857359103302,1.0000000000000002,0.006666666666666667,0.12274177400052813,False,False,0.00013300942276844215,0.14534861195980492,6.137088700026407e-05,0.00013252235223669398,0.14534315004665924,0.00012274177400052814,0.00013154821117319774,0.14533238109864732,0.00024548354800105627
14,504,2017-04-07T00:00:00,2019-04-11T00:00:00,2019-04-12T00:00:00,2019-10-11T00:00:00,30,2,Cboe Volatility Index | CAC 40 INDEX,sample_covariance,,long_only,2.8782463044107777e-05,4.4484438477277134e-05,0.10587765815446543,1.5455396714696312,-8.910204606900678,1.0,0.2205750265722542,0.8082587834014465,False,False,0.0003786188080797001,0.10584886157820896,0.0004041293917007232,0.00037541143195509114,0.10582314388068798,0.0008082587834014464,0.0003689966797058733,0.10578095383553467,0.0016165175668028929
14,504,2017-04-07T00:00:00,2019-04-11T00:00:00,2019-04-12T00:00:00,2019-10-11T00:00:00,30,2,Cboe Volatility Index | CAC 40 INDEX,ridge_10pct,,long_only,2.8025911873374854e-05,4.3442483383089546e-05,0.10463032931487201,1.5500827797992445,-8.93229827188156,1.0,0.11812915786254857,0.6812191843893495,False,False,0.0004166048663771228,0.10460278577683935,0.00034060959219467477,0.000413901615645419,0.10457745374405183,0.0006812191843893495,0.00040849511418201154,0.1045334304849351,0.001362438368778699
14,504,2017-04-07T00:00:00,2019-04-11T00:00:00,2019-04-12T00:00:00,2019-10-11T00:00:00,30,2,Cboe Volatility Index | CAC 40 INDEX,ledoit_wolf,,long_only,2.8521532055268113e-05,4.407354984429015e-05,0.1053875446187125,1.5452728752048044,-8.919578370028255,0.9999999999999999,0.1493503243087443,0.7171969933315676,False,False,0.000412524329417348,0.10536230876158469,0.0003585984966657838,0.00040967830960254024,0.10533950838080237,0.0007171969933315676,0.00040398626997292466,0.1053012202073942,0.0014343939866631353
14,504,2017-04-07T00:00:00,2019-04-11T00:00:00,2019-04-12T00:00:00,2019-10-11T00:00:00,30,2,Cboe Volatility Index | CAC 40 INDEX,oas_shrinkage,,long_only,2.8622695587402142e-05,4.423325728180251e-05,0.10557831612132405,1.5453910393146595,-8.91591956351266,0.9999999999999998,0.16311483837427151,0.7329502894365946,False,False,0.00040672780486020974,0.10555255521256016,0.0003664751447182973,0.00040381927196562014,0.1055293333860954,0.0007329502894365946,0.00039800220617644083,0.10549051350391773,0.0014659005788731892
14,504,2017-04-07T00:00:00,2019-04-11T00:00:00,2019-04-12T00:00:00,2019-10-11T00:00:00,30,2,Cboe Volatility Index | CAC 40 INDEX,nonlinear_shrinkage_qis,,long_only,2.8507215958520316e-05,4.275023281254278e-05,0.10379334597536,1.4996284756374278,-8.965724835572779,1.0,0.14974112663593395,0.6863194549520276,False,False,0.0004172918435174084,0.10376780879730581,0.00034315972747601384,0.0004145683536168052,0.10374453552270552,0.0006863194549520277,0.00040912137381559857,0.10370478663234406,0.0013726389099040553
14,504,2017-04-07T00:00:00,2019-04-11T00:00:00,2019-04-12T00:00:00,2019-10-11T00:00:00,30,2,Cboe Volatility Index | CAC 40 INDEX,pca_matched,,long_only,1.0736859046518955e-05,5.3275411210407035e-05,0.11586804402000826,4.961917724688739,-6.479910240736945,1.0,0.11687416395439759,0.6854214872944808,False,False,0.000566855631648205,0.11585347795371392,0.00034271074364724044,0.0005641357051113221,0.11584093786540244,0.0006854214872944809,0.0005586958520375564,0.11582193814865328,0.0013708429745889618
14,504,2017-04-07T00:00:00,2019-04-11T00:00:00,2019-04-12T00:00:00,2019-10-11T00:00:00,30,2,Cboe Volatility Index | CAC 40 INDEX,pca_plus_two,,long_only,2.446092099495702e-05,4.394954211142486e-05,0.10523917812335416,1.7967247480373165,-8.821709027271435,1.0,0.15127997962522644,0.7614852498465756,False,False,0.00025368285902841267,0.1052080921231599,0.0003807426249232878,0.0002506610921639421,0.10517975348943004,0.0007614852498465756,0.000244617558435001,0.10513132699275898,0.0015229704996931512
14,504,2017-04-07T00:00:00,2019-04-11T00:00:00,2019-04-12T00:00:00,2019-10-11T00:00:00,30,2,Cboe Volatility Index | CAC 40 INDEX,poet_soft_c0_5,,long_only,2.5198616691862027e-05,4.6211966157625673e-05,0.10791392621771144,1.833908849946909,-8.754812608186752,1.0,0.11314603609435418,0.6884688914565729,False,False,0.0006130904942433883,0.1078757627109352,0.00034423444572828643,0.0006103584748328464,0.10783978337619578,0.0006884688914565729,0.0006048944360117625,0.10777438583998519,0.0013769377829131457
14,504,2017-04-07T00:00:00,2019-04-11T00:00:00,2019-04-12T00:00:00,2019-10-11T00:00:00,30,2,Cboe Volatility Index | CAC 40 INDEX,structured_q0,,long_only,9.586711737947924e-06,5.079382479892774e-05,0.11313727877817191,5.29835737084553,-6.25677524149013,1.0,0.09954357040517135,0.3392795962104267,False,False,0.0005263566406401825,0.11312961636523686,0.00016963979810521334,0.0005250102930361727,0.11312246222216855,0.0003392795962104267,0.0005223175978281534,0.11310967912455476,0.0006785591924208534
14,504,2017-04-07T00:00:00,2019-04-11T00:00:00,2019-04-12T00:00:00,2019-10-11T00:00:00,30,2,Cboe Volatility Index | CAC 40 INDEX,residual_aware_qr,0.75,long_only,2.597941061091448e-05,4.306214411981263e-05,0.10417130275749066,1.6575489245980564,-8.900657308643053,1.0,0.13672951779868533,0.6627822877746274,False,False,0.00043312392397950596,0.10414496808691362,0.0003313911438873137,0.0004304938355359559,0.10412073625275955,0.0006627822877746274,0.00042523365864885563,0.10407858684131235,0.0013255645755492547
15,504,2017-10-10T00:00:00,2019-10-11T00:00:00,2019-10-14T00:00:00,2020-04-14T00:00:00,31,2,Cboe Volatility Index | AUD-JPY X-RATE,equal_weight,,long_only,8.157457288984842e-05,0.0008262767989007596,0.4563132184399126,10.129097458058354,0.7151045067626178,1.0000000000000002,0.006666666666666667,0.12521782396242814,False,False,-0.0005169884825836784,0.4563138920795901,6.260891198121408e-05,-0.0005174853787105134,0.45631458289885896,0.00012521782396242816,-0.0005184791709641835,0.45631601607585687,0.0002504356479248563
15,504,2017-10-10T00:00:00,2019-10-11T00:00:00,2019-10-14T00:00:00,2020-04-14T00:00:00,31,2,Cboe Volatility Index | AUD-JPY X-RATE,sample_covariance,,long_only,3.497754333366153e-05,0.0006283530487826552,0.3979258326538114,17.964470597280158,7.7036662758414725,1.0,0.23985270613137052,0.487963868106356,False,False,-0.0009608991520933041,0.397929267575355,0.000243981934053178,-0.0009628355166492816,0.39793300164930334,0.000487963868106356,-0.0009667082457612367,0.39794136722005424,0.000975927736212712
15,504,2017-10-10T00:00:00,2019-10-11T00:00:00,2019-10-14T00:00:00,2020-04-14T00:00:00,31,2,Cboe Volatility Index | AUD-JPY X-RATE,ridge_10pct,,long_only,3.3734990011371696e-05,0.0006658092442662506,0.40961436688072256,19.736458912298882,9.439483932323,0.9999999999999998,0.1176579372077606,0.45404523477654646,False,False,-0.0009202075472904065,0.40961748379874413,0.00022702261738827322,-0.0009220093140950754,0.4096208523369006,0.00045404523477654644,-0.000925612847704413,0.40962834424832417,0.0009080904695530929
15,504,2017-10-10T00:00:00,2019-10-11T00:00:00,2019-10-14T00:00:00,2020-04-14T00:00:00,31,2,Cboe Volatility Index | AUD-JPY X-RATE,ledoit_wolf,,long_only,3.46144494029475e-05,0.0006450080024493161,0.40316499924624866,18.63406795644111,8.36282860616651,1.0,0.16489041988328246,0.5001366793021621,False,False,-0.0009424816447641545,0.4031684937336164,0.000250068339651081,-0.0009444663141264651,0.40317229840148555,0.000500136679302162,-0.0009484356528510853,0.4031808382428873,0.001000273358604324
15,504,2017-10-10T00:00:00,2019-10-11T00:00:00,2019-10-14T00:00:00,2020-04-14T00:00:00,31,2,Cboe Volatility Index | AUD-JPY X-RATE,oas_shrinkage,,long_only,3.4730972821716996e-05,0.0006409243598740742,0.40188672370242173,18.45397084510427,8.186092164494665,0.9999999999999998,0.17874921884396258,0.4970035437416154,False,False,-0.00094579307289039,0.4018902315310364,0.0002485017718708077,-0.0009477653091750789,0.40189404663965345,0.0004970035437416154,-0.0009517097817444567,0.401902598661187,0.0009940070874832308
15,504,2017-10-10T00:00:00,2019-10-11T00:00:00,2019-10-14T00:00:00,2020-04-14T00:00:00,31,2,Cboe Volatility Index | AUD-JPY X-RATE,nonlinear_shrinkage_qis,,long_only,3.444241259998981e-05,0.0006623372970396463,0.40854497776131193,19.230281709122846,8.95405988052907,0.9999999999999998,0.15690111771691626,0.44803223053359187,False,False,-0.0009234242547835149,0.4085477972515583,0.00022401611526679592,-0.0009252021604602355,0.40855086238691196,0.00044803223053359185,-0.0009287579718136771,0.4085577295703835,0.0008960644610671837
15,504,2017-10-10T00:00:00,2019-10-11T00:00:00,2019-10-14T00:00:00,2020-04-14T00:00:00,31,2,Cboe Volatility Index | AUD-JPY X-RATE,pca_matched,,long_only,1.9331403557998483e-05,0.0007617921497039309,0.4381456626801075,39.40697567139323,28.553196014359727,1.0,0.1255627526113981,0.41163298602099707,False,False,-0.0004170951791957153,0.43815088201719865,0.00020581649301049855,-0.0004187286434259573,0.43815629464977757,0.0004116329860209971,-0.00042199557188644173,0.43816769977249065,0.0008232659720419942
15,504,2017-10-10T00:00:00,2019-10-11T00:00:00,2019-10-14T00:00:00,2020-04-14T00:00:00,31,2,Cboe Volatility Index | AUD-JPY X-RATE,pca_plus_two,,long_only,3.2069582736240244e-05,0.0007173166649291585,0.42516326224422063,22.367508515118736,12.019905959744019,1.0,0.14855276783661422,0.3314689851653117,False,False,-0.0006207228194324112,0.42516781268703646,0.00016573449258265585,-0.0006220381725481466,0.4251724922895389,0.0003314689851653117,-0.0006246688787796173,0.4251822389564275,0.0006629379703306234
15,504,2017-10-10T00:00:00,2019-10-11T00:00:00,2019-10-14T00:00:00,2020-04-14T00:00:00,31,2,Cboe Volatility Index | AUD-JPY X-RATE,poet_soft_c0_5,,long_only,3.0221339724697823e-05,0.0006364023513784783,0.40046646869291885,21.058045645090658,10.65108337537409,1.0,0.13129568328562904,0.47432891530977694,False,False,-0.000728114300080964,0.40046987213113316,0.00023716445765488848,-0.0007299965576813999,0.4004735564428638,0.00047432891530977696,-0.0007337610728822708,0.40048176765527566,0.0009486578306195539
15,504,2017-10-10T00:00:00,2019-10-11T00:00:00,2019-10-14T00:00:00,2020-04-14T00:00:00,31,2,Cboe Volatility Index | AUD-JPY X-RATE,structured_q0,,long_only,1.252601492095731e-05,0.0008061190301277201,0.45071276395525506,64.35558597164052,53.06788308897765,1.0,0.10904635023768942,0.17300581337525234,False,False,4.973583056375183e-05,0.4507148156391333,8.650290668762616e-05,4.904929955829467e-05,0.45071690051745544,0.00017300581337525232,4.767623754737991e-05,0.45072116985558147,0.00034601162675050465
15,504,2017-10-10T00:00:00,2019-10-11T00:00:00,2019-10-14T00:00:00,2020-04-14T00:00:00,31,2,Cboe Volatility Index | AUD-JPY X-RATE,residual_aware_qr,0.5,long_only,2.747537848733389e-05,0.0006703812327231596,0.41101833371059765,24.39934478180908,13.897124499738748,1.0,0.11244922531529265,0.5058164741901757,False,False,-0.0006664282396575005,0.41102261394719863,0.00025290823709508785,-0.0006684354478884137,0.4110272053721567,0.0005058164741901757,-0.0006724498643502406,0.41103732174472446,0.0010116329483803514
16,504,2018-04-12T00:00:00,2020-04-14T00:00:00,2020-04-15T00:00:00,2020-10-12T00:00:00,32,2,Cboe Volatility Index | AUD-JPY X-RATE,equal_weight,,long_only,0.00026744947589264187,0.0002933312206001227,0.2718813483695248,1.096772463737675,-7.129807420897393,1.0000000000000002,0.006666666666666667,0.21583299747602547,False,False,0.002118528176675352,0.27191002071599313,0.00010791649873801275,0.0021176716965266374,0.27193877569077096,0.0002158329974760255,0.002115958736229209,0.2719965334203566,0.000431665994952051
16,504,2018-04-12T00:00:00,2020-04-14T00:00:00,2020-04-15T00:00:00,2020-10-12T00:00:00,32,2,Cboe Volatility Index | AUD-JPY X-RATE,sample_covariance,,long_only,0.0001019386114170529,0.00012408692236258546,0.1768329845797201,1.2172710677303522,-7.973868706985795,1.0,0.26146914822081957,1.4904165436305878,False,False,0.0008201587401638539,0.17697106653835204,0.0007452082718152939,0.0008142443888002405,0.17711531184385393,0.0014904165436305879,0.0008024156860730136,0.17742223172312377,0.0029808330872611757
16,504,2018-04-12T00:00:00,2020-04-14T00:00:00,2020-04-15T00:00:00,2020-10-12T00:00:00,32,2,Cboe Volatility Index | AUD-JPY X-RATE,ridge_10pct,,long_only,9.932657976889696e-05,0.00011919288800450506,0.1733107260879582,1.2000099900935985,-8.017087361248453,1.0000000000000002,0.20216407674755346,1.4420770858679182,False,False,0.0010231253424686523,0.17344754944590768,0.0007210385429339591,0.001017402814350129,0.17359025498790961,0.0014420770858679182,0.001005957758113082,0.1738932541005718,0.0028841541717358364
16,504,2018-04-12T00:00:00,2020-04-14T00:00:00,2020-04-15T00:00:00,2020-10-12T00:00:00,32,2,Cboe Volatility Index | AUD-JPY X-RATE,ledoit_wolf,,long_only,9.998651344843216e-05,0.00012026891357023308,0.1740912583092521,1.2028513588711294,-8.007623887715903,1.0,0.2144264926972837,1.4558157365222308,False,False,0.0009793746645030505,0.17422833952156214,0.0007279078682611154,0.0009735976179295495,0.17437139032720195,0.0014558157365222309,0.0009620435247825477,0.17467534144068225,0.0029116314730444617
16,504,2018-04-12T00:00:00,2020-04-14T00:00:00,2020-04-15T00:00:00,2020-10-12T00:00:00,32,2,Cboe Volatility Index | AUD-JPY X-RATE,oas_shrinkage,,long_only,0.00010158168131087876,0.00012329655776787928,0.17626892113332282,1.2137676417320236,-7.980879699402519,1.0,0.2532796251578241,1.4898888780153954,False,False,0.0008461805564159444,0.17640766428398036,0.0007449444390076977,0.0008402682989635024,0.1765525849361098,0.0014898888780153954,0.0008284437840586184,0.1768608973549956,0.0029797777560307908
16,504,2018-04-12T00:00:00,2020-04-14T00:00:00,2020-04-15T00:00:00,2020-10-12T00:00:00,32,2,Cboe Volatility Index | AUD-JPY X-RATE,nonlinear_shrinkage_qis,,long_only,0.00010281994581293873,0.00012170974000960386,0.1751309638025788,1.1837172160256872,-7.998813982320327,1.0,0.22128166324602389,1.493813347506529,False,False,0.0009635949029126161,0.17527136178328315,0.0007469066737532644,0.0009576670721685426,0.1754180079656307,0.0014938133475065288,0.0009458114106803955,0.17572998169950604,0.0029876266950130577
16,504,2018-04-12T00:00:00,2020-04-14T00:00:00,2020-04-15T00:00:00,2020-10-12T00:00:00,32,2,Cboe Volatility Index | AUD-JPY X-RATE,pca_matched,,long_only,9.512199882581595e-05,0.00011721721417420777,0.17186837397235233,1.2322829168976128,-8.02806737517683,1.0,0.2135205678672635,1.7652046256128564,False,False,0.0011592450974872996,0.17203177795566993,0.0008826023128064282,0.0011522403172269313,0.17220407436715238,0.0017652046256128565,0.0011382307567061943,0.17257523656329218,0.003530409251225713
16,504,2018-04-12T00:00:00,2020-04-14T00:00:00,2020-04-15T00:00:00,2020-10-12T00:00:00,32,2,Cboe Volatility Index | AUD-JPY X-RATE,pca_plus_two,,long_only,9.452087718771318e-05,0.00011933963730831638,0.17341738263996412,1.2625743736097004,-8.004115451633382,1.0,0.2080898958604059,1.8175128799933344,False,False,0.001207560713535666,0.17358170853117252,0.0009087564399966672,0.0012003483608372795,0.17375538502324198,0.0018175128799933344,0.0011859236554405072,0.17413067638911353,0.0036350257599866687
16,504,2018-04-12T00:00:00,2020-04-14T00:00:00,2020-04-15T00:00:00,2020-10-12T00:00:00,32,2,Cboe Volatility Index | AUD-JPY X-RATE,poet_soft_c0_5,,long_only,9.962368630553178e-05,0.00012100741723116646,0.17462493848890526,1.214645047966342,-7.999465559368153,1.0000000000000002,0.22899834855043188,1.5826606974549389,False,False,0.0010494628611650105,0.1747817829743384,0.0007913303487274695,0.0010431824615719353,0.1749456458218002,0.001582660697454939,0.001030621662385785,0.17529434703176439,0.003165321394909878
16,504,2018-04-12T00:00:00,2020-04-14T00:00:00,2020-04-15T00:00:00,2020-10-12T00:00:00,32,2,Cboe Volatility Index | AUD-JPY X-RATE,structured_q0,,long_only,4.247415007080688e-05,0.0001074177450796868,0.16452741947797356,2.529014586533578,-7.537600314177512,1.0,0.0971729308810643,0.662860424408759,False,False,0.0006218743263281403,0.1645994238350948,0.0003314302122043795,0.0006192439278185818,0.16467273082557268,0.000662860424408759,0.0006139831307994647,0.16482324572338375,0.001325720848817518
16,504,2018-04-12T00:00:00,2020-04-14T00:00:00,2020-04-15T00:00:00,2020-10-12T00:00:00,32,2,Cboe Volatility Index | AUD-JPY X-RATE,residual_aware_qr,0.9,long_only,9.872319911446595e-05,0.00012072355914214581,0.17442000144427458,1.2228489374839975,-8.00034165490756,1.0,0.24911730705712778,1.4946628029523412,False,False,0.0008177088452404284,0.1745623140416265,0.0007473314014761706,0.0008117776436414112,0.17471090429680874,0.0014946628029523412,0.0007999152404433769,0.17502685315166552,0.0029893256059046825
17,504,2018-10-10T00:00:00,2020-10-12T00:00:00,2020-10-13T00:00:00,2021-04-19T00:00:00,33,2,Cboe Volatility Index | AUD-JPY X-RATE,equal_weight,,long_only,0.0003342560916303274,0.00010946375122190088,0.1660869209417738,0.32748468603217856,-7.676118431343255,1.0000000000000002,0.006666666666666667,0.17325967818776156,False,False,0.001816924677472895,0.16609961323548764,8.662983909388078e-05,0.001816237139067388,0.1661123949166775,0.00017325967818776155,0.0018148620622563739,0.16613822635881775,0.0003465193563755231
17,504,2018-10-10T00:00:00,2020-10-12T00:00:00,2020-10-13T00:00:00,2021-04-19T00:00:00,33,2,Cboe Volatility Index | AUD-JPY X-RATE,sample_covariance,,long_only,0.00011604201836866194,7.689864125514888e-05,0.13920652856923602,0.6626792806278521,-8.398878924502482,1.0,0.2392753743260292,0.4828530016365784,False,False,0.0006540738360466051,0.13920049814951155,0.0002414265008182892,0.0006521577527067774,0.1391953049526743,0.0004828530016365784,0.000648325586027122,0.13918743058740332,0.0009657060032731568
17,504,2018-10-10T00:00:00,2020-10-12T00:00:00,2020-10-13T00:00:00,2021-04-19T00:00:00,33,2,Cboe Volatility Index | AUD-JPY X-RATE,ridge_10pct,,long_only,0.00011433802197654876,6.722848531531424e-05,0.13015981829834886,0.5879801325328429,-8.488371259233185,1.0,0.1824913911383418,0.4638850694834314,False,False,0.0006124320070844703,0.13015669339578234,0.0002319425347417157,0.0006105911933166789,0.13015439509039214,0.0004638850694834314,0.0006069095657810962,0.13015227843054983,0.0009277701389668628
17,504,2018-10-10T00:00:00,2020-10-12T00:00:00,2020-10-13T00:00:00,2021-04-19T00:00:00,33,2,Cboe Volatility Index | AUD-JPY X-RATE,ledoit_wolf,,long_only,0.00011547665035007645,7.153145165157554e-05,0.13426066369639708,0.6194451556632651,-8.446997054247745,1.0000000000000002,0.2062455709796515,0.5255999207696447,False,False,0.000630646030891741,0.13425607346606133,0.0002627999603848223,0.0006285603169204329,0.13425251194718327,0.0005255999207696446,0.0006243888889778167,0.13424847534764403,0.0010511998415392893
17,504,2018-10-10T00:00:00,2020-10-12T00:00:00,2020-10-13T00:00:00,2021-04-19T00:00:00,33,2,Cboe Volatility Index | AUD-JPY X-RATE,oas_shrinkage,,long_only,0.00011582364912006113,7.568524676991581e-05,0.13810388186440953,0.6534524455490223,-8.40998934429248,1.0,0.23167689863220572,0.49363308841860964,False,False,0.0006503691020052054,0.1380980142615903,0.0002468165442093048,0.0006484102405432268,0.1380930286929647,0.0004936330884186096,0.0006444925176192696,0.13808570402354145,0.0009872661768372192
17,504,2018-10-10T00:00:00,2020-10-12T00:00:00,2020-10-13T00:00:00,2021-04-19T00:00:00,33,2,Cboe Volatility Index | AUD-JPY X-RATE,nonlinear_shrinkage_qis,,long_only,0.00011763184420290958,7.201827230215316e-05,0.13471675701315927,0.6122344913501901,-8.435716283766592,1.0,0.2018325259837788,0.476544673822966,False,False,0.0006218993257510196,0.13471124701470502,0.00023827233691148302,0.0006200082754580713,0.1347065797175375,0.00047654467382296603,0.0006162261748721748,0.13469977356163806,0.0009530893476459321
17,504,2018-10-10T00:00:00,2020-10-12T00:00:00,2020-10-13T00:00:00,2021-04-19T00:00:00,33,2,Cboe Volatility Index | AUD-JPY X-RATE,pca_matched,,long_only,0.00010944561848942526,7.885120204297615e-05,0.14096277137893531,0.7204601073234816,-8.399622659547916,1.0,0.21569582694892406,0.2753103409580572,False,False,0.0005412483245596185,0.14095657984605298,0.00013765517047902858,0.0005401558232066104,0.14095065691491918,0.00027531034095805716,0.0005379708205005941,0.1409396169918163,0.0005506206819161143
17,504,2018-10-10T00:00:00,2020-10-12T00:00:00,2020-10-13T00:00:00,2021-04-19T00:00:00,33,2,Cboe Volatility Index | AUD-JPY X-RATE,pca_plus_two,,long_only,0.00010878499014994152,8.090176712711151e-05,0.14278391126465229,0.7436850158795092,-8.382452175360713,1.0,0.2212464512363503,0.29038671112335235,False,False,0.0005443754864805017,0.14277753134851823,0.0001451933555616762,0.0005432231582617582,0.14277144646029233,0.0002903867111233524,0.0005409185018242712,0.14276016191663593,0.0005807734222467048
17,504,2018-10-10T00:00:00,2020-10-12T00:00:00,2020-10-13T00:00:00,2021-04-19T00:00:00,33,2,Cboe Volatility Index | AUD-JPY X-RATE,poet_soft_c0_5,,long_only,0.00011469830917107087,7.41471601165999e-05,0.1366933954124455,0.6464538200472554,-8.426751455206206,0.9999999999999999,0.21929284343681654,0.39249783546143857,False,False,0.0005816400516554864,0.13668787239134697,0.0001962489177307193,0.0005800825205623855,0.13668291269545724,0.0003924978354614386,0.0005769674583761835,0.13667468351764397,0.0007849956709228772
17,504,2018-10-10T00:00:00,2020-10-12T00:00:00,2020-10-13T00:00:00,2021-04-19T00:00:00,33,2,Cboe Volatility Index | AUD-JPY X-RATE,structured_q0,,long_only,5.511969229471397e-05,5.877095679172891e-05,0.12169749837821518,1.0662424687984895,-8.739761044937612,1.0000000000000002,0.1288120455993892,0.2923325867616978,False,False,-9.291637306677489e-05,0.12169479982468591,0.00014616629338084892,-9.407642301424196e-05,0.12169245233606865,0.00029233258676169784,-9.63965229091761e-05,0.12168881063180016,0.0005846651735233957
17,504,2018-10-10T00:00:00,2020-10-12T00:00:00,2020-10-13T00:00:00,2021-04-19T00:00:00,33,2,Cboe Volatility Index | AUD-JPY X-RATE,residual_aware_qr,0.25,long_only,7.917680481508933e-05,5.689293537175712e-05,0.11973729458144106,0.7185555858767693,-8.725271584657824,1.0,0.14548485747156556,0.765093517353638,False,False,0.000214947182109871,0.11972270417621754,0.00038254675867681895,0.00021191109672354702,0.11971055694858199,0.0007650935173536379,0.00020583892595089914,0.11969359485184569,0.0015301870347072758
18,504,2019-04-12T00:00:00,2021-04-19T00:00:00,2021-04-20T00:00:00,2021-10-21T00:00:00,34,3,Cboe Volatility Index | AUD-JPY X-RATE | US Generic Govt 5 Yr,equal_weight,,long_only,0.0003275034966395373,6.321652843073179e-05,0.12621634269992302,0.19302550684003927,-7.830986319343978,1.0000000000000002,0.006666666666666667,0.1820051637534928,False,False,0.0008075546586846496,0.12622900256620384,9.100258187674639e-05,0.0008068324159713421,0.12624179236311805,0.00018200516375349278,0.0008053879305447272,0.12626776159051575,0.00036401032750698557
18,504,2019-04-12T00:00:00,2021-04-19T00:00:00,2021-04-20T00:00:00,2021-10-21T00:00:00,34,3,Cboe Volatility Index | AUD-JPY X-RATE | US Generic Govt 5 Yr,sample_covariance,,long_only,0.00011254045548335904,3.909447920998355e-05,0.09925627819395534,0.3473815619643046,-8.744816234701098,0.9999999999999999,0.21765415140303815,0.4538617421594302,False,False,-0.0003497688240517346,0.09921915430772486,0.0002269308710797151,-0.0003515698627110975,0.09918305496729456,0.0004538617421594302,-0.0003551719400298231,0.09911393436999094,0.0009077234843188604
18,504,2019-04-12T00:00:00,2021-04-19T00:00:00,2021-04-20T00:00:00,2021-10-21T00:00:00,34,3,Cboe Volatility Index | AUD-JPY X-RATE | US Generic Govt 5 Yr,ridge_10pct,,long_only,0.00010979224402601205,3.444250276074217e-05,0.09316389158739037,0.31370615535084634,-8.803214513318792,1.0,0.1594935244122129,0.42493989638075197,False,False,-0.0001434447969076701,0.09313624645026256,0.00021246994819037598,-0.00014513106633775227,0.09310956279511037,0.00042493989638075195,-0.00014850360519791703,0.09305908320926182,0.0008498797927615039
18,504,2019-04-12T00:00:00,2021-04-19T00:00:00,2021-04-20T00:00:00,2021-10-21T00:00:00,34,3,Cboe Volatility Index | AUD-JPY X-RATE | US Generic Govt 5 Yr,ledoit_wolf,,long_only,0.00011134804174456293,3.6411579450659466e-05,0.09578996827208049,0.32700691345959326,-8.775842837443934,1.0000000000000002,0.1851390331225981,0.4449568653013279,False,False,-0.00022947381059886085,0.09575789708453177,0.00022247843265066396,-0.00023123951244529467,0.09572684928038391,0.0004449568653013279,-0.00023477091613816235,0.09566782777496527,0.0008899137306026558
18,504,2019-04-12T00:00:00,2021-04-19T00:00:00,2021-04-20T00:00:00,2021-10-21T00:00:00,34,3,Cboe Volatility Index | AUD-JPY X-RATE | US Generic Govt 5 Yr,oas_shrinkage,,long_only,0.00011218582253180425,3.8463448239953524e-05,0.09845196268469353,0.3428548043942833,-8.752499127361927,1.0,0.20907687197990293,0.45711532662014187,False,False,-0.00032366588284476897,0.09841551872656425,0.00022855766331007096,-0.0003254798325535791,0.09838012324850472,0.0004571153266201419,-0.0003291077319711991,0.09831248222886547,0.0009142306532402838
18,504,2019-04-12T00:00:00,2021-04-19T00:00:00,2021-04-20T00:00:00,2021-10-21T00:00:00,34,3,Cboe Volatility Index | AUD-JPY X-RATE | US Generic Govt 5 Yr,nonlinear_shrinkage_qis,,long_only,0.00011290664120432013,3.685433808421044e-05,0.09637060338724164,0.32641426306817006,-8.762535001694452,0.9999999999999999,0.185012060589753,0.4334184280635769,False,False,-0.00025393688486471776,0.09633798867116787,0.00021670921403178846,-0.0002556567992617953,0.09630633819601331,0.0004334184280635769,-0.00025909662805595067,0.09624593374456863,0.0008668368561271538
18,504,2019-04-12T00:00:00,2021-04-19T00:00:00,2021-04-20T00:00:00,2021-10-21T00:00:00,34,3,Cboe Volatility Index | AUD-JPY X-RATE | US Generic Govt 5 Yr,pca_matched,,long_only,0.00010234288896345178,3.9191077273618214e-05,0.0993788280920629,0.38293893860680395,-8.804242787304775,1.0,0.19321849727965928,0.338231046213303,False,False,-0.0004012340454453798,0.09934772902487124,0.0001691155231066515,-0.00040257623213670236,0.09931719615498273,0.000338231046213303,-0.0004052606055193476,0.09925783108745292,0.000676462092426606
18,504,2019-04-12T00:00:00,2021-04-19T00:00:00,2021-04-20T00:00:00,2021-10-21T00:00:00,34,3,Cboe Volatility Index | AUD-JPY X-RATE | US Generic Govt 5 Yr,pca_plus_two,,long_only,0.00010239488532833208,3.8704483522106726e-05,0.09875996075116117,0.37799235184452534,-8.80868144272729,0.9999999999999999,0.19758315363887544,0.33145064452891915,False,False,-0.0003305718796417247,0.09872941767253013,0.00016572532226445956,-0.00033188715997715685,0.09869942167952493,0.0003314506445289191,-0.00033451772064802134,0.09864107293766372,0.0006629012890578382
18,504,2019-04-12T00:00:00,2021-04-19T00:00:00,2021-04-20T00:00:00,2021-10-21T00:00:00,34,3,Cboe Volatility Index | AUD-JPY X-RATE | US Generic Govt 5 Yr,poet_soft_c0_5,,long_only,0.00010809543631748338,3.580036613304922e-05,0.09498258927576361,0.3311922071150275,-8.801303844324828,1.0,0.19466269292412514,0.3831707185758476,False,False,-0.0003352010007268493,0.09495275828572586,0.0001915853592879238,-0.0003367215194513565,0.09492369128097648,0.0003831707185758476,-0.0003397625569003712,0.09486785201785773,0.0007663414371516952
18,504,2019-04-12T00:00:00,2021-04-19T00:00:00,2021-04-20T00:00:00,2021-10-21T00:00:00,34,3,Cboe Volatility Index | AUD-JPY X-RATE | US Generic Govt 5 Yr,structured_q0,,long_only,5.287333881245123e-05,4.071658328729097e-05,0.10129451608254676,0.7700777783623257,-9.077533559987645,0.9999999999999998,0.13668074242486708,0.454137491548978,False,False,-0.0002379187110928507,0.10123437175298852,0.00022706874577448896,-0.00023972084399582287,0.1011752109012305,0.0004541374915489779,-0.00024332510980176712,0.10105984651118625,0.0009082749830979558
18,504,2019-04-12T00:00:00,2021-04-19T00:00:00,2021-04-20T00:00:00,2021-10-21T00:00:00,34,3,Cboe Volatility Index | AUD-JPY X-RATE | US Generic Govt 5 Yr,residual_aware_qr,0.5,long_only,9.001249263644498e-05,3.4391317490801265e-05,0.09309464005882358,0.3820727155030105,-8.933489374692197,1.0,0.15732456732271433,0.4780609739390024,False,False,-0.0001647559789656659,0.09305305873517923,0.0002390304869695012,-0.00016665304632256666,0.0930126873848848,0.0004780609739390024,-0.00017044718103636827,0.09293558086445641,0.0009561219478780048
19,504,2019-10-14T00:00:00,2021-10-21T00:00:00,2021-10-22T00:00:00,2022-04-25T00:00:00,35,4,BRAZIL IBOVESPA INDEX | Cboe Volatility Index | FTSE 100 INDEX | US Generic Govt 10 Yr,equal_weight,,long_only,0.00032220854609895587,0.00013356377995717972,0.18346136527675053,0.4145258764060217,-7.625785686961813,1.0000000000000002,0.006666666666666667,0.13142326803656432,False,False,-1.3708992225830287e-05,0.18345810715022354,6.571163401828217e-05,-1.4230513130737312e-05,0.1834548960402853,0.00013142326803656433,-1.527355494055131e-05,0.18344861488001493,0.00026284653607312866
19,504,2019-10-14T00:00:00,2021-10-21T00:00:00,2021-10-22T00:00:00,2022-04-25T00:00:00,35,4,BRAZIL IBOVESPA INDEX | Cboe Volatility Index | FTSE 100 INDEX | US Generic Govt 10 Yr,sample_covariance,,long_only,0.00010694669678903126,8.014946272611836e-05,0.14211848791407058,0.7494337378575184,-8.393746270618365,1.0,0.20979550577779926,0.2941821044558912,False,False,0.00031265543783856863,0.14211196425008388,0.00014709105222794562,0.0003114880485351722,0.14210574478944538,0.00029418210445589124,0.0003091532699283794,0.142094218636039,0.0005883642089117825
19,504,2019-10-14T00:00:00,2021-10-21T00:00:00,2021-10-22T00:00:00,2022-04-25T00:00:00,35,4,BRAZIL IBOVESPA INDEX | Cboe Volatility Index | FTSE 100 INDEX | US Generic Govt 10 Yr,ridge_10pct,,long_only,0.00010439872301424133,7.15998681128405e-05,0.1343248553486502,0.6858308803554365,-8.481462233899462,0.9999999999999999,0.1596354541631578,0.27018406784410254,False,False,0.0002958973429363407,0.13431906885132947,0.00013509203392205127,0.0002948251839369593,0.1343135538550413,0.00027018406784410254,0.0002926808659381966,0.13430333849770235,0.0005403681356882051
19,504,2019-10-14T00:00:00,2021-10-21T00:00:00,2021-10-22T00:00:00,2022-04-25T00:00:00,35,4,BRAZIL IBOVESPA INDEX | Cboe Volatility Index | FTSE 100 INDEX | US Generic Govt 10 Yr,ledoit_wolf,,long_only,0.00010580811550215529,7.453706484334728e-05,0.13705232701608358,0.7044550835217265,-8.44942825189059,1.0,0.1798836210525913,0.27568624302680655,False,False,0.00030199107228847186,0.13704631317347343,0.00013784312151340328,0.0003008970792605877,0.13704057636796702,0.00027568624302680655,0.0002987090932048194,0.13702993400576405,0.0005513724860536131
19,504,2019-10-14T00:00:00,2021-10-21T00:00:00,2021-10-22T00:00:00,2022-04-25T00:00:00,35,4,BRAZIL IBOVESPA INDEX | Cboe Volatility Index | FTSE 100 INDEX | US Generic Govt 10 Yr,oas_shrinkage,,long_only,0.0001066163666212722,7.848982892106872e-05,0.14063938597743278,0.7361893057177992,-8.410084219267148,1.0,0.20197345750135703,0.29572766596029876,False,False,0.0003088313164763943,0.14063283186497186,0.00014786383298014938,0.00030765779399242484,0.14062658839446399,0.00029572766596029876,0.000305310749024486,0.14061503354276286,0.0005914553319205975
19,504,2019-10-14T00:00:00,2021-10-21T00:00:00,2021-10-22T00:00:00,2022-04-25T00:00:00,35,4,BRAZIL IBOVESPA INDEX | Cboe Volatility Index | FTSE 100 INDEX | US Generic Govt 10 Yr,nonlinear_shrinkage_qis,,long_only,0.00010712590736826341,7.547634162406121e-05,0.13791315415602468,0.7045573146428392,-8.436948396257208,1.0,0.17970578381410807,0.2758415084134012,False,False,0.0002899736215327156,0.13790691301793018,0.0001379207542067006,0.00028887901237234487,0.13790094747877643,0.0002758415084134012,0.0002866897940516036,0.1378898433387178,0.0005516830168268024
19,504,2019-10-14T00:00:00,2021-10-21T00:00:00,2021-10-22T00:00:00,2022-04-25T00:00:00,35,4,BRAZIL IBOVESPA INDEX | Cboe Volatility Index | FTSE 100 INDEX | US Generic Govt 10 Yr,pca_matched,,long_only,9.663350834303782e-05,8.759431301586987e-05,0.1485724297438768,0.9064589966548678,-8.33812600298182,1.0,0.18037424126854412,0.2548317346374679,False,False,0.000596648831154431,0.14856630346410435,0.00012741586731873395,0.0005956375941122188,0.14856039549351785,0.0002548317346374679,0.0005936151200277944,0.14854923458312935,0.0005096634692749358
19,504,2019-10-14T00:00:00,2021-10-21T00:00:00,2021-10-22T00:00:00,2022-04-25T00:00:00,35,4,BRAZIL IBOVESPA INDEX | Cboe Volatility Index | FTSE 100 INDEX | US Generic Govt 10 Yr,pca_plus_two,,long_only,9.691062876790065e-05,8.505726804055242e-05,0.14640502568634456,0.8776877120905197,-8.364033644985092,1.0,0.1806542868966638,0.30991321685180356,False,False,0.0005350495410297435,0.14639929190184933,0.00015495660842590177,0.0005338197266771569,0.14639388593349295,0.00030991321685180353,0.000531360097971984,0.14638405758826942,0.0006198264337036071
19,504,2019-10-14T00:00:00,2021-10-21T00:00:00,2021-10-22T00:00:00,2022-04-25T00:00:00,35,4,BRAZIL IBOVESPA INDEX | Cboe Volatility Index | FTSE 100 INDEX | US Generic Govt 10 Yr,poet_soft_c0_5,,long_only,0.00010239067355609293,7.95838978189478e-05,0.14161617933829046,0.7772572936083789,-8.40945763445217,1.0,0.18098585000272702,0.2305861908440599,False,False,0.0005186292277823309,0.14161145534262054,0.00011529309542202995,0.0005177142032154892,0.14160691892745417,0.0002305861908440599,0.0005158841540818063,0.14159840891000136,0.0004611723816881198
19,504,2019-10-14T00:00:00,2021-10-21T00:00:00,2021-10-22T00:00:00,2022-04-25T00:00:00,35,4,BRAZIL IBOVESPA INDEX | Cboe Volatility Index | FTSE 100 INDEX | US Generic Govt 10 Yr,structured_q0,,long_only,5.5339225732067146e-05,9.191134652644597e-05,0.15218955064216594,1.6608715664264626,-8.1411570083852,1.0000000000000002,0.15746395425053414,0.5746474254881421,False,False,0.0008387935895890527,0.1521752978713731,0.00028732371274407104,0.0008365132426625123,0.1521621288609012,0.0005746474254881421,0.0008319525488094319,0.15213904322347077,0.0011492948509762842
19,504,2019-10-14T00:00:00,2021-10-21T00:00:00,2021-10-22T00:00:00,2022-04-25T00:00:00,35,4,BRAZIL IBOVESPA INDEX | Cboe Volatility Index | FTSE 100 INDEX | US Generic Govt 10 Yr,residual_aware_qr,0.5,long_only,8.85858887305936e-05,7.450002940007236e-05,0.13701827399590988,0.8409920639464488,-8.490545918497903,1.0,0.159168255242634,0.362479366487178,False,False,0.0005277606182317301,0.13700863935139343,0.000181239683243589,0.000526322208047257,0.13699948356221378,0.000362479366487178,0.0005234453876783112,0.1369826089289179,0.000724958732974356
20,504,2020-04-15T00:00:00,2022-04-25T00:00:00,2022-04-26T00:00:00,2022-10-26T00:00:00,36,4,BRAZIL IBOVESPA INDEX | Cboe Volatility Index | FTSE 100 INDEX | US Generic Govt 10 Yr,equal_weight,,long_only,0.00014971394572847068,0.00027550965190943036,0.26349275565217434,1.8402404035834417,-6.966543709455356,1.0000000000000002,0.006666666666666667,0.17405373931835363,False,False,-0.0007269006412360873,0.26350976597843107,8.702686965917682e-05,-0.0007275913306778267,0.26352683268605254,0.00017405373931835363,-0.0007289727095613058,0.2635611352015424,0.00034810747863670726
20,504,2020-04-15T00:00:00,2022-04-25T00:00:00,2022-04-26T00:00:00,2022-10-26T00:00:00,36,4,BRAZIL IBOVESPA INDEX | Cboe Volatility Index | FTSE 100 INDEX | US Generic Govt 10 Yr,sample_covariance,,long_only,4.931170237561097e-05,0.00014823662138206223,0.1932760424581373,3.0061144564211686,-6.911234677960381,1.0,0.12213199649830048,1.0742504787643554,False,False,-0.0004625280728781867,0.19338310122304062,0.0005371252393821777,-0.0004667909716034419,0.1934930828300924,0.0010742504787643553,-0.00047531676905395267,0.1937217945257342,0.0021485009575287106
20,504,2020-04-15T00:00:00,2022-04-25T00:00:00,2022-04-26T00:00:00,2022-10-26T00:00:00,36,4,BRAZIL IBOVESPA INDEX | Cboe Volatility Index | FTSE 100 INDEX | US Generic Govt 10 Yr,ridge_10pct,,long_only,4.7706806423013294e-05,0.00015051597668975375,0.1947563249956672,3.1550210122039593,-6.79541546573924,1.0000000000000002,0.09200230885362282,0.9054917396492924,False,False,-0.0004936950360000679,0.19484624974485154,0.0004527458698246462,-0.0004972882571891527,0.194938236035773,0.0009054917396492924,-0.0005044746995673215,0.195128381515406,0.0018109834792985847
20,504,2020-04-15T00:00:00,2022-04-25T00:00:00,2022-04-26T00:00:00,2022-10-26T00:00:00,36,4,BRAZIL IBOVESPA INDEX | Cboe Volatility Index | FTSE 100 INDEX | US Generic Govt 10 Yr,ledoit_wolf,,long_only,4.873360608284508e-05,0.00014893793087566185,0.19373269879054178,3.0561647874461335,-6.8729769151110265,1.0,0.10448235041809456,0.964818769771267,False,False,-0.0004762336135001553,0.19382884742207654,0.0004824093848856335,-0.0004800622594119461,0.19392734845950163,0.000964818769771267,-0.00048771955123552745,0.19413139334335688,0.001929637539542534
20,504,2020-04-15T00:00:00,2022-04-25T00:00:00,2022-04-26T00:00:00,2022-10-26T00:00:00,36,4,BRAZIL IBOVESPA INDEX | Cboe Volatility Index | FTSE 100 INDEX | US Generic Govt 10 Yr,oas_shrinkage,,long_only,4.899981881507956e-05,0.00014856139526866555,0.19348765233911885,3.0318764203868076,-6.891817537125115,1.0,0.11200335220725079,1.0410794630435547,False,False,-0.00046820748806388244,0.19359161979255954,0.0005205397315217773,-0.0004723387557743727,0.19369832923016794,0.0010410794630435545,-0.00048060129119535325,0.1939199558354086,0.002082158926087109
20,504,2020-04-15T00:00:00,2022-04-25T00:00:00,2022-04-26T00:00:00,2022-10-26T00:00:00,36,4,BRAZIL IBOVESPA INDEX | Cboe Volatility Index | FTSE 100 INDEX | US Generic Govt 10 Yr,nonlinear_shrinkage_qis,,long_only,4.856953290189181e-05,0.00014796165883636285,0.19309670641096766,3.0463883425693736,-6.886125776092101,0.9999999999999999,0.09780349989702322,0.9683937430239251,False,False,-0.00048255545729680016,0.19319277509497298,0.00048419687151196253,-0.0004863982896103872,0.19329122188416048,0.0009683937430239251,-0.0004940839542375612,0.19349523517116946,0.0019367874860478501
20,504,2020-04-15T00:00:00,2022-04-25T00:00:00,2022-04-26T00:00:00,2022-10-26T00:00:00,36,4,BRAZIL IBOVESPA INDEX | Cboe Volatility Index | FTSE 100 INDEX | US Generic Govt 10 Yr,pca_matched,,long_only,4.050450244509777e-05,0.00015703917768764805,0.19893182947252888,3.877079539503253,-6.237017879043723,1.0000000000000002,0.14729357911676572,1.053034896783429,False,False,-0.000926728108362132,0.19903621087971532,0.0005265174483917146,-0.0009309068182700028,0.19914332172562443,0.0010530348967834292,-0.0009392642380857444,0.19936571402455133,0.0021060697935668584
20,504,2020-04-15T00:00:00,2022-04-25T00:00:00,2022-04-26T00:00:00,2022-10-26T00:00:00,36,4,BRAZIL IBOVESPA INDEX | Cboe Volatility Index | FTSE 100 INDEX | US Generic Govt 10 Yr,pca_plus_two,,long_only,4.434314493307522e-05,0.00016029571206804165,0.20098387856031263,3.614892726033924,-6.408659702583206,1.0,0.1510059909323331,0.8892465702424743,False,False,-0.0007392620636932995,0.2010764518807179,0.00044462328512123717,-0.0007427908199244205,0.2011709480024229,0.0008892465702424743,-0.0007498483323866624,0.201365697766753,0.0017784931404849487
20,504,2020-04-15T00:00:00,2022-04-25T00:00:00,2022-04-26T00:00:00,2022-10-26T00:00:00,36,4,BRAZIL IBOVESPA INDEX | Cboe Volatility Index | FTSE 100 INDEX | US Generic Govt 10 Yr,poet_soft_c0_5,,long_only,4.6101066218511405e-05,0.00015213341289479118,0.19579994905384265,3.2999977088101184,-6.684676771034815,1.0,0.15404699769651437,1.0611192953398816,False,False,-0.0007021668957103809,0.19590990827653465,0.0005305596476699408,-0.0007063776865649042,0.19602267788833,0.0010611192953398816,-0.000714799268273951,0.19625662878020794,0.002122238590679763
20,504,2020-04-15T00:00:00,2022-04-25T00:00:00,2022-04-26T00:00:00,2022-10-26T00:00:00,36,4,BRAZIL IBOVESPA INDEX | Cboe Volatility Index | FTSE 100 INDEX | US Generic Govt 10 Yr,structured_q0,,long_only,1.8258679579305576e-05,0.0001456476961006268,0.19158084303332093,7.976901914950311,-2.933968082657545,0.9999999999999999,0.09706746300854611,0.7542216500646787,False,False,-0.0008273621735800688,0.1916433143884467,0.0003771108250323393,-0.000830355116635881,0.1917072490348697,0.0007542216500646786,-0.0008363410027475055,0.19183950231604238,0.0015084433001293573
20,504,2020-04-15T00:00:00,2022-04-25T00:00:00,2022-04-26T00:00:00,2022-10-26T00:00:00,36,4,BRAZIL IBOVESPA INDEX | Cboe Volatility Index | FTSE 100 INDEX | US Generic Govt 10 Yr,residual_aware_qr,0.5,long_only,3.7373708049408685e-05,0.00014043990748790182,0.1881245775728181,3.7577193919917673,-6.436823702099019,1.0,0.10639040199939731,0.8802529225620108,False,False,-0.0006130430896732354,0.18820921024537038,0.00044012646128100547,-0.0006165361568262592,0.18829586240974194,0.0008802529225620109,-0.0006235222911323068,0.18847521400740302,0.0017605058451240219
21,504,2020-10-13T00:00:00,2022-10-26T00:00:00,2022-10-27T00:00:00,2023-05-02T00:00:00,37,4,BRAZIL IBOVESPA INDEX | Cboe Volatility Index | FTSE 100 INDEX | US Generic Govt 10 Yr,equal_weight,,long_only,0.0001454715055302371,0.00014766327012019558,0.19290190271298333,1.015066624779675,-7.820463704032028,1.0000000000000002,0.006666666666666667,0.15943282744049259,False,False,0.0003805153917267613,0.19290151321415702,7.971641372024629e-05,0.0003798827217766007,0.192901189600169,0.00015943282744049258,0.0003786173818762793,0.19290074002796684,0.00031886565488098515
21,504,2020-10-13T00:00:00,2022-10-26T00:00:00,2022-10-27T00:00:00,2023-05-02T00:00:00,37,4,BRAZIL IBOVESPA INDEX | Cboe Volatility Index | FTSE 100 INDEX | US Generic Govt 10 Yr,sample_covariance,,long_only,5.904276537111875e-05,6.181178727571572e-05,0.12480613123352699,1.0468985808369922,-8.69034995899026,1.0,0.15438748802310986,0.771808771906056,False,False,0.0004286151504646194,0.1248251891853213,0.000385904385953028,0.00042555241724277,0.12484662993290023,0.000771808771906056,0.0004194269507990712,0.12489665477043915,0.001543617543812112
21,504,2020-10-13T00:00:00,2022-10-26T00:00:00,2022-10-27T00:00:00,2023-05-02T00:00:00,37,4,BRAZIL IBOVESPA INDEX | Cboe Volatility Index | FTSE 100 INDEX | US Generic Govt 10 Yr,ridge_10pct,,long_only,5.652374574667139e-05,6.321805293024164e-05,0.12621786457717027,1.118433537889949,-8.662416191512138,1.0,0.11947224431175958,0.7299010971509279,False,False,0.00045667752223913465,0.12622998526333828,0.000364950548575464,0.00045378108931393266,0.12624421482331746,0.000729901097150928,0.00044798822346352846,0.12627899760743055,0.001459802194301856
21,504,2020-10-13T00:00:00,2022-10-26T00:00:00,2022-10-27T00:00:00,2023-05-02T00:00:00,37,4,BRAZIL IBOVESPA INDEX | Cboe Volatility Index | FTSE 100 INDEX | US Generic Govt 10 Yr,ledoit_wolf,,long_only,5.815054102694919e-05,6.217681218679344e-05,0.12517410543347993,1.0692387566605497,-8.683236618393524,1.0,0.13918619729675752,0.7574147694505111,False,False,0.0004561325857524881,0.12519067832022937,0.00037870738472525555,0.00045312697158800193,0.1252095399025942,0.0007574147694505111,0.0004471157432590296,0.12525412489294968,0.0015148295389010222
21,504,2020-10-13T00:00:00,2022-10-26T00:00:00,2022-10-27T00:00:00,2023-05-02T00:00:00,37,4,BRAZIL IBOVESPA INDEX | Cboe Volatility Index | FTSE 100 INDEX | US Generic Govt 10 Yr,oas_shrinkage,,long_only,5.8554691141387545e-05,6.195076798720298e-05,0.12494636262322785,1.0579983734798497,-8.68755097567954,1.0,0.1461860499911458,0.7679910924916116,False,False,0.00044393938056484653,0.1249641441245234,0.0003839955462458058,0.000440891796864483,0.12498428265622967,0.0007679910924916116,0.0004347966294637559,0.1250316261218819,0.0015359821849832232
21,504,2020-10-13T00:00:00,2022-10-26T00:00:00,2022-10-27T00:00:00,2023-05-02T00:00:00,37,4,BRAZIL IBOVESPA INDEX | Cboe Volatility Index | FTSE 100 INDEX | US Generic Govt 10 Yr,nonlinear_shrinkage_qis,,long_only,5.8340324309182164e-05,6.258635916310735e-05,0.12558567796171285,1.072780446529964,-8.676436588059513,1.0,0.12732106400273613,0.7248711034672554,False,False,0.0004656126176396607,0.12559934215461474,0.0003624355517336277,0.0004627361450068541,0.12561509633940318,0.0007248711034672554,0.0004569831997412409,0.1256528714358673,0.0014497422069345107
21,504,2020-10-13T00:00:00,2022-10-26T00:00:00,2022-10-27T00:00:00,2023-05-02T00:00:00,37,4,BRAZIL IBOVESPA INDEX | Cboe Volatility Index | FTSE 100 INDEX | US Generic Govt 10 Yr,pca_matched,,long_only,5.5459671123640086e-05,6.296446225056353e-05,0.12596445723751604,1.1353197913884576,-8.6645346563798,1.0,0.1500580671680061,0.7113195492829174,False,False,0.0006356393391576871,0.12597143516351877,0.0003556597746414587,0.0006328166425335485,0.12598042087035755,0.0007113195492829174,0.0006271712492852714,0.12600441381240424,0.0014226390985658348
21,504,2020-10-13T00:00:00,2022-10-26T00:00:00,2022-10-27T00:00:00,2023-05-02T00:00:00,37,4,BRAZIL IBOVESPA INDEX | Cboe Volatility Index | FTSE 100 INDEX | US Generic Govt 10 Yr,pca_plus_two,,long_only,5.6573989952611776e-05,6.013685259399706e-05,0.1231035614987936,1.0629770437681636,-8.716984176081805,0.9999999999999999,0.14847221247167536,0.7222743710113915,False,False,0.000578357203922809,0.12310952763714222,0.00036113718550569575,0.0005754910357838749,0.12311761213027296,0.0007222743710113915,0.0005697586995060067,0.12314013440264503,0.001444548742022783
21,504,2020-10-13T00:00:00,2022-10-26T00:00:00,2022-10-27T00:00:00,2023-05-02T00:00:00,37,4,BRAZIL IBOVESPA INDEX | Cboe Volatility Index | FTSE 100 INDEX | US Generic Govt 10 Yr,poet_soft_c0_5,,long_only,5.897465439059612e-05,6.097677992417787e-05,0.12396027000976088,1.0339489150766603,-8.704453877880718,1.0,0.15715410426876272,0.7628775289613545,False,False,0.00043476312657604013,0.12397591277843564,0.0003814387644806772,0.00043173583479444753,0.12399390041338297,0.0007628775289613544,0.00042568125123126216,0.12403690606852388,0.001525755057922709
21,504,2020-10-13T00:00:00,2022-10-26T00:00:00,2022-10-27T00:00:00,2023-05-02T00:00:00,37,4,BRAZIL IBOVESPA INDEX | Cboe Volatility Index | FTSE 100 INDEX | US Generic Govt 10 Yr,structured_q0,,long_only,2.1785479643157412e-05,7.308905632420132e-05,0.13571456146522645,3.3549436377526725,-7.37932324375547,1.0,0.08939996500572978,0.3227125934944825,False,False,0.00044259790323525355,0.13571581185869974,0.00016135629674724126,0.00044131729770551355,0.1357174459185378,0.0003227125934944825,0.00043875608664603355,0.13572186497862357,0.000645425186988965
21,504,2020-10-13T00:00:00,2022-10-26T00:00:00,2022-10-27T00:00:00,2023-05-02T00:00:00,37,4,BRAZIL IBOVESPA INDEX | Cboe Volatility Index | FTSE 100 INDEX | US Generic Govt 10 Yr,residual_aware_qr,0.25,long_only,3.3744180138078994e-05,6.788048197151147e-05,0.13078945468508113,2.01162042443316,-8.285082171435338,1.0,0.08877103352136845,0.5533976920075205,False,False,0.0003558201036780489,0.1307964523745132,0.0002766988460037603,0.0003536240810907175,0.1308046203300985,0.0005533976920075206,0.0003492320359160546,0.13082446613154447,0.0011067953840150412
