fold_id,training_days,training_start,training_end,test_start,test_end,panel_a_fold_id,selected_count,selected_drivers,method,chosen_alpha,portfolio_constraint,predicted_variance,realized_variance,realized_annualized_volatility,realized_to_predicted_ratio,qlike,gross_exposure,max_abs_weight,turnover,initial_formation,eigen_floor_activated,net_mean_return_5bps,net_annualized_volatility_5bps,rebalance_cost_5bps,net_mean_return_10bps,net_annualized_volatility_10bps,rebalance_cost_10bps,net_mean_return_20bps,net_annualized_volatility_20bps,rebalance_cost_20bps
1,252,2010-07-02T00:00:00,2011-09-20T00:00:00,2011-09-21T00:00:00,2012-03-21T00:00:00,14,3,Cboe Volatility Index | S&P/BMV IPC | EUR-SEK X-RATE,equal_weight,,unconstrained,0.0002092288892601327,0.00026057313126998956,0.2562507152771234,1.2453974792459035,-7.226684262084008,1.0000000000000002,0.006666666666666667,1.0000000000000002,True,False,0.0015776398935726554,0.25625071527712345,0.0,0.0015776398935726554,0.25625071527712345,0.0,0.0015776398935726554,0.25625071527712345,0.0
1,252,2010-07-02T00:00:00,2011-09-20T00:00:00,2011-09-21T00:00:00,2012-03-21T00:00:00,14,3,Cboe Volatility Index | S&P/BMV IPC | EUR-SEK X-RATE,sample_covariance,,unconstrained,1.0101820099773534e-05,0.00011573535655384014,0.17077854037193232,11.456881572899396,-0.04591336955478731,7.281459210521952,0.23251221676252723,7.281459210521952,True,False,0.0011109571868077026,0.17077854037193232,0.0,0.0011109571868077026,0.17077854037193232,0.0,0.0011109571868077026,0.17077854037193232,0.0
1,252,2010-07-02T00:00:00,2011-09-20T00:00:00,2011-09-21T00:00:00,2012-03-21T00:00:00,14,3,Cboe Volatility Index | S&P/BMV IPC | EUR-SEK X-RATE,ridge_10pct,,unconstrained,2.078969832476314e-05,4.528741484023782e-05,0.10682896863557155,2.178358441415902,-8.602694525377133,3.7516388840224217,0.10829362989912387,3.7516388840224217,True,False,0.0006212403449423546,0.10682896863557156,0.0,0.0006212403449423546,0.10682896863557156,0.0,0.0006212403449423546,0.10682896863557156,0.0
1,252,2010-07-02T00:00:00,2011-09-20T00:00:00,2011-09-21T00:00:00,2012-03-21T00:00:00,14,3,Cboe Volatility Index | S&P/BMV IPC | EUR-SEK X-RATE,ledoit_wolf,,unconstrained,1.6543132735380542e-05,5.817247316618317e-05,0.1210762703335305,3.516412163082667,-7.49312731963054,4.681460246016656,0.14382904426572302,4.681460246016656,True,False,0.0007946290964548677,0.12107627033353051,0.0,0.0007946290964548677,0.12107627033353051,0.0,0.0007946290964548677,0.12107627033353051,0.0
1,252,2010-07-02T00:00:00,2011-09-20T00:00:00,2011-09-21T00:00:00,2012-03-21T00:00:00,14,3,Cboe Volatility Index | S&P/BMV IPC | EUR-SEK X-RATE,oas_shrinkage,,unconstrained,1.3757487533461612e-05,7.304194279954207e-05,0.1356708133147458,5.309250153553547,-5.884677180622427,5.50136871841411,0.17520100561274876,5.50136871841411,True,False,0.0009254363849793728,0.1356708133147458,0.0,0.0009254363849793728,0.1356708133147458,0.0,0.0009254363849793728,0.1356708133147458,0.0
1,252,2010-07-02T00:00:00,2011-09-20T00:00:00,2011-09-21T00:00:00,2012-03-21T00:00:00,14,3,Cboe Volatility Index | S&P/BMV IPC | EUR-SEK X-RATE,nonlinear_shrinkage_qis,,unconstrained,2.168220544743407e-05,4.0874267897001e-05,0.1014904700454395,1.8851526887380439,-8.853865970548485,3.2242652203279194,0.08637124851545441,3.2242652203279194,True,False,0.00045571359607219026,0.1014904700454395,0.0,0.00045571359607219026,0.1014904700454395,0.0,0.00045571359607219026,0.1014904700454395,0.0
1,252,2010-07-02T00:00:00,2011-09-20T00:00:00,2011-09-21T00:00:00,2012-03-21T00:00:00,14,3,Cboe Volatility Index | S&P/BMV IPC | EUR-SEK X-RATE,pca_matched,,unconstrained,1.0400787404457387e-05,5.7870225717048994e-05,0.12076132195656168,5.564023517320235,-5.909605525395662,2.683591701916793,0.08648787766512504,2.683591701916793,True,False,0.00022770357203887343,0.1207613219565617,0.0,0.00022770357203887343,0.1207613219565617,0.0,0.00022770357203887343,0.1207613219565617,0.0
1,252,2010-07-02T00:00:00,2011-09-20T00:00:00,2011-09-21T00:00:00,2012-03-21T00:00:00,14,3,Cboe Volatility Index | S&P/BMV IPC | EUR-SEK X-RATE,pca_plus_two,,unconstrained,1.251264421861303e-05,6.591345461573654e-05,0.12888052825452576,5.267747844831054,-6.021023042595226,2.9084995212721827,0.10307889971565064,2.9084995212721827,True,False,1.1521910857942086e-05,0.12888052825452576,0.0,1.1521910857942086e-05,0.12888052825452576,0.0,1.1521910857942086e-05,0.12888052825452576,0.0
1,252,2010-07-02T00:00:00,2011-09-20T00:00:00,2011-09-21T00:00:00,2012-03-21T00:00:00,14,3,Cboe Volatility Index | S&P/BMV IPC | EUR-SEK X-RATE,poet_soft_c0_5,,unconstrained,1.4993820630461976e-05,4.585703166317974e-05,0.10749870687185635,3.0583953745595016,-8.04947702514976,2.827442514247525,0.10330167243952355,2.827442514247525,True,False,0.00040755336102182534,0.10749870687185635,0.0,0.00040755336102182534,0.10749870687185635,0.0,0.00040755336102182534,0.10749870687185635,0.0
1,252,2010-07-02T00:00:00,2011-09-20T00:00:00,2011-09-21T00:00:00,2012-03-21T00:00:00,14,3,Cboe Volatility Index | S&P/BMV IPC | EUR-SEK X-RATE,structured_q0,,unconstrained,1.21695596001488e-05,5.810207828748952e-05,0.12100299057646204,4.774378054467895,-6.542194784485427,2.5175417753426483,0.10068470131963062,2.5175417753426483,True,False,4.52073070811005e-05,0.12100299057646204,0.0,4.52073070811005e-05,0.12100299057646204,0.0,4.52073070811005e-05,0.12100299057646204,0.0
1,252,2010-07-02T00:00:00,2011-09-20T00:00:00,2011-09-21T00:00:00,2012-03-21T00:00:00,14,3,Cboe Volatility Index | S&P/BMV IPC | EUR-SEK X-RATE,residual_aware_qr,0.0,unconstrained,1.21695596001488e-05,5.810207828748952e-05,0.12100299057646204,4.774378054467895,-6.542194784485427,2.5175417753426483,0.10068470131963062,2.5175417753426483,True,False,4.52073070811005e-05,0.12100299057646204,0.0,4.52073070811005e-05,0.12100299057646204,0.0,4.52073070811005e-05,0.12100299057646204,0.0
2,252,2011-03-21T00:00:00,2012-03-21T00:00:00,2012-03-22T00:00:00,2012-09-19T00:00:00,15,4,S&P/BMV IPC | Cboe Volatility Index | Australian Dollar Spot | EUR-SEK X-RATE,equal_weight,,unconstrained,0.0002783818587285189,0.00010525746287132708,0.16286460832106656,0.37810460549433766,-7.808412188745926,1.0000000000000002,0.006666666666666667,0.11679223815279996,False,False,0.00031920659526229274,0.16287104848330805,5.839611907639998e-05,0.0003187431339997816,0.1628775302641731,0.00011679223815279996,0.00031781621147475937,0.1628906186618689,0.00023358447630559992
2,252,2011-03-21T00:00:00,2012-03-21T00:00:00,2012-03-22T00:00:00,2012-09-19T00:00:00,15,4,S&P/BMV IPC | Cboe Volatility Index | Australian Dollar Spot | EUR-SEK X-RATE,sample_covariance,,unconstrained,1.3607011161390756e-05,6.794706751079327e-05,0.1308535861668296,4.993533605939107,-6.211391765548481,6.929891687320364,0.19425007354330168,8.55086930153504,False,False,0.0013458420518818617,0.13103924381330015,0.0042754346507675196,0.0013119100308440243,0.1315029398584498,0.008550869301535039,0.0012440459887683494,0.13325109693116213,0.017101738603070078
2,252,2011-03-21T00:00:00,2012-03-21T00:00:00,2012-03-22T00:00:00,2012-09-19T00:00:00,15,4,S&P/BMV IPC | Cboe Volatility Index | Australian Dollar Spot | EUR-SEK X-RATE,ridge_10pct,,unconstrained,2.424170950297254e-05,3.170480317353301e-05,0.08938462059957697,1.3078616905975768,-9.319574184602265,3.3917032850520323,0.10172990721580397,2.875803225440326,False,False,0.0005064217087168494,0.08933142073740236,0.001437901612720163,0.0004950097911555783,0.08932449443678218,0.002875803225440326,0.00047218595603303596,0.0894494337031205,0.005751606450880652
2,252,2011-03-21T00:00:00,2012-03-21T00:00:00,2012-03-22T00:00:00,2012-09-19T00:00:00,15,4,S&P/BMV IPC | Cboe Volatility Index | Australian Dollar Spot | EUR-SEK X-RATE,ledoit_wolf,,unconstrained,1.8815484711996593e-05,3.98753561797752e-05,0.1002426543807742,2.1192840253725174,-8.761546346879967,4.496117614073619,0.13050796791129987,4.390249649289245,False,False,0.0007872023027828078,0.10027577319240792,0.0021951248246446227,0.0007697806771903901,0.10040490980699204,0.004390249649289245,0.0007349374260055548,0.10094948854416945,0.00878049929857849
2,252,2011-03-21T00:00:00,2012-03-21T00:00:00,2012-03-22T00:00:00,2012-09-19T00:00:00,15,4,S&P/BMV IPC | Cboe Volatility Index | Australian Dollar Spot | EUR-SEK X-RATE,oas_shrinkage,,unconstrained,1.7042615653573847e-05,4.524287929868296e-05,0.10677642803197766,2.654691053200833,-8.325102494345725,5.026038200711325,0.13914321335557053,5.5028933622192895,False,False,0.0009369785479919562,0.10685376849860628,0.0027514466811096447,0.0009151416695704511,0.10707255454501557,0.005502893362219289,0.000871467912727441,0.10793046665212931,0.011005786724438579
2,252,2011-03-21T00:00:00,2012-03-21T00:00:00,2012-03-22T00:00:00,2012-09-19T00:00:00,15,4,S&P/BMV IPC | Cboe Volatility Index | Australian Dollar Spot | EUR-SEK X-RATE,nonlinear_shrinkage_qis,,unconstrained,2.3775118052318997e-05,2.987674191119852e-05,0.08676945869153516,1.2566390562373833,-9.390231927910541,3.020461328991977,0.08607670036776868,2.3024429492762186,False,False,0.00047163146035618397,0.08667270486302713,0.0011512214746381094,0.0004624947819860403,0.08660645367672927,0.002302442949276219,0.0004442214252457528,0.08656570712144368,0.004604885898552438
2,252,2011-03-21T00:00:00,2012-03-21T00:00:00,2012-03-22T00:00:00,2012-09-19T00:00:00,15,4,S&P/BMV IPC | Cboe Volatility Index | Australian Dollar Spot | EUR-SEK X-RATE,pca_matched,,unconstrained,1.279910745493088e-05,3.402256988423225e-05,0.09259420938064393,2.6581986286180443,-8.60793649093544,2.6899143401778556,0.09404435018660554,1.4909130868499632,False,False,0.00042739180686484333,0.09249163749679022,0.0007454565434249816,0.0004214754850916292,0.09240098064783353,0.0014909130868499632,0.00040964284154520087,0.0922555479408488,0.0029818261736999263
2,252,2011-03-21T00:00:00,2012-03-21T00:00:00,2012-03-22T00:00:00,2012-09-19T00:00:00,15,4,S&P/BMV IPC | Cboe Volatility Index | Australian Dollar Spot | EUR-SEK X-RATE,pca_plus_two,,unconstrained,1.4570016542958705e-05,3.27577868857748e-05,0.09085682305262081,2.248301282925156,-8.888243519420246,2.9060158005999948,0.09348968851221674,2.059761396112723,False,False,0.00023775892759353066,0.09080321796475367,0.0010298806980563616,0.00022958527125975002,0.09077295361120952,0.002059761396112723,0.00021323795859218875,0.09078252247776553,0.004119522792225446
2,252,2011-03-21T00:00:00,2012-03-21T00:00:00,2012-03-22T00:00:00,2012-09-19T00:00:00,15,4,S&P/BMV IPC | Cboe Volatility Index | Australian Dollar Spot | EUR-SEK X-RATE,poet_soft_c0_5,,unconstrained,1.5945123993907278e-05,3.052381458179084e-05,0.08770405506367018,1.9143039962219273,-9.132053484960153,2.966436992314443,0.08973206189169015,1.6745192711331727,False,False,0.00041209283882084495,0.08760194375027337,0.0008372596355665863,0.0004054479210782529,0.08751573480140715,0.0016745192711331725,0.000392158085593069,0.08739120356309754,0.003349038542266345
2,252,2011-03-21T00:00:00,2012-03-21T00:00:00,2012-03-22T00:00:00,2012-09-19T00:00:00,15,4,S&P/BMV IPC | Cboe Volatility Index | Australian Dollar Spot | EUR-SEK X-RATE,structured_q0,,unconstrained,1.1951162289070257e-05,3.379400689959689e-05,0.09228266217821425,2.827675340874808,-8.50700668075795,2.3510671570669546,0.08973251964898152,0.8489637532896112,False,False,0.0006889180730395112,0.09221736832919053,0.00042448187664480557,0.0006855491692566159,0.09215593873364408,0.0008489637532896111,0.0006788113616908254,0.09204470276380658,0.0016979275065792223
2,252,2011-03-21T00:00:00,2012-03-21T00:00:00,2012-03-22T00:00:00,2012-09-19T00:00:00,15,4,S&P/BMV IPC | Cboe Volatility Index | Australian Dollar Spot | EUR-SEK X-RATE,residual_aware_qr,0.5,unconstrained,2.116456142402259e-05,2.7546645059307707e-05,0.08331719243316797,1.3015457541227955,-9.461636651839841,2.762992596945188,0.10710762787523319,1.8489228125075017,False,False,0.0005527554650761783,0.08324563601527778,0.0009244614062537508,0.0005454184697884502,0.08319456587901217,0.0018489228125075016,0.0005307444792129938,0.08315402029316137,0.0036978456250150032
3,252,2011-09-21T00:00:00,2012-09-19T00:00:00,2012-09-20T00:00:00,2013-03-26T00:00:00,16,3,Cboe Volatility Index | BRAZIL IBOVESPA INDEX | DAX INDEX,equal_weight,,unconstrained,0.0001825837490782971,4.9875316578496165e-05,0.11210967744927747,0.27316405118348297,-8.335137539961053,1.0000000000000002,0.006666666666666667,0.11209664259945505,False,False,0.0007883462631012249,0.11211282662087435,5.604832129972752e-05,0.0007879014351544016,0.11211603174265804,0.00011209664259945504,0.0007870117792607552,0.11212260981750961,0.0002241932851989101
3,252,2011-09-21T00:00:00,2012-09-19T00:00:00,2012-09-20T00:00:00,2013-03-26T00:00:00,16,3,Cboe Volatility Index | BRAZIL IBOVESPA INDEX | DAX INDEX,sample_covariance,,unconstrained,7.224914021634132e-06,6.252035573087036e-05,0.1255194393079388,8.653439410304497,-3.184535813851932,6.093555844231762,0.2874460853005353,7.088581102752819,False,False,0.00026292342737777735,0.1250758227197914,0.0035442905513764097,0.00023479413728748843,0.12483205195756558,0.007088581102752819,0.0001785355571069105,0.12494776779076366,0.014177162205505639
3,252,2011-09-21T00:00:00,2012-09-19T00:00:00,2012-09-20T00:00:00,2013-03-26T00:00:00,16,3,Cboe Volatility Index | BRAZIL IBOVESPA INDEX | DAX INDEX,ridge_10pct,,unconstrained,1.4255654103338606e-05,2.6795713930608994e-05,0.08217371788177451,1.8796551695466268,-9.278701781217375,3.0422190071148405,0.08421176645730712,2.7516520625652525,False,False,0.0006619301804936576,0.08178437766014778,0.0013758260312826264,0.0006510109262771288,0.08143967422009563,0.0027516520625652527,0.0006291724178440712,0.08088638649322163,0.0055033041251305054
3,252,2011-09-21T00:00:00,2012-09-19T00:00:00,2012-09-20T00:00:00,2013-03-26T00:00:00,16,3,Cboe Volatility Index | BRAZIL IBOVESPA INDEX | DAX INDEX,ledoit_wolf,,unconstrained,1.0695742291442946e-05,3.4826211061352554e-05,0.09368140256988494,3.2560817297566174,-8.189583082617224,4.024956659246962,0.13311722853103514,4.18098274170066,False,False,0.0005554242276021228,0.09317229982164958,0.00209049137085033,0.0005388330262461678,0.09275467825040573,0.00418098274170066,0.0005056506235342578,0.09219857891506428,0.00836196548340132
3,252,2011-09-21T00:00:00,2012-09-19T00:00:00,2012-09-20T00:00:00,2013-03-26T00:00:00,16,3,Cboe Volatility Index | BRAZIL IBOVESPA INDEX | DAX INDEX,oas_shrinkage,,unconstrained,1.0012608092910266e-05,3.770166228795846e-05,0.09747214420830974,3.7654187538463906,-7.746246695985398,4.283392418497139,0.15336475811065925,4.6947760989583,False,False,0.0005157089394157682,0.09693989148671815,0.00234738804947915,0.000497078875531013,0.09651894709831436,0.0046947760989583,0.00045981874776150286,0.09601645219360207,0.0093895521979166
3,252,2011-09-21T00:00:00,2012-09-19T00:00:00,2012-09-20T00:00:00,2013-03-26T00:00:00,16,3,Cboe Volatility Index | BRAZIL IBOVESPA INDEX | DAX INDEX,nonlinear_shrinkage_qis,,unconstrained,1.4869478769120812e-05,2.5335844778647508e-05,0.07990389780366895,1.7038825080581852,-9.41231734256211,2.6923679856678353,0.07473626525250399,2.258649728224369,False,False,0.0006673792747542062,0.07961173474917825,0.0011293248641121845,0.0006584163790072842,0.07935064734406815,0.002258649728224369,0.00064049058751344,0.07892289641165863,0.004517299456448738
3,252,2011-09-21T00:00:00,2012-09-19T00:00:00,2012-09-20T00:00:00,2013-03-26T00:00:00,16,3,Cboe Volatility Index | BRAZIL IBOVESPA INDEX | DAX INDEX,pca_matched,,unconstrained,5.718630092372045e-06,2.3658695027633614e-05,0.07721393104203199,4.137126312679575,-7.934654962916893,2.0565663599573796,0.06965173577741732,1.6056323194580084,False,False,0.0008335305711928693,0.07693742755911925,0.0008028161597290043,0.0008271590143696234,0.07667673980426566,0.0016056323194580085,0.0008144159007231313,0.07620345089062304,0.003211264638916017
3,252,2011-09-21T00:00:00,2012-09-19T00:00:00,2012-09-20T00:00:00,2013-03-26T00:00:00,16,3,Cboe Volatility Index | BRAZIL IBOVESPA INDEX | DAX INDEX,pca_plus_two,,unconstrained,7.637409264569356e-06,2.2372327530562654e-05,0.07508546156015683,2.929308454681084,-8.85314365910883,2.3090308849252903,0.07759880801441363,1.885162251027607,False,False,0.0006112977245559126,0.07475163893515531,0.0009425811255138035,0.0006038169219724697,0.0744401930813896,0.001885162251027607,0.0005888553168055838,0.07388554324858237,0.003770324502055214
3,252,2011-09-21T00:00:00,2012-09-19T00:00:00,2012-09-20T00:00:00,2013-03-26T00:00:00,16,3,Cboe Volatility Index | BRAZIL IBOVESPA INDEX | DAX INDEX,poet_soft_c0_5,,unconstrained,9.002269107615716e-06,2.096344224542002e-05,0.07268278644800187,2.3286842455848626,-9.289349643752459,2.3186500688877762,0.0915549415857152,1.9844484836586616,False,False,0.0007813151301680552,0.07235489831150653,0.0009922242418293307,0.0007734403345979812,0.07205285011209031,0.0019844484836586615,0.000757690743457833,0.07152755494102982,0.003968896967317323
3,252,2011-09-21T00:00:00,2012-09-19T00:00:00,2012-09-20T00:00:00,2013-03-26T00:00:00,16,3,Cboe Volatility Index | BRAZIL IBOVESPA INDEX | DAX INDEX,structured_q0,,unconstrained,7.410100488624425e-06,2.4429429764786095e-05,0.07846155938245235,3.2967744232738543,-8.515892134256505,2.0166165813671926,0.07892964483070657,0.8934600841032159,False,False,0.0009222485699501256,0.07830801531150312,0.00044673004205160796,0.0009187030934259065,0.0781592764439961,0.0008934600841032159,0.0009116121403774682,0.07787632356152581,0.0017869201682064319
3,252,2011-09-21T00:00:00,2012-09-19T00:00:00,2012-09-20T00:00:00,2013-03-26T00:00:00,16,3,Cboe Volatility Index | BRAZIL IBOVESPA INDEX | DAX INDEX,residual_aware_qr,0.5,unconstrained,1.2640422934433353e-05,2.2256736928548052e-05,0.07489123918052171,1.7607588799832972,-9.5178518298194,2.481369260403237,0.10210110291782393,2.0215638319417604,False,False,0.0007241600395443578,0.07451661316496638,0.0010107819159708802,0.0007161379608461763,0.07416764988515535,0.0020215638319417604,0.0007000938034498129,0.07354814582493785,0.004043127663883521
4,252,2012-03-22T00:00:00,2013-03-26T00:00:00,2013-03-27T00:00:00,2013-09-24T00:00:00,17,3,Cboe Volatility Index | S&P/BMV IPC | DAX INDEX,equal_weight,,unconstrained,7.731259811778864e-05,7.307945430709567e-05,0.13570564647570163,0.945246390449282,-8.52240724825669,1.0000000000000002,0.006666666666666667,0.10816831140115951,False,False,0.0009858260454788284,0.1357068500517938,5.408415570057976e-05,0.0009853968061478715,0.13570809672586076,0.00010816831140115952,0.0009845383274859575,0.13571071936312706,0.00021633662280231905
4,252,2012-03-22T00:00:00,2013-03-26T00:00:00,2013-03-27T00:00:00,2013-09-24T00:00:00,17,3,Cboe Volatility Index | S&P/BMV IPC | DAX INDEX,sample_covariance,,unconstrained,5.328145633425814e-06,6.614889364346057e-05,0.1291104999531489,12.414993544560664,0.2724862530618637,5.281032739002111,0.15670194185222025,6.6972208076903055,False,False,-0.0003649086659832224,0.12904771981238813,0.0033486104038451528,-0.00039148493902961236,0.12915866035983864,0.0066972208076903055,-0.00044463748512239257,0.12989922617141364,0.013394441615380611
4,252,2012-03-22T00:00:00,2013-03-26T00:00:00,2013-03-27T00:00:00,2013-09-24T00:00:00,17,3,Cboe Volatility Index | S&P/BMV IPC | DAX INDEX,ridge_10pct,,unconstrained,9.597101930171655e-06,4.336685227998925e-05,0.10453921166030138,4.518744574719088,-7.035304812620808,3.1103705008335965,0.08359182494348828,2.6400541324496896,False,False,-0.00022295415618172422,0.10451600666222777,0.0013200270662248447,-0.000233430561469223,0.10452614222529522,0.0026400541324496894,-0.0002543833720442206,0.10464636441719825,0.005280108264899379
4,252,2012-03-22T00:00:00,2013-03-26T00:00:00,2013-03-27T00:00:00,2013-09-24T00:00:00,17,3,Cboe Volatility Index | S&P/BMV IPC | DAX INDEX,ledoit_wolf,,unconstrained,8.475030030101884e-06,4.5548942385052364e-05,0.10713698465531497,5.374487432288755,-6.30389892904043,3.4719409323254204,0.09712911697497158,3.733075658154452,False,False,-0.00029828751810680805,0.10710294644590095,0.001866537829077226,-0.00031310131040107174,0.10713395655730895,0.003733075658154452,-0.00034272889498959913,0.1073907781408234,0.007466151316308904
4,252,2012-03-22T00:00:00,2013-03-26T00:00:00,2013-03-27T00:00:00,2013-09-24T00:00:00,17,3,Cboe Volatility Index | S&P/BMV IPC | DAX INDEX,oas_shrinkage,,unconstrained,7.976015531775352e-06,4.695018601951108e-05,0.10877245458716463,5.886421087379779,-5.8526504906129935,3.6682971415585373,0.10407515638952745,4.105474607263359,False,False,-0.00032926864248737647,0.10873328174245771,0.0020527373036316795,-0.0003455602083892152,0.10877160089749283,0.004105474607263359,-0.0003781433401928927,0.10908022338487239,0.008210949214526718
4,252,2012-03-22T00:00:00,2013-03-26T00:00:00,2013-03-27T00:00:00,2013-09-24T00:00:00,17,3,Cboe Volatility Index | S&P/BMV IPC | DAX INDEX,nonlinear_shrinkage_qis,,unconstrained,1.1036449364518575e-05,4.19930862927572e-05,0.10287010132091254,3.804945314003078,-7.609361870374352,2.5838732670067577,0.06750797947512911,2.023479059864809,False,False,-0.00011833847943324512,0.10286178673164233,0.0010117395299324044,-0.0001263681582422324,0.10287337391659049,0.0020234790598648088,-0.00014242751586020705,0.10295621518982383,0.0040469581197296175
4,252,2012-03-22T00:00:00,2013-03-26T00:00:00,2013-03-27T00:00:00,2013-09-24T00:00:00,17,3,Cboe Volatility Index | S&P/BMV IPC | DAX INDEX,pca_matched,,unconstrained,5.4803702383253275e-06,5.128428634848875e-05,0.11368218928143126,9.357814183765807,-2.756523713782535,2.168446218492514,0.09197743356640674,1.340538624967742,False,False,-0.0003208020998900128,0.11366336715734096,0.0006702693124838711,-0.0003261216976081387,0.11365244806459233,0.0013405386249677421,-0.00033676089304439063,0.11365432643569129,0.0026810772499354842
4,252,2012-03-22T00:00:00,2013-03-26T00:00:00,2013-03-27T00:00:00,2013-09-24T00:00:00,17,3,Cboe Volatility Index | S&P/BMV IPC | DAX INDEX,pca_plus_two,,unconstrained,5.375417407704209e-06,5.0081514047860875e-05,0.11234118363298894,9.316767471133042,-2.8169068585853783,2.1555504532517897,0.08982645293697422,1.339576594183144,False,False,-0.0002694887553702646,0.11232206929421074,0.0006697882970915719,-0.00027480453550591204,0.11231094081369672,0.0013395765941831438,-0.0002854360957772068,0.11231264921931619,0.0026791531883662875
4,252,2012-03-22T00:00:00,2013-03-26T00:00:00,2013-03-27T00:00:00,2013-09-24T00:00:00,17,3,Cboe Volatility Index | S&P/BMV IPC | DAX INDEX,poet_soft_c0_5,,unconstrained,8.217733061572188e-06,3.9384166801273756e-05,0.09962334080887364,4.792582882187087,-6.91663328800802,2.2490692224456392,0.07939034636369698,1.4231237071287737,False,False,-0.0001519586542193045,0.09961525563274332,0.0007115618535643868,-0.00015760597051743452,0.09961733562346667,0.0014231237071287736,-0.0001689006031136946,0.09965198544865517,0.002846247414257547
4,252,2012-03-22T00:00:00,2013-03-26T00:00:00,2013-03-27T00:00:00,2013-09-24T00:00:00,17,3,Cboe Volatility Index | S&P/BMV IPC | DAX INDEX,structured_q0,,unconstrained,5.84439660442589e-06,5.767483006782414e-05,0.12055727757830169,9.86839771006432,-2.181629491080516,2.0717158185379954,0.09030143916686306,0.989131204969865,False,False,-0.0002855638629540805,0.12053272358331191,0.0004945656024849325,-0.00028948898678332597,0.12051222391222852,0.000989131204969865,-0.00029733923444181696,0.12048339541037639,0.00197826240993973
4,252,2012-03-22T00:00:00,2013-03-26T00:00:00,2013-03-27T00:00:00,2013-09-24T00:00:00,17,3,Cboe Volatility Index | S&P/BMV IPC | DAX INDEX,residual_aware_qr,0.25,unconstrained,8.436291481003205e-06,4.620726526390258e-05,0.10790843732768744,5.477201133691486,-6.2057666102139075,2.162398074582133,0.08392045226847072,1.602347817286303,False,False,-0.00021135844621395853,0.10787045332108919,0.0008011739086431515,-0.00021771696929842797,0.10784436040618293,0.001602347817286303,-0.00023043401546736684,0.10782787844729277,0.003204695634572606
5,252,2012-09-20T00:00:00,2013-09-24T00:00:00,2013-09-25T00:00:00,2014-03-26T00:00:00,18,4,Cboe Volatility Index | S&P/BMV IPC | DAX INDEX | Brazilian Real Spot,equal_weight,,unconstrained,6.124224248403e-05,5.927647987464856e-05,0.12221977306643732,0.9679018512443589,-8.732771518638248,1.0000000000000002,0.006666666666666667,0.11917243077037958,False,False,0.0008240195608093037,0.12222320199573564,5.958621538518979e-05,0.0008235466543379927,0.12222668892609997,0.00011917243077037958,0.0008226008413953705,0.12223383677008916,0.00023834486154075915
5,252,2012-09-20T00:00:00,2013-09-24T00:00:00,2013-09-25T00:00:00,2014-03-26T00:00:00,18,4,Cboe Volatility Index | S&P/BMV IPC | DAX INDEX | Brazilian Real Spot,sample_covariance,,unconstrained,7.702186834604474e-06,5.437905831128747e-05,0.1170620463448527,7.060210233666704,-4.713796031265486,6.500010580036361,0.17588794125414242,7.372263112425962,False,False,0.0009970240140075189,0.11709175339492363,0.003686131556212981,0.0009677690016566222,0.11735324876265507,0.007372263112425962,0.0009092589769548286,0.11856411071420443,0.014744526224851924
5,252,2012-09-20T00:00:00,2013-09-24T00:00:00,2013-09-25T00:00:00,2014-03-26T00:00:00,18,4,Cboe Volatility Index | S&P/BMV IPC | DAX INDEX | Brazilian Real Spot,ridge_10pct,,unconstrained,1.244527442506544e-05,3.119076509536868e-05,0.08865705163173941,2.5062336136637398,-8.787935957694334,3.575540062920143,0.08043240284164395,3.2180468781885248,False,False,0.0005131800279358588,0.08875256576619343,0.0016090234390942623,0.0005004100006414599,0.08890623646202943,0.0032180468781885245,0.00047486994605266215,0.08938673426461306,0.006436093756377049
5,252,2012-09-20T00:00:00,2013-09-24T00:00:00,2013-09-25T00:00:00,2014-03-26T00:00:00,18,4,Cboe Volatility Index | S&P/BMV IPC | DAX INDEX | Brazilian Real Spot,ledoit_wolf,,unconstrained,1.1659497570273742e-05,3.2820615197728284e-05,0.09094391145001147,2.8149253430444108,-8.5444641249539,3.913170061975694,0.09242449936983142,3.6930513084919947,False,False,0.0005726747745783829,0.0910398024653628,0.0018465256542459971,0.0005580198090684939,0.09121038791718948,0.0036930513084919942,0.0005287098780487163,0.09177379369977824,0.0073861026169839885
5,252,2012-09-20T00:00:00,2013-09-24T00:00:00,2013-09-25T00:00:00,2014-03-26T00:00:00,18,4,Cboe Volatility Index | S&P/BMV IPC | DAX INDEX | Brazilian Real Spot,oas_shrinkage,,unconstrained,1.1140971820733999e-05,3.4214897154001075e-05,0.09285555493780795,3.071087307691162,-8.333793782529174,4.15540134729066,0.10096789121122543,4.00761551910404,False,False,0.0006181830355266884,0.09294892446962214,0.00200380775955202,0.0006022797993397675,0.0931284705096123,0.00400761551910404,0.0005704733269659261,0.0937438738516125,0.00801523103820808
5,252,2012-09-20T00:00:00,2013-09-24T00:00:00,2013-09-25T00:00:00,2014-03-26T00:00:00,18,4,Cboe Volatility Index | S&P/BMV IPC | DAX INDEX | Brazilian Real Spot,nonlinear_shrinkage_qis,,unconstrained,1.4400727212742468e-05,2.81776587843062e-05,0.08426606679823832,1.956683045795995,-9.191548805976558,2.8177557278028518,0.04956511493088845,2.3942980877235023,False,False,0.0003592716018569932,0.08436076085541962,0.001197149043861751,0.0003497704189692015,0.08448928094082886,0.002394298087723502,0.0003307680531936182,0.08484714389702788,0.004788596175447004
5,252,2012-09-20T00:00:00,2013-09-24T00:00:00,2013-09-25T00:00:00,2014-03-26T00:00:00,18,4,Cboe Volatility Index | S&P/BMV IPC | DAX INDEX | Brazilian Real Spot,pca_matched,,unconstrained,9.307914341321497e-06,2.8217642379043684e-05,0.0843258316266078,3.0315752105468414,-8.553070304714026,2.6714974259279556,0.07486884382658532,1.6002690767344137,False,False,0.0001994052023617921,0.08442484706463096,0.0008001345383672069,0.00019305492824776667,0.08453889392091428,0.0016002690767344138,0.00018035438001971578,0.08481183134266111,0.0032005381534688277
5,252,2012-09-20T00:00:00,2013-09-24T00:00:00,2013-09-25T00:00:00,2014-03-26T00:00:00,18,4,Cboe Volatility Index | S&P/BMV IPC | DAX INDEX | Brazilian Real Spot,pca_plus_two,,unconstrained,9.283797405571728e-06,2.896462588105408e-05,0.08543468687848998,3.119911456024534,-8.467328435655814,2.7383246314754075,0.07506594377489667,1.6029763307925649,False,False,0.00023454171160447468,0.08552133628600944,0.0008014881653962824,0.0002281806944187899,0.08562290424518944,0.0016029763307925649,0.0002154586600474204,0.08587057629481971,0.0032059526615851298
5,252,2012-09-20T00:00:00,2013-09-24T00:00:00,2013-09-25T00:00:00,2014-03-26T00:00:00,18,4,Cboe Volatility Index | S&P/BMV IPC | DAX INDEX | Brazilian Real Spot,poet_soft_c0_5,,unconstrained,1.148233466546961e-05,2.563253762752099e-05,0.08037038933671586,2.2323454571137655,-9.142355362563306,2.7566244961607342,0.06967137680018519,1.7276113024191753,False,False,0.0002681756327533517,0.08047387378903201,0.0008638056512095876,0.0002613200323469264,0.08059574358428032,0.0017276113024191752,0.00024760883153407577,0.08089429429150005,0.0034552226048383504
5,252,2012-09-20T00:00:00,2013-09-24T00:00:00,2013-09-25T00:00:00,2014-03-26T00:00:00,18,4,Cboe Volatility Index | S&P/BMV IPC | DAX INDEX | Brazilian Real Spot,structured_q0,,unconstrained,9.32775140909728e-06,2.956458995288287e-05,0.0863149851887057,3.169530217545117,-8.41298636113427,2.4256751236733027,0.07548060678573497,1.4324957771382203,False,False,0.0002189122450078741,0.086421710749791,0.0007162478885691102,0.00021322773795573832,0.08654016150820447,0.0014324957771382203,0.00020185872385146674,0.08681204188482045,0.0028649915542764406
5,252,2012-09-20T00:00:00,2013-09-24T00:00:00,2013-09-25T00:00:00,2014-03-26T00:00:00,18,4,Cboe Volatility Index | S&P/BMV IPC | DAX INDEX | Brazilian Real Spot,residual_aware_qr,0.5,unconstrained,1.2777902387497914e-05,2.4910660490339983e-05,0.07923059032700486,1.9495109396604042,-9.318282315259335,2.7960300305405235,0.06717381732889544,2.1038186189173036,False,False,0.0004005405714316602,0.07931520270495201,0.0010519093094586518,0.000392192084848655,0.0794275919908874,0.0021038186189173036,0.0003754951116826447,0.07973520242967531,0.004207637237834607
6,252,2013-03-27T00:00:00,2014-03-26T00:00:00,2014-03-27T00:00:00,2014-09-26T00:00:00,19,4,Cboe Volatility Index | S&P/BMV IPC | DAX INDEX | Brazilian Real Spot,equal_weight,,unconstrained,6.592087771670724e-05,4.0749042280646885e-05,0.10133488370113726,0.6181507845779076,-9.008904572996558,1.0000000000000002,0.006666666666666667,0.09419359071271455,False,False,0.0002890634546910918,0.10133690790848975,4.709679535635728e-05,0.00028868967060096193,0.10133897585143137,9.419359071271455e-05,0.0002879421024207023,0.10134324293331591,0.0001883871814254291
6,252,2013-03-27T00:00:00,2014-03-26T00:00:00,2014-03-27T00:00:00,2014-09-26T00:00:00,19,4,Cboe Volatility Index | S&P/BMV IPC | DAX INDEX | Brazilian Real Spot,sample_covariance,,unconstrained,7.929946258480953e-06,2.9995514127568816e-05,0.08694175958736597,3.7825620943507765,-7.962302204978235,5.716586325555946,0.17866841022345353,6.312830269683315,False,False,0.000971868776839387,0.08701590595678141,0.0031564151348416575,0.0009468178630708025,0.08731848627195356,0.006312830269683315,0.0008967160355336333,0.08859782070434159,0.01262566053936663
6,252,2013-03-27T00:00:00,2014-03-26T00:00:00,2014-03-27T00:00:00,2014-09-26T00:00:00,19,4,Cboe Volatility Index | S&P/BMV IPC | DAX INDEX | Brazilian Real Spot,ridge_10pct,,unconstrained,1.1882504185337793e-05,1.780256508487863e-05,0.06697944760439141,1.4982166054564316,-9.842226870774839,3.377495281544796,0.09657716451581967,2.9454484969950117,False,False,0.0008247545930098591,0.06704552878830042,0.0014727242484975057,0.000813066305323371,0.06717614998245044,0.0029454484969950114,0.0007896897299503947,0.06762933179422771,0.005890896993990023
6,252,2013-03-27T00:00:00,2014-03-26T00:00:00,2014-03-27T00:00:00,2014-09-26T00:00:00,19,4,Cboe Volatility Index | S&P/BMV IPC | DAX INDEX | Brazilian Real Spot,ledoit_wolf,,unconstrained,1.0842675627284136e-05,1.909734622695495e-05,0.0693724098557391,1.7613130636223264,-9.670707699702483,3.7664387457493995,0.11434752075957925,3.3842599373703983,False,False,0.0008462497348595416,0.06944291404985102,0.0016921299686851992,0.0008328201319334686,0.06959567938888901,0.0033842599373703985,0.0008059609260813225,0.07014555432316559,0.006768519874740797
6,252,2013-03-27T00:00:00,2014-03-26T00:00:00,2014-03-27T00:00:00,2014-09-26T00:00:00,19,4,Cboe Volatility Index | S&P/BMV IPC | DAX INDEX | Brazilian Real Spot,oas_shrinkage,,unconstrained,1.0475754357496579e-05,1.9753784813985767e-05,0.07055461553381476,1.8856670498244086,-9.580780029889148,3.928916082970816,0.12122972865756888,3.6393238525038756,False,False,0.0008563731268661576,0.07062741570193977,0.0018196619262519378,0.0008419313655466978,0.07079374691629343,0.0036393238525038755,0.0008130478429077781,0.07140402050434982,0.007278647705007751
6,252,2013-03-27T00:00:00,2014-03-26T00:00:00,2014-03-27T00:00:00,2014-09-26T00:00:00,19,4,Cboe Volatility Index | S&P/BMV IPC | DAX INDEX | Brazilian Real Spot,nonlinear_shrinkage_qis,,unconstrained,1.3831323779672554e-05,1.741530837474769e-05,0.0662469449139839,1.2591208659537274,-9.929453832933891,2.8172526637489455,0.06432686374285788,2.1272676830484354,False,False,0.0008298969068264148,0.06628029112870397,0.0010636338415242177,0.0008214553684016194,0.0663477320002005,0.0021272676830484355,0.0008045722915520286,0.06658443094211897,0.004254535366096871
6,252,2013-03-27T00:00:00,2014-03-26T00:00:00,2014-03-27T00:00:00,2014-09-26T00:00:00,19,4,Cboe Volatility Index | S&P/BMV IPC | DAX INDEX | Brazilian Real Spot,pca_matched,,unconstrained,9.220826894128942e-06,2.1747559706294106e-05,0.07402962275998788,2.3585259712598172,-9.235519868327794,2.7451492559234323,0.08510904992028996,1.5840681100453204,False,False,0.000656864395659242,0.07396035061499016,0.0007920340550226602,0.00065057841109557,0.07390799112393527,0.0015840681100453204,0.0006380064419682263,0.07385414236909346,0.003168136220090641
6,252,2013-03-27T00:00:00,2014-03-26T00:00:00,2014-03-27T00:00:00,2014-09-26T00:00:00,19,4,Cboe Volatility Index | S&P/BMV IPC | DAX INDEX | Brazilian Real Spot,pca_plus_two,,unconstrained,9.424170672625965e-06,2.0567313099584604e-05,0.07199279756402942,2.182400320839446,-9.38983249995663,2.7915413092638603,0.08805591540454509,1.6378054380147251,False,False,0.000564102101132794,0.07194010158484065,0.0008189027190073626,0.0005576028732041642,0.07190602156726413,0.0016378054380147252,0.0005446044173469044,0.07189380085083519,0.0032756108760294503
6,252,2013-03-27T00:00:00,2014-03-26T00:00:00,2014-03-27T00:00:00,2014-09-26T00:00:00,19,4,Cboe Volatility Index | S&P/BMV IPC | DAX INDEX | Brazilian Real Spot,poet_soft_c0_5,,unconstrained,1.1388971872984363e-05,1.6828498565356065e-05,0.06512128406649956,1.4776134977797895,-9.905251552560404,2.8417250514199104,0.0727740486962284,1.7780823491021098,False,False,0.000730055240353444,0.06507433655371643,0.000889041174551055,0.0007229993580157373,0.06505166019544137,0.00177808234910211,0.0007088875933403239,0.06507919527204807,0.00355616469820422
6,252,2013-03-27T00:00:00,2014-03-26T00:00:00,2014-03-27T00:00:00,2014-09-26T00:00:00,19,4,Cboe Volatility Index | S&P/BMV IPC | DAX INDEX | Brazilian Real Spot,structured_q0,,unconstrained,1.0433056207309108e-05,2.2279480545880948e-05,0.07492949417660577,2.1354701923557706,-9.335061118683038,2.6025691254798833,0.06428658667147359,1.253765860462073,False,False,0.0006193458498141241,0.07484306473206277,0.0006268829302310365,0.0006143705884630842,0.07476704827827789,0.001253765860462073,0.0006044200657610042,0.07464637723467973,0.002507531720924146
6,252,2013-03-27T00:00:00,2014-03-26T00:00:00,2014-03-27T00:00:00,2014-09-26T00:00:00,19,4,Cboe Volatility Index | S&P/BMV IPC | DAX INDEX | Brazilian Real Spot,residual_aware_qr,0.5,unconstrained,1.2436944336188881e-05,1.449904490410847e-05,0.06044633418029032,1.165804438146379,-10.129034694818534,2.907179592778306,0.07554699670711361,1.9363648264440076,False,False,0.000684073589344824,0.06039787510707598,0.0009681824132220039,0.0006763896019383001,0.06038043414721073,0.0019363648264440077,0.0006610216271252525,0.06043866622238057,0.0038727296528880155
7,252,2013-09-25T00:00:00,2014-09-26T00:00:00,2014-09-29T00:00:00,2015-03-31T00:00:00,20,4,Cboe Volatility Index | DAX INDEX | S&P/BMV IPC | Brazilian Real Spot,equal_weight,,unconstrained,4.9885363217359477e-05,7.951931845547484e-05,0.14155870955465671,1.5940410839346784,-8.311741836596926,1.0000000000000002,0.006666666666666667,0.07972538915165532,False,False,0.0007347674185083041,0.14156025214179874,3.986269457582766e-05,0.0007344510479164324,0.14156181716217578,7.972538915165532e-05,0.0007338183067326892,0.1415650144996482,0.00015945077830331063
7,252,2013-09-25T00:00:00,2014-09-26T00:00:00,2014-09-29T00:00:00,2015-03-31T00:00:00,20,4,Cboe Volatility Index | DAX INDEX | S&P/BMV IPC | Brazilian Real Spot,sample_covariance,,unconstrained,4.788743696291348e-06,6.413820411266883e-05,0.12713310912737305,13.393534542752995,1.1442920854627268,5.9869338686853055,0.17824733397604237,6.231690242566469,False,False,0.0008654306210581845,0.126930356224077,0.0031158451212832342,0.0008407016915241906,0.12688040506409531,0.0062316902425664684,0.0007912438324562028,0.12723907731189524,0.012463380485132937
7,252,2013-09-25T00:00:00,2014-09-26T00:00:00,2014-09-29T00:00:00,2015-03-31T00:00:00,20,4,Cboe Volatility Index | DAX INDEX | S&P/BMV IPC | Brazilian Real Spot,ridge_10pct,,unconstrained,8.366890667185668e-06,4.429557265310721e-05,0.10565265878615178,5.294149812048005,-6.397078415834631,3.3604962953819233,0.07962697737963004,2.5143077155324614,False,False,0.0008908991989259756,0.10553539395764912,0.0012571538577662307,0.0008809217873564024,0.10544797859749509,0.0025143077155324613,0.000860966964217256,0.1053629680920488,0.005028615431064923
7,252,2013-09-25T00:00:00,2014-09-26T00:00:00,2014-09-29T00:00:00,2015-03-31T00:00:00,20,4,Cboe Volatility Index | DAX INDEX | S&P/BMV IPC | Brazilian Real Spot,ledoit_wolf,,unconstrained,7.722765141425287e-06,4.5134763725912385e-05,0.10664877148345367,5.844378651864902,-5.926959427252351,3.6036780820120247,0.08475735737820923,2.9381153831874407,False,False,0.0009115116009777664,0.10651015024618025,0.0014690576915937204,0.000899852412949245,0.10641191791337462,0.002938115383187441,0.0008765340368922019,0.10633702166741046,0.005876230766374882
7,252,2013-09-25T00:00:00,2014-09-26T00:00:00,2014-09-29T00:00:00,2015-03-31T00:00:00,20,4,Cboe Volatility Index | DAX INDEX | S&P/BMV IPC | Brazilian Real Spot,oas_shrinkage,,unconstrained,7.278605010886414e-06,4.602092340132177e-05,0.10769063421269784,6.322766976981099,-5.507804356519654,3.7945726588408206,0.09159208289424334,3.183011062007062,False,False,0.0009239748624606486,0.10754051355513279,0.001591505531003531,0.0009113438661828428,0.10743734440915399,0.003183011062007062,0.0008860818736272313,0.1073723404230936,0.006366022124014124
7,252,2013-09-25T00:00:00,2014-09-26T00:00:00,2014-09-29T00:00:00,2015-03-31T00:00:00,20,4,Cboe Volatility Index | DAX INDEX | S&P/BMV IPC | Brazilian Real Spot,nonlinear_shrinkage_qis,,unconstrained,1.019172769216763e-05,4.3321300489212784e-05,0.10448429414644873,4.250633631283666,-7.243300546009177,2.8480090290080406,0.06597675907884484,1.8392989099077428,False,False,0.0007848421312907487,0.10441539518552401,0.0009196494549538715,0.000777543326092702,0.10436265999243535,0.001839298909907743,0.000762945715696609,0.10430577146079528,0.003678597819815486
7,252,2013-09-25T00:00:00,2014-09-26T00:00:00,2014-09-29T00:00:00,2015-03-31T00:00:00,20,4,Cboe Volatility Index | DAX INDEX | S&P/BMV IPC | Brazilian Real Spot,pca_matched,,unconstrained,7.034880914843306e-06,4.832404594625039e-05,0.11035243349584593,6.8692059654185,-4.9954238296502975,2.5764916118795265,0.06751521581433718,1.5605881416275023,False,False,0.0008250189342269412,0.11029492786326742,0.0007802940708137511,0.0008188261241411177,0.1102484380008144,0.0015605881416275022,0.0008064405039694709,0.11018855805470408,0.0031211762832550043
7,252,2013-09-25T00:00:00,2014-09-26T00:00:00,2014-09-29T00:00:00,2015-03-31T00:00:00,20,4,Cboe Volatility Index | DAX INDEX | S&P/BMV IPC | Brazilian Real Spot,pca_plus_two,,unconstrained,7.879640582314298e-06,4.30875489024296e-05,0.10420202648419205,5.468212471408757,-6.283015795107394,2.7025054609197947,0.07281586392849675,1.5999611439400678,False,False,0.0008218424008814848,0.10413115464178849,0.0007999805719700339,0.0008154933487229926,0.10407253377483415,0.0015999611439400678,0.0008027952444060077,0.10399212350877443,0.0031999222878801355
7,252,2013-09-25T00:00:00,2014-09-26T00:00:00,2014-09-29T00:00:00,2015-03-31T00:00:00,20,4,Cboe Volatility Index | DAX INDEX | S&P/BMV IPC | Brazilian Real Spot,poet_soft_c0_5,,unconstrained,9.036840969028378e-06,3.9578568634073835e-05,0.09986891055672234,4.379690731497872,-7.23451016346303,2.637114718688787,0.0802984473844653,1.6076542049666331,False,False,0.000965216461709736,0.09980562565394911,0.0008038271024833164,0.000958836881531297,0.09975525590468197,0.0016076542049666329,0.0009460777211744189,0.09969333515136082,0.0032153084099332658
7,252,2013-09-25T00:00:00,2014-09-26T00:00:00,2014-09-29T00:00:00,2015-03-31T00:00:00,20,4,Cboe Volatility Index | DAX INDEX | S&P/BMV IPC | Brazilian Real Spot,structured_q0,,unconstrained,6.738830298406296e-06,5.054655541183004e-05,0.11286156105504287,7.500790667452196,-4.406833526879272,2.316171041700094,0.06614191805529047,1.2655394360402057,False,False,0.0010030675736791249,0.11281868044780109,0.0006327697180201028,0.0009980455917900763,0.11278288408375232,0.0012655394360402057,0.0009880016280119793,0.1127325697435029,0.0025310788720804113
7,252,2013-09-25T00:00:00,2014-09-26T00:00:00,2014-09-29T00:00:00,2015-03-31T00:00:00,20,4,Cboe Volatility Index | DAX INDEX | S&P/BMV IPC | Brazilian Real Spot,residual_aware_qr,0.5,unconstrained,9.23025421380752e-06,3.890086979362095e-05,0.09901019739396785,4.214496035811149,-7.378527931893317,2.697680981837502,0.07855582000690364,1.645804805703803,False,False,0.0009943403782161273,0.09894642377956013,0.0008229024028519015,0.0009878094067649217,0.09889630449614688,0.001645804805703803,0.0009747474638625105,0.09883710635095828,0.003291609611407606
8,252,2014-03-27T00:00:00,2015-03-31T00:00:00,2015-04-01T00:00:00,2015-09-30T00:00:00,21,3,Cboe Volatility Index | DAX INDEX | BRAZIL IBOVESPA INDEX,equal_weight,,unconstrained,5.994444998178222e-05,0.00010141983092294849,0.15986806245333374,1.6918969304709794,-8.030195327756834,1.0000000000000002,0.006666666666666667,0.131298076309529,False,False,-0.0006931232480154452,0.15987005301637633,6.56490381547645e-05,-0.0006936442721277846,0.1598720974701958,0.000131298076309529,-0.0006946863203524633,0.15987634804184112,0.000262596152619058
8,252,2014-03-27T00:00:00,2015-03-31T00:00:00,2015-04-01T00:00:00,2015-09-30T00:00:00,21,3,Cboe Volatility Index | DAX INDEX | BRAZIL IBOVESPA INDEX,sample_covariance,,unconstrained,6.9271827583267835e-06,7.209462022640698e-05,0.13478814598121958,10.407495044034462,-1.4725623117630366,5.650488555473705,0.18895553389437983,7.157913088441317,False,False,0.00028523298684627685,0.13464336018808645,0.003578956544220659,0.00025682856982865265,0.13468875345850032,0.007157913088441318,0.00020001973579340403,0.13534851014503813,0.014315826176882636
8,252,2014-03-27T00:00:00,2015-03-31T00:00:00,2015-04-01T00:00:00,2015-09-30T00:00:00,21,3,Cboe Volatility Index | DAX INDEX | BRAZIL IBOVESPA INDEX,ridge_10pct,,unconstrained,1.1530700971436584e-05,6.37515799828423e-05,0.1267493516972622,5.528855543194235,-5.841641886895879,3.6343668957542565,0.09272232186166814,3.2738773867554576,False,False,1.2432220372627116e-05,0.12669658766888295,0.0016369386933777288,-5.593565589421514e-07,0.126686111201446,0.0032738773867554576,-2.6542510422080664e-05,0.1267920205674949,0.006547754773510915
8,252,2014-03-27T00:00:00,2015-03-31T00:00:00,2015-04-01T00:00:00,2015-09-30T00:00:00,21,3,Cboe Volatility Index | DAX INDEX | BRAZIL IBOVESPA INDEX,ledoit_wolf,,unconstrained,1.0338155811060006e-05,6.449285844627903e-05,0.12748411794597128,6.2383329894566915,-5.241336070164201,3.9910196598123995,0.1100848834470409,3.6914984959037387,False,False,5.4600054922731306e-05,0.1274190503501474,0.0018457492479518692,3.9951251367557693e-05,0.12740743940975238,0.0036914984959037383,1.0653644257210609e-05,0.12754457867748895,0.007382996991807477
8,252,2014-03-27T00:00:00,2015-03-31T00:00:00,2015-04-01T00:00:00,2015-09-30T00:00:00,21,3,Cboe Volatility Index | DAX INDEX | BRAZIL IBOVESPA INDEX,oas_shrinkage,,unconstrained,9.873542259138947e-06,6.4870072398602e-05,0.12785639696334206,6.570091127989885,-4.95556074941171,4.143398904329596,0.11779562160573942,3.9258035511065916,False,False,7.360101502463913e-05,0.1277852704250159,0.0019629017755532956,5.802242950437486e-05,0.12777442766165328,0.003925803551106591,2.6865258463846355e-05,0.1279335695514119,0.007851607102213182
8,252,2014-03-27T00:00:00,2015-03-31T00:00:00,2015-04-01T00:00:00,2015-09-30T00:00:00,21,3,Cboe Volatility Index | DAX INDEX | BRAZIL IBOVESPA INDEX,nonlinear_shrinkage_qis,,unconstrained,1.3704155332308071e-05,6.225807409316074e-05,0.12525587679417086,4.543007035711638,-6.6548044264798145,3.065274412338458,0.07183233454464133,2.586060732701656,False,False,-5.38784366990483e-05,0.12521355187000924,0.001293030366350828,-6.414058246373744e-05,0.12519792403408175,0.002586060732701656,-8.466487399311567e-05,0.1252467825289887,0.005172121465403312
8,252,2014-03-27T00:00:00,2015-03-31T00:00:00,2015-04-01T00:00:00,2015-09-30T00:00:00,21,3,Cboe Volatility Index | DAX INDEX | BRAZIL IBOVESPA INDEX,pca_matched,,unconstrained,1.0333102682370859e-05,5.759915646693819e-05,0.12047816162968467,5.574236339024018,-5.9059216244332235,2.965379162956992,0.13114649048553365,2.334169779572439,False,False,0.0001345109157800906,0.1205336177323678,0.0011670848897862196,0.00012524833728972382,0.1206116367777031,0.0023341697795724392,0.00010672318030899014,0.12083517624005116,0.0046683395591448785
8,252,2014-03-27T00:00:00,2015-03-31T00:00:00,2015-04-01T00:00:00,2015-09-30T00:00:00,21,3,Cboe Volatility Index | DAX INDEX | BRAZIL IBOVESPA INDEX,pca_plus_two,,unconstrained,1.0378750282629192e-05,5.7221214392758795e-05,0.12008224692674274,5.513304861812636,-5.96244522232601,3.0010743171876433,0.13149316625271643,2.215866234787595,False,False,-1.6592347668673713e-05,0.12008018957543667,0.0011079331173937973,-2.5385467647989596e-05,0.1200985757331904,0.0022158662347875947,-4.297170760662133e-05,0.12019663061828485,0.004431732469575189
8,252,2014-03-27T00:00:00,2015-03-31T00:00:00,2015-04-01T00:00:00,2015-09-30T00:00:00,21,3,Cboe Volatility Index | DAX INDEX | BRAZIL IBOVESPA INDEX,poet_soft_c0_5,,unconstrained,1.2345670265093946e-05,5.686572521848945e-05,0.11970865781161921,4.606127006264793,-6.696078135917424,3.147985681695829,0.1439959404703331,2.3872717765869105,False,False,0.00014470031104054078,0.11968899751669303,0.0011936358882934553,0.00013522701033979908,0.11969314334822129,0.0023872717765869105,0.00011628040893831574,0.11977282930714091,0.004774543553173821
8,252,2014-03-27T00:00:00,2015-03-31T00:00:00,2015-04-01T00:00:00,2015-09-30T00:00:00,21,3,Cboe Volatility Index | DAX INDEX | BRAZIL IBOVESPA INDEX,structured_q0,,unconstrained,7.26519278181613e-06,6.694119041418844e-05,0.12988140738525852,9.21395927465736,-2.6184564509428405,2.335786491049032,0.09404037067042752,1.315422270571468,False,False,5.2784646327003366e-05,0.1298766688362038,0.0006577111352857341,4.756471668187849e-05,0.12987859164370522,0.0013154222705714681,3.7124857391628776e-05,0.12990241912038764,0.0026308445411429363
8,252,2014-03-27T00:00:00,2015-03-31T00:00:00,2015-04-01T00:00:00,2015-09-30T00:00:00,21,3,Cboe Volatility Index | DAX INDEX | BRAZIL IBOVESPA INDEX,residual_aware_qr,0.75,unconstrained,1.1131794478499164e-05,6.111447793226841e-05,0.12410015487069966,5.490083207187286,-5.915621969509862,3.524419297160252,0.14434427528795482,2.7804855488293434,False,False,5.8917515831454284e-05,0.12406385035658095,0.0013902427744146718,4.788384301863941e-05,0.12405869816968026,0.0027804855488293436,2.5816497393009733e-05,0.1241418428400715,0.005560971097658687
9,252,2014-09-29T00:00:00,2015-09-30T00:00:00,2015-10-01T00:00:00,2016-04-05T00:00:00,22,2,Cboe Volatility Index | DAX INDEX,equal_weight,,unconstrained,9.062074014128132e-05,0.00013041859526095306,0.18128840560212384,1.4391693894535105,-7.869658061778296,1.0000000000000002,0.006666666666666667,0.1224365455948577,False,False,0.0004618592980562794,0.18128905563088032,6.121827279742885e-05,0.00046137343874836327,0.1812897470019206,0.0001224365455948577,0.00046040172013253107,0.18129125376893224,0.0002448730911897154
9,252,2014-09-29T00:00:00,2015-09-30T00:00:00,2015-10-01T00:00:00,2016-04-05T00:00:00,22,2,Cboe Volatility Index | DAX INDEX,sample_covariance,,unconstrained,1.2029104734624703e-05,8.91176141488009e-05,0.14985872936034733,7.408499311863485,-3.919682138282905,7.884243642228181,0.27576634070817246,6.656081715477443,False,False,0.0002453608873264094,0.1504914510501807,0.003328040857738721,0.00021894786464594354,0.15126803474853223,0.006656081715477442,0.00016612181928501134,0.15324363478814035,0.013312163430954885
9,252,2014-09-29T00:00:00,2015-09-30T00:00:00,2015-10-01T00:00:00,2016-04-05T00:00:00,22,2,Cboe Volatility Index | DAX INDEX,ridge_10pct,,unconstrained,2.113594359626091e-05,5.692304885610165e-05,0.11976897892082747,2.6931870156093582,-8.071348463188418,4.280765133522547,0.11394975443958925,3.2985916583661723,False,False,0.0006047726207414326,0.1200120650002483,0.001649295829183086,0.0005916829713034716,0.12029989146478343,0.003298591658366172,0.0005655036724275497,0.12100843891586364,0.006597183316732344
9,252,2014-09-29T00:00:00,2015-09-30T00:00:00,2015-10-01T00:00:00,2016-04-05T00:00:00,22,2,Cboe Volatility Index | DAX INDEX,ledoit_wolf,,unconstrained,1.9049378193331093e-05,6.096090298891595e-05,0.12394413077353368,3.200151856413742,-7.6683242412805654,4.831968986923101,0.13358514852637596,3.792547560249809,False,False,0.0005572332678877454,0.12424453697937055,0.0018962737801249045,0.0005421834759819921,0.12460194943188604,0.003792547560249809,0.0005120838921704858,0.12548576699862332,0.007585095120499618
9,252,2014-09-29T00:00:00,2015-09-30T00:00:00,2015-10-01T00:00:00,2016-04-05T00:00:00,22,2,Cboe Volatility Index | DAX INDEX,oas_shrinkage,,unconstrained,1.727254083181067e-05,6.508132027038132e-05,0.12806440843628683,3.7679065809774603,-7.198485971630756,5.385445098135124,0.15452860110248576,4.24436451646004,False,False,0.0005039427199021913,0.12841923735202324,0.00212218225823002,0.0004871000035670324,0.12884301675357898,0.00424436451646004,0.0004534145708967146,0.12989461784379022,0.00848872903292008
9,252,2014-09-29T00:00:00,2015-09-30T00:00:00,2015-10-01T00:00:00,2016-04-05T00:00:00,22,2,Cboe Volatility Index | DAX INDEX,nonlinear_shrinkage_qis,,unconstrained,2.3961933180665486e-05,5.458054970776513e-05,0.1172787215412788,2.2778024333948705,-8.361241670909735,3.7559489359881484,0.09716148870899338,2.679974871390261,False,False,0.0006573694175331515,0.11744736111735421,0.0013399874356951305,0.0006467345966149362,0.11764628768395063,0.002679974871390261,0.0006254649547785056,0.11813436649221964,0.005359949742780522
9,252,2014-09-29T00:00:00,2015-09-30T00:00:00,2015-10-01T00:00:00,2016-04-05T00:00:00,22,2,Cboe Volatility Index | DAX INDEX,pca_matched,,unconstrained,1.2569994627868775e-05,9.645179412429364e-05,0.15590334223268595,7.673177036245632,-3.6110209264937625,3.128153966589648,0.1154417784103951,1.8522910845362,False,False,0.0014706977658206597,0.15597190168484143,0.0009261455422681,0.0014633474043740876,0.15605142451548315,0.0018522910845362,0.0014486466814809431,0.1562432910442829,0.0037045821690724
9,252,2014-09-29T00:00:00,2015-09-30T00:00:00,2015-10-01T00:00:00,2016-04-05T00:00:00,22,2,Cboe Volatility Index | DAX INDEX,pca_plus_two,,unconstrained,1.4801799916151823e-05,9.425459277943002e-05,0.1541173493816201,6.367779142628375,-4.752982626004245,3.3715701582862425,0.13168802650009756,2.0774880381205945,False,False,0.0012545100841884359,0.1542082341876106,0.0010387440190602973,0.0012462660840371637,0.1543130505130855,0.0020774880381205945,0.0012297780837346194,0.1545643605851165,0.004154976076241189
9,252,2014-09-29T00:00:00,2015-09-30T00:00:00,2015-10-01T00:00:00,2016-04-05T00:00:00,22,2,Cboe Volatility Index | DAX INDEX,poet_soft_c0_5,,unconstrained,1.9043839657705273e-05,5.773762948618078e-05,0.12062289430500976,3.031827117007873,-7.836939769229765,3.764594548440673,0.1526986172583985,2.4405439052169386,False,False,0.0008530799514890861,0.12065857159060533,0.0012202719526084693,0.0008433952534525109,0.1207189107828852,0.0024405439052169386,0.0008240258573793606,0.12091341211341279,0.004881087810433877
9,252,2014-09-29T00:00:00,2015-09-30T00:00:00,2015-10-01T00:00:00,2016-04-05T00:00:00,22,2,Cboe Volatility Index | DAX INDEX,structured_q0,,unconstrained,1.2926763496359813e-05,8.900184708420028e-05,0.14976136172330456,6.885083579448427,-4.37112712670438,2.833568125700751,0.10497684392560894,1.212862970132331,False,False,0.0012311015066251742,0.14979215571371593,0.0006064314850661656,0.0012262885583309983,0.1498278525444788,0.0012128629701323311,0.0012166626617426464,0.1499139402367204,0.0024257259402646622
9,252,2014-09-29T00:00:00,2015-09-30T00:00:00,2015-10-01T00:00:00,2016-04-05T00:00:00,22,2,Cboe Volatility Index | DAX INDEX,residual_aware_qr,0.1,unconstrained,1.6612233800378047e-05,6.501558691069241e-05,0.127999718364903,3.913717305689066,-7.091653852419728,2.784389158449586,0.11601202666107663,2.623086546254801,False,False,0.0010675071244136808,0.1280813566922916,0.0013115432731274006,0.0010570980508174314,0.12818978331290962,0.002623086546254801,0.0010362799036249333,0.12848671340743184,0.005246173092509602
10,252,2015-04-01T00:00:00,2016-04-05T00:00:00,2016-04-06T00:00:00,2016-10-05T00:00:00,24,2,Cboe Volatility Index | DAX INDEX,equal_weight,,unconstrained,0.00011579218801019107,7.958255775886878e-05,0.14161498704316197,0.6872877965814462,-8.376425659571423,1.0000000000000002,0.006666666666666667,0.11814048862050995,False,False,0.0006431773837713996,0.14160721975125665,5.907024431025497e-05,0.00064270857230862,0.14159950131727686,0.00011814048862050994,0.0006417709493830603,0.14158421105500524,0.00023628097724101988
10,252,2015-04-01T00:00:00,2016-04-05T00:00:00,2016-04-06T00:00:00,2016-10-05T00:00:00,24,2,Cboe Volatility Index | DAX INDEX,sample_covariance,,unconstrained,1.1156482579438307e-05,9.816718725285183e-05,0.15728360114048337,8.799116258539815,-2.604373573205196,7.676545512188586,0.2510772216014078,7.226402489733656,False,False,-0.0006801726430345235,0.15785838481489803,0.0036132012448668277,-0.0007088488433906095,0.15859580391032363,0.007226402489733655,-0.0007662012441027813,0.160549090374189,0.01445280497946731
10,252,2015-04-01T00:00:00,2016-04-05T00:00:00,2016-04-06T00:00:00,2016-10-05T00:00:00,24,2,Cboe Volatility Index | DAX INDEX,ridge_10pct,,unconstrained,2.1535282406303837e-05,4.6338205602997636e-05,0.1080612225174017,2.151734290209886,-8.59408363550547,3.8436471534456595,0.10041684465445991,3.0465981877622217,False,False,-0.00010310753204721487,0.10830400679115879,0.0015232990938811109,-0.00011519720739547765,0.10858899448195015,0.0030465981877622218,-0.0001393765580920032,0.10928421054899609,0.0060931963755244435
10,252,2015-04-01T00:00:00,2016-04-05T00:00:00,2016-04-06T00:00:00,2016-10-05T00:00:00,24,2,Cboe Volatility Index | DAX INDEX,ledoit_wolf,,unconstrained,1.8315897553104814e-05,5.366606967345546e-05,0.11629208725322104,2.9300267441361765,-7.977714412349567,4.589401852280034,0.11591866903752031,3.6812231553012995,False,False,-0.0001996338668105707,0.11662241941346255,0.0018406115776506496,-0.00021424189520462345,0.11700974004717504,0.003681223155301299,-0.000243457951992729,0.11795301857002512,0.007362446310602598
10,252,2015-04-01T00:00:00,2016-04-05T00:00:00,2016-04-06T00:00:00,2016-10-05T00:00:00,24,2,Cboe Volatility Index | DAX INDEX,oas_shrinkage,,unconstrained,1.6934926001087313e-05,5.776674963672501e-05,0.1206533087339701,3.411101390878004,-7.575031050410534,4.9611550044865105,0.12963465009010358,4.200838470328616,False,False,-0.00025384490277446085,0.12104608992602735,0.0021004192351643082,-0.0002705148967043363,0.121510237873847,0.0042008384703286165,-0.0003038548845640873,0.12264926858028234,0.008401676940657233
10,252,2015-04-01T00:00:00,2016-04-05T00:00:00,2016-04-06T00:00:00,2016-10-05T00:00:00,24,2,Cboe Volatility Index | DAX INDEX,nonlinear_shrinkage_qis,,unconstrained,2.333102184235464e-05,4.405154600325638e-05,0.1053612338235492,1.8881104437220206,-8.777616229667244,3.5484139358961824,0.09069153996916814,2.5837546777147584,False,False,-0.00010237566827788937,0.1055564575297484,0.001291877338857379,-0.00011262866303072571,0.10578287974844118,0.002583754677714758,-0.0001331346525363984,0.10632849503244263,0.005167509355429516
10,252,2015-04-01T00:00:00,2016-04-05T00:00:00,2016-04-06T00:00:00,2016-10-05T00:00:00,24,2,Cboe Volatility Index | DAX INDEX,pca_matched,,unconstrained,1.1644208137154392e-05,0.00010527331464298787,0.16287687156264066,9.040830720560663,-2.3198709366237917,2.815465882465677,0.08513524216208673,1.3585131178782075,False,False,-0.0002486533758150028,0.16291467944989851,0.0006792565589391037,-0.0002540443008859481,0.16295814133815117,0.0013585131178782074,-0.0002648261510278386,0.16306200844556823,0.002717026235756415
10,252,2015-04-01T00:00:00,2016-04-05T00:00:00,2016-04-06T00:00:00,2016-10-05T00:00:00,24,2,Cboe Volatility Index | DAX INDEX,pca_plus_two,,unconstrained,1.2344433721972124e-05,0.0001103303790878584,0.16674308240565877,8.937662234880728,-2.3646430723816767,2.9952268876132044,0.0936022567863581,1.5464889357730953,False,False,-0.00029657280039039637,0.16678611786444725,0.0007732444678865477,-0.0003027096612466388,0.16683630996421228,0.0015464889357730955,-0.0003149833829591237,0.16695813734862697,0.003092977871546191
10,252,2015-04-01T00:00:00,2016-04-05T00:00:00,2016-04-06T00:00:00,2016-10-05T00:00:00,24,2,Cboe Volatility Index | DAX INDEX,poet_soft_c0_5,,unconstrained,1.866920196376042e-05,4.6171803697226076e-05,0.10786702244755332,2.473153581328871,-8.415481764303829,3.171649686194239,0.15337918597356545,2.338564538022135,False,False,1.7160940895602514e-05,0.10801532261256779,0.0011692822690110675,7.880922887578224e-06,0.10818869714804646,0.002338564538022135,-1.0679113128470524e-05,0.10861017165015646,0.00467712907604427
10,252,2015-04-01T00:00:00,2016-04-05T00:00:00,2016-04-06T00:00:00,2016-10-05T00:00:00,24,2,Cboe Volatility Index | DAX INDEX,structured_q0,,unconstrained,1.4463219549608549e-05,9.25468819108861e-05,0.1527148134319107,6.398774601564484,-4.745127112335701,2.6537807049792077,0.09753874120707037,1.1677299634266212,False,False,-0.00040025460867811004,0.15272920505141818,0.0005838649817133106,-0.0004048884577393268,0.1527480589172919,0.0011677299634266212,-0.0004141561558617603,0.15279914639004885,0.0023354599268532424
10,252,2015-04-01T00:00:00,2016-04-05T00:00:00,2016-04-06T00:00:00,2016-10-05T00:00:00,24,2,Cboe Volatility Index | DAX INDEX,residual_aware_qr,0.5,unconstrained,2.185177797013706e-05,4.208081783079677e-05,0.10297750285067503,1.925738852385604,-8.805489415716576,3.131699626366445,0.12777564941746056,2.1566218576772345,False,False,7.06898024350362e-06,0.10310954991057966,0.0010783109288386172,-1.4890430012473009e-06,0.10326395058296418,0.0021566218576772344,-1.860508949074915e-05,0.10363939867631904,0.004313243715354469
11,252,2015-10-01T00:00:00,2016-10-05T00:00:00,2016-10-06T00:00:00,2017-04-06T00:00:00,25,2,Cboe Volatility Index | S&P/BMV IPC,equal_weight,,unconstrained,0.00010459049777552478,3.4047724178557386e-05,0.09262843242221289,0.32553362784094997,-8.839924226065243,1.0000000000000002,0.006666666666666667,0.12168893006232147,False,False,0.0008787986339967735,0.09262708636273113,6.084446503116073e-05,0.0008783157414171611,0.09262582021929387,0.00012168893006232146,0.0008773499562579364,0.09262352769345504,0.00024337786012464292
11,252,2015-10-01T00:00:00,2016-10-05T00:00:00,2016-10-06T00:00:00,2017-04-06T00:00:00,25,2,Cboe Volatility Index | S&P/BMV IPC,sample_covariance,,unconstrained,9.719075639338229e-06,7.491382939346786e-05,0.13739827148532074,7.707917107903971,-3.8335029349436516,7.3470105571521405,0.2651277590877279,9.322429464410863,False,False,0.002471643047605987,0.13765977512042002,0.004661214732205431,0.0024346492798900704,0.13823548768812674,0.009322429464410862,0.002360661744458238,0.14031195911279348,0.018644858928821725
11,252,2015-10-01T00:00:00,2016-10-05T00:00:00,2016-10-06T00:00:00,2017-04-06T00:00:00,25,2,Cboe Volatility Index | S&P/BMV IPC,ridge_10pct,,unconstrained,1.7971043631270842e-05,2.9075043300543034e-05,0.0855973767806984,1.6178828507182785,-9.308865931827997,3.5208290294055757,0.08603361250883085,3.3251290215187224,False,False,0.0014976614262493919,0.08559387698803847,0.0016625645107593613,0.0014844664698147934,0.08565494222144932,0.0033251290215187226,0.0014580765569455973,0.085970071968225,0.006650258043037445
11,252,2015-10-01T00:00:00,2016-10-05T00:00:00,2016-10-06T00:00:00,2017-04-06T00:00:00,25,2,Cboe Volatility Index | S&P/BMV IPC,ledoit_wolf,,unconstrained,1.54586723771446e-05,3.5087574708337274e-05,0.0940322754510439,2.26976637141322,-8.807574021778795,4.234290972708814,0.09681695427874658,4.193520163057105,False,False,0.0016687058354503028,0.09404099078488755,0.0020967600815285526,0.0016520648824222984,0.094143149939141,0.004193520163057105,0.0016187829763662897,0.09462631230190699,0.00838704032611421
11,252,2015-10-01T00:00:00,2016-10-05T00:00:00,2016-10-06T00:00:00,2017-04-06T00:00:00,25,2,Cboe Volatility Index | S&P/BMV IPC,oas_shrinkage,,unconstrained,1.4596937243704149e-05,3.7844253767440864e-05,0.09765629498089254,2.5926160492170087,-8.542082779867904,4.5136326805628375,0.11088083525319559,4.625066093920337,False,False,0.0017410812997756063,0.09767495948556963,0.0023125330469601687,0.00172272786289497,0.09780304038215465,0.004625066093920337,0.0016860209891336974,0.09838537702364195,0.009250132187840675
11,252,2015-10-01T00:00:00,2016-10-05T00:00:00,2016-10-06T00:00:00,2017-04-06T00:00:00,25,2,Cboe Volatility Index | S&P/BMV IPC,nonlinear_shrinkage_qis,,unconstrained,1.9324611180062228e-05,2.6848336315447626e-05,0.0822543661545866,1.389333843008849,-9.464797240732876,3.1353457361606702,0.07156430395397277,2.943492368387743,False,False,0.001472308493813008,0.08226200365678962,0.0014717461841938714,0.001460627968541628,0.08232228062371263,0.002943492368387743,0.0014372669179988679,0.08260019135557017,0.005886984736775486
11,252,2015-10-01T00:00:00,2016-10-05T00:00:00,2016-10-06T00:00:00,2017-04-06T00:00:00,25,2,Cboe Volatility Index | S&P/BMV IPC,pca_matched,,unconstrained,7.1375297259910455e-06,5.135304885062389e-05,0.11375837687993452,7.194792991701835,-4.655350826526664,2.1667658251695725,0.05587487500137829,1.3323365864225378,False,False,0.0005633785665593462,0.11374350048800523,0.0006661682932112689,0.0005580915166132252,0.11373642607780494,0.0013323365864225379,0.0005475174167209827,0.11374568742007247,0.0026646731728450757
11,252,2015-10-01T00:00:00,2016-10-05T00:00:00,2016-10-06T00:00:00,2017-04-06T00:00:00,25,2,Cboe Volatility Index | S&P/BMV IPC,pca_plus_two,,unconstrained,8.47822126850679e-06,4.804896197914201e-05,0.11003789537583762,5.667339935750998,-6.010669950483659,2.402906455856096,0.059696937713138346,1.5537343195169004,False,False,0.0003561552622158539,0.11002421095674567,0.0007768671597584503,0.0003499896498368186,0.11002149637639368,0.0015537343195169005,0.0003376584250787479,0.11004897669856088,0.003107468639033801
11,252,2015-10-01T00:00:00,2016-10-05T00:00:00,2016-10-06T00:00:00,2017-04-06T00:00:00,25,2,Cboe Volatility Index | S&P/BMV IPC,poet_soft_c0_5,,unconstrained,1.5070722671621871e-05,2.186910173932507e-05,0.07423620166946795,1.4510984121885893,-9.65165817996576,3.0126269234768515,0.09777936136606542,2.1760652548824764,False,False,0.0009426465625856195,0.07419977780876463,0.0010880326274412384,0.0009340113830027523,0.074195253725718,0.0021760652548824767,0.0009167410238370184,0.0742818871092506,0.004352130509764953
11,252,2015-10-01T00:00:00,2016-10-05T00:00:00,2016-10-06T00:00:00,2017-04-06T00:00:00,25,2,Cboe Volatility Index | S&P/BMV IPC,structured_q0,,unconstrained,1.142707325870212e-05,4.6321992808399727e-05,0.10804231665285936,4.053705770471358,-7.32581940033094,2.2964021291343872,0.06696102622055572,1.44751854695135,False,False,0.0007074894058586255,0.10803080301628482,0.0007237592734756751,0.0007017452846405647,0.10802898649396701,0.0014475185469513502,0.0006902570422044429,0.10805444413760015,0.0028950370939027003
11,252,2015-10-01T00:00:00,2016-10-05T00:00:00,2016-10-06T00:00:00,2017-04-06T00:00:00,25,2,Cboe Volatility Index | S&P/BMV IPC,residual_aware_qr,0.5,unconstrained,1.844324453608639e-05,2.2478037512768127e-05,0.07526264314530529,1.2187680681014226,-9.682044336231138,2.8158217103792387,0.07079625639484315,2.403099814071494,False,False,0.001326406273959552,0.07525134048605994,0.001201549907035747,0.0013168701635862523,0.07527840278191793,0.002403099814071494,0.0012977979428396532,0.07544739857968155,0.004806199628142988
12,252,2016-04-06T00:00:00,2017-04-06T00:00:00,2017-04-07T00:00:00,2017-10-09T00:00:00,26,3,Cboe Volatility Index | CAD-JPY X-RATE | S&P/BMV IPC,equal_weight,,unconstrained,5.6602722130553886e-05,2.7840147335418474e-05,0.0837598777967438,0.4918517394129088,-9.28760174031932,1.0000000000000002,0.006666666666666667,0.10506751964299829,False,False,0.0007404520362620605,0.08376346616172292,5.253375982149915e-05,0.0007400351016603026,0.08376712026511611,0.0001050675196429983,0.0007392012324567866,0.08377462565258133,0.0002101350392859966
12,252,2016-04-06T00:00:00,2017-04-06T00:00:00,2017-04-07T00:00:00,2017-10-09T00:00:00,26,3,Cboe Volatility Index | CAD-JPY X-RATE | S&P/BMV IPC,sample_covariance,,unconstrained,7.223572242027903e-06,4.223679499746231e-05,0.10316817503164677,5.847078645067306,-5.991082311986757,6.461107682733663,0.26587880581188034,6.9033614144385105,False,False,0.00043552902018195825,0.10366154715360798,0.003451680707219255,0.0004081347288548213,0.10438111311926711,0.00690336141443851,0.0003533461462005473,0.10647904398494289,0.01380672282887702
12,252,2016-04-06T00:00:00,2017-04-06T00:00:00,2017-04-07T00:00:00,2017-10-09T00:00:00,26,3,Cboe Volatility Index | CAD-JPY X-RATE | S&P/BMV IPC,ridge_10pct,,unconstrained,1.2185060871555007e-05,1.8327938268059675e-05,0.06796058007073688,1.5041318595990518,-9.81116801568666,3.071908818981494,0.07798963058022396,2.6451158417802825,False,False,0.0003275791186561775,0.06813197891026107,0.001322557920890141,0.00031708262722054145,0.068354146141415,0.002645115841780282,0.00029608964434926934,0.06894871062723758,0.005290231683560564
12,252,2016-04-06T00:00:00,2017-04-06T00:00:00,2017-04-07T00:00:00,2017-10-09T00:00:00,26,3,Cboe Volatility Index | CAD-JPY X-RATE | S&P/BMV IPC,ledoit_wolf,,unconstrained,1.2141408814643651e-05,1.8320003206587154e-05,0.0679458667474333,1.5088861174406343,-9.810002614290527,3.069695697304918,0.07790275232421448,2.9265146212008566,False,False,0.00032624968064121085,0.06813847947363523,0.0014632573106004283,0.0003146365273824773,0.06839319008297651,0.0029265146212008567,0.0002914102208650101,0.06908599020571941,0.005853029242401713
12,252,2016-04-06T00:00:00,2017-04-06T00:00:00,2017-04-07T00:00:00,2017-10-09T00:00:00,26,3,Cboe Volatility Index | CAD-JPY X-RATE | S&P/BMV IPC,oas_shrinkage,,unconstrained,1.1071442749399398e-05,2.0412090103412196e-05,0.07172061562800387,1.8436702935143214,-9.567471196555871,3.5780171901141538,0.09840353570032008,3.2548707042097718,False,False,0.0003742469830499551,0.07194217900093307,0.0016274353521048858,0.0003613308294618211,0.07223642928637762,0.0032548707042097716,0.00033549852228555307,0.07303925971172139,0.006509741408419543
12,252,2016-04-06T00:00:00,2017-04-06T00:00:00,2017-04-07T00:00:00,2017-10-09T00:00:00,26,3,Cboe Volatility Index | CAD-JPY X-RATE | S&P/BMV IPC,nonlinear_shrinkage_qis,,unconstrained,1.3082183002504903e-05,1.7309515369518342e-05,0.06604542280217927,1.3231366176580783,-9.921122711986797,2.682967278560102,0.0641808237749319,2.4129186843911845,False,False,0.00024348919416474705,0.06619846111863847,0.0012064593421955924,0.0002339141200203376,0.06639500592974322,0.002412918684391185,0.00021476397173151863,0.06691699677968661,0.00482583736878237
12,252,2016-04-06T00:00:00,2017-04-06T00:00:00,2017-04-07T00:00:00,2017-10-09T00:00:00,26,3,Cboe Volatility Index | CAD-JPY X-RATE | S&P/BMV IPC,pca_matched,,unconstrained,4.803247411666569e-06,1.9765260714488336e-05,0.07057510680155618,4.114978684312753,-8.131239640393263,1.7895702653990508,0.05248317563303235,1.093195569680978,False,False,8.724890135985393e-05,0.07062515086538675,0.000546597784840489,8.29108237023897e-05,0.07068361370232698,0.001093195569680978,7.423466838746133e-05,0.07082570930250394,0.002186391139361956
12,252,2016-04-06T00:00:00,2017-04-06T00:00:00,2017-04-07T00:00:00,2017-10-09T00:00:00,26,3,Cboe Volatility Index | CAD-JPY X-RATE | S&P/BMV IPC,pca_plus_two,,unconstrained,8.559202613791703e-06,2.3163353471372863e-05,0.07640134210068539,2.7062513316426284,-8.962252193101396,2.481676320879739,0.08636348116228584,1.9894741588936076,False,False,-0.0001338363448082617,0.07648457145341377,0.0009947370794468038,-0.00014173108353402998,0.07659355242752262,0.0019894741588936077,-0.00015752056098556654,0.07688830536476259,0.003978948317787215
12,252,2016-04-06T00:00:00,2017-04-06T00:00:00,2017-04-07T00:00:00,2017-10-09T00:00:00,26,3,Cboe Volatility Index | CAD-JPY X-RATE | S&P/BMV IPC,poet_soft_c0_5,,unconstrained,8.71544562029311e-06,1.6926869857627314e-05,0.06531134054758088,1.9421691781559238,-9.708244569579838,2.5439048010653718,0.09001323486671275,2.0478304999927746,False,False,9.335575213994922e-05,0.0654203219686709,0.0010239152499963871,8.522944063204137e-05,0.06556111239602133,0.0020478304999927742,6.897681761622574e-05,0.06593725920988984,0.0040956609999855485
12,252,2016-04-06T00:00:00,2017-04-06T00:00:00,2017-04-07T00:00:00,2017-10-09T00:00:00,26,3,Cboe Volatility Index | CAD-JPY X-RATE | S&P/BMV IPC,structured_q0,,unconstrained,6.830494182558976e-06,1.828354697241734e-05,0.06787822800463467,2.676753172428235,-9.217360359876968,1.9453389056495802,0.07974550858678436,1.4706965279536388,False,False,9.953198938084948e-05,0.06792780091878972,0.0007353482639768194,9.369589204770014e-05,0.06799324515386528,0.0014706965279536388,8.202369738140142e-05,0.06817155366549464,0.0029413930559072776
12,252,2016-04-06T00:00:00,2017-04-06T00:00:00,2017-04-07T00:00:00,2017-10-09T00:00:00,26,3,Cboe Volatility Index | CAD-JPY X-RATE | S&P/BMV IPC,residual_aware_qr,0.5,unconstrained,1.1506523733246143e-05,1.6888704119004186e-05,0.06523766885771635,1.467750339766575,-9.904846062519784,2.400613535278789,0.09472501945138301,1.9130760614138467,False,False,0.00016079793901700953,0.06534614921674374,0.0009565380307069234,0.00015320636734473232,0.06548240112382543,0.0019130760614138468,0.00013802322400017806,0.06583749475763116,0.0038261521228276935
13,252,2016-10-06T00:00:00,2017-10-09T00:00:00,2017-10-10T00:00:00,2018-04-11T00:00:00,27,3,Cboe Volatility Index | CAD-JPY X-RATE | S&P/BMV IPC,equal_weight,,unconstrained,3.082546173501376e-05,7.889468413870304e-05,0.1410016326251337,2.559399914814214,-7.827769614973761,1.0000000000000002,0.006666666666666667,0.10700524295664526,False,False,0.0003892897925090614,0.1409997131380217,5.350262147832263e-05,0.00038886516852907477,0.14099783422867768,0.00010700524295664526,0.0003880159205691014,0.14099419814974745,0.00021401048591329053
13,252,2016-10-06T00:00:00,2017-10-09T00:00:00,2017-10-10T00:00:00,2018-04-11T00:00:00,27,3,Cboe Volatility Index | CAD-JPY X-RATE | S&P/BMV IPC,sample_covariance,,unconstrained,4.51468871466687e-06,8.547608262376875e-05,0.14676502587874854,18.932885083767257,6.624710765592338,5.725253864405628,0.22467059995087338,6.491493560004029,False,False,-0.00025422445487235934,0.14673659583352766,0.0032457467800020147,-0.00027998434995174054,0.14685170676935952,0.006491493560004029,-0.00033150414011050256,0.14751078840381976,0.012982987120008059
13,252,2016-10-06T00:00:00,2017-10-09T00:00:00,2017-10-10T00:00:00,2018-04-11T00:00:00,27,3,Cboe Volatility Index | CAD-JPY X-RATE | S&P/BMV IPC,ridge_10pct,,unconstrained,7.4753803233832785e-06,5.884715796625387e-05,0.12177636801734554,7.872128964753497,-3.9317665958459607,2.597052779876072,0.08308748129285902,2.4682039071757185,False,False,0.00026767569956401554,0.12171238970573862,0.0012341019535878593,0.0002578812396149055,0.12167341467549354,0.0024682039071757186,0.00023829231971668558,0.12167055515695993,0.004936407814351437
13,252,2016-10-06T00:00:00,2017-10-09T00:00:00,2017-10-10T00:00:00,2018-04-11T00:00:00,27,3,Cboe Volatility Index | CAD-JPY X-RATE | S&P/BMV IPC,ledoit_wolf,,unconstrained,7.921510020806344e-06,5.8482845622790554e-05,0.12139883482531132,7.382790082848054,-4.36313862827032,2.2989504245476144,0.06910723387346943,2.378627521117358,False,False,0.00031897996775504043,0.12133301013397713,0.001189313760558679,0.00030954096965536844,0.12129047558767586,0.002378627521117358,0.0002906629734560243,0.12127536153383683,0.004757255042234716
13,252,2016-10-06T00:00:00,2017-10-09T00:00:00,2017-10-10T00:00:00,2018-04-11T00:00:00,27,3,Cboe Volatility Index | CAD-JPY X-RATE | S&P/BMV IPC,oas_shrinkage,,unconstrained,7.4594547384229365e-06,5.88318034562377e-05,0.12176047992255902,7.8868771940126825,-3.9191510437714436,2.588406018010766,0.08270219443331153,2.880102481075754,False,False,0.0002676603152499779,0.12168813912187479,0.0014400512405378769,0.0002562313371504709,0.1216498537821526,0.0028801024810757537,0.00023337338095145692,0.12167554947758528,0.0057602049621515074
13,252,2016-10-06T00:00:00,2017-10-09T00:00:00,2017-10-10T00:00:00,2018-04-11T00:00:00,27,3,Cboe Volatility Index | CAD-JPY X-RATE | S&P/BMV IPC,nonlinear_shrinkage_qis,,unconstrained,8.269568604967703e-06,5.916051491344692e-05,0.12210016280983668,7.154002553157121,-4.548925660981262,2.1756365202394976,0.06338385532374063,2.048592454498125,False,False,0.00030504378533760735,0.12203824109266305,0.0010242962272490625,0.00029691445020071,0.12199348978875026,0.002048592454498125,0.0002806557799269153,0.12195556677604226,0.00409718490899625
13,252,2016-10-06T00:00:00,2017-10-09T00:00:00,2017-10-10T00:00:00,2018-04-11T00:00:00,27,3,Cboe Volatility Index | CAD-JPY X-RATE | S&P/BMV IPC,pca_matched,,unconstrained,3.977266706505447e-06,5.535735988089959e-05,0.11811034963112545,13.918442982552289,1.4835272507992059,1.7201173558844243,0.046687595826721405,1.0941726726518868,False,False,-0.00020988276541129098,0.11805934544312009,0.0005470863363259433,-0.00021422472046149686,0.11801339168402372,0.0010941726726518867,-0.00022290863056190864,0.11793665841839515,0.0021883453453037734
13,252,2016-10-06T00:00:00,2017-10-09T00:00:00,2017-10-10T00:00:00,2018-04-11T00:00:00,27,3,Cboe Volatility Index | CAD-JPY X-RATE | S&P/BMV IPC,pca_plus_two,,unconstrained,5.368563893609754e-06,5.901994354627227e-05,0.1219550153690311,10.99361853856749,-1.1413315779997397,1.9889517817418454,0.05495313887026417,1.631119041822461,False,False,-5.062252838640965e-05,0.12187557348161317,0.0008155595209112306,-5.70952229968162e-05,0.12180700143510703,0.0016311190418224612,-7.004061221762939e-05,0.12170253744634128,0.0032622380836449224
13,252,2016-10-06T00:00:00,2017-10-09T00:00:00,2017-10-10T00:00:00,2018-04-11T00:00:00,27,3,Cboe Volatility Index | CAD-JPY X-RATE | S&P/BMV IPC,poet_soft_c0_5,,unconstrained,6.261818691325028e-06,5.9789164241825116e-05,0.12274717670455777,9.548210701893298,-2.4328291873826373,2.0248539083440216,0.05856956252660329,1.8056684823492497,False,False,8.373718816586509e-05,0.12269378344456223,0.0009028342411746248,7.657183704543165e-05,0.12265365890021578,0.0018056684823492496,6.224113480456455e-05,0.12261326375622512,0.003611336964698499
13,252,2016-10-06T00:00:00,2017-10-09T00:00:00,2017-10-10T00:00:00,2018-04-11T00:00:00,27,3,Cboe Volatility Index | CAD-JPY X-RATE | S&P/BMV IPC,structured_q0,,unconstrained,3.651159065963388e-06,5.2071327953487965e-05,0.11455118787807905,14.261588447050723,1.7411225585905203,1.4845715727401039,0.043376976314837605,1.1455681600740784,False,False,5.997252228673354e-06,0.11449695956316679,0.0005727840800370392,1.4513468315539942e-06,0.11444843896073591,0.0011455681600740784,-7.640463962684723e-06,0.1143685490965813,0.0022911363201481567
13,252,2016-10-06T00:00:00,2017-10-09T00:00:00,2017-10-10T00:00:00,2018-04-11T00:00:00,27,3,Cboe Volatility Index | CAD-JPY X-RATE | S&P/BMV IPC,residual_aware_qr,0.25,unconstrained,6.130776941017259e-06,5.3817163937059155e-05,0.11645567960446973,8.77819637785247,-3.22399269414654,1.5380610044312744,0.04608133735399003,1.8338708771460606,False,False,0.00012237221197404827,0.11639233091129303,0.0009169354385730303,0.00011509494658854802,0.11634340187644084,0.0018338708771460607,0.0001005404158175475,0.11628887022326473,0.0036677417542921214
14,252,2017-04-07T00:00:00,2018-04-11T00:00:00,2018-04-12T00:00:00,2018-10-09T00:00:00,28,3,Cboe Volatility Index | CAD-JPY X-RATE | U.S. Corporate High Yield,equal_weight,,unconstrained,5.3185746749370096e-05,2.765510269904951e-05,0.08348105102453177,0.5199720675046655,-9.321748048253436,1.0000000000000002,0.006666666666666667,0.12505904807827745,False,False,0.0006031106292592403,0.08347369701944735,6.252952403913871e-05,0.0006026143631954378,0.083466436055423,0.00012505904807827743,0.0006016218310678324,0.08345219334738652,0.00025011809615655485
14,252,2017-04-07T00:00:00,2018-04-11T00:00:00,2018-04-12T00:00:00,2018-10-09T00:00:00,28,3,Cboe Volatility Index | CAD-JPY X-RATE | U.S. Corporate High Yield,sample_covariance,,unconstrained,7.16469878066399e-06,4.637066288314473e-05,0.10809906126582447,6.472102219885274,-5.374242318064445,6.794482658276669,0.14786479049527526,7.055925387450003,False,False,0.0011516478431546034,0.10846614597877223,0.0035279626937250014,0.001123648139236151,0.1090604817681338,0.007055925387450003,0.0010676487313992463,0.1109148982451657,0.014111850774900006
14,252,2017-04-07T00:00:00,2018-04-11T00:00:00,2018-04-12T00:00:00,2018-10-09T00:00:00,28,3,Cboe Volatility Index | CAD-JPY X-RATE | U.S. Corporate High Yield,ridge_10pct,,unconstrained,1.2219007397537048e-05,2.1562143119585974e-05,0.07371336423021042,1.764639501235771,-9.54787833398166,3.4495247989371656,0.09185426276596308,3.189879909703823,False,False,0.001106655927922339,0.07398583251321422,0.0015949399548519114,0.001093997674312403,0.07432578350108014,0.0031898799097038228,0.0010686811670925316,0.0752042914687489,0.0063797598194076455
14,252,2017-04-07T00:00:00,2018-04-11T00:00:00,2018-04-12T00:00:00,2018-10-09T00:00:00,28,3,Cboe Volatility Index | CAD-JPY X-RATE | U.S. Corporate High Yield,ledoit_wolf,,unconstrained,1.220792260639281e-05,2.15053399285563e-05,0.07361620515889275,1.7615888158805002,-9.55183660714296,3.435301714219971,0.09154264219356933,3.103679395272242,False,False,0.0011058519913416313,0.07388111429840812,0.001551839697636121,0.0010935358032651543,0.07421000784086562,0.003103679395272242,0.0010689034271122002,0.07505622005297784,0.006207358790544484
14,252,2017-04-07T00:00:00,2018-04-11T00:00:00,2018-04-12T00:00:00,2018-10-09T00:00:00,28,3,Cboe Volatility Index | CAD-JPY X-RATE | U.S. Corporate High Yield,oas_shrinkage,,unconstrained,1.1424286685395525e-05,2.285777900882256e-05,0.07589571997302144,2.000805795432574,-9.378963262239234,3.744081931520272,0.09795737758854531,3.4332403395432083,False,False,0.0011264970825742738,0.07617444224548067,0.001716620169771604,0.001112873112972912,0.07652919790397598,0.003433240339543208,0.001085625173770188,0.07746240707817455,0.006866480679086416
14,252,2017-04-07T00:00:00,2018-04-11T00:00:00,2018-04-12T00:00:00,2018-10-09T00:00:00,28,3,Cboe Volatility Index | CAD-JPY X-RATE | U.S. Corporate High Yield,nonlinear_shrinkage_qis,,unconstrained,1.3961155294984714e-05,2.1106682728116548e-05,0.07293067974100728,1.5118149094508484,-9.66741679708302,2.882670971570816,0.08105387425143873,2.6521007847878977,False,False,0.0010521501787403157,0.07317111155166992,0.0013260503923939488,0.0010416259692768717,0.07345864634269508,0.0026521007847878975,0.0010205775503499836,0.07417274399540319,0.005304201569575795
14,252,2017-04-07T00:00:00,2018-04-11T00:00:00,2018-04-12T00:00:00,2018-10-09T00:00:00,28,3,Cboe Volatility Index | CAD-JPY X-RATE | U.S. Corporate High Yield,pca_matched,,unconstrained,7.82108779782815e-06,4.981339438323199e-05,0.11204006151629185,6.369113308901193,-5.3895735995984015,2.2608525050032986,0.08739491082110053,1.9750951308552978,False,False,0.0012463816837992134,0.11234864528220317,0.0009875475654276488,0.0012385440047085177,0.11267369617481313,0.0019750951308552976,0.0012228686465271265,0.11337262561093592,0.003950190261710595
14,252,2017-04-07T00:00:00,2018-04-11T00:00:00,2018-04-12T00:00:00,2018-10-09T00:00:00,28,3,Cboe Volatility Index | CAD-JPY X-RATE | U.S. Corporate High Yield,pca_plus_two,,unconstrained,8.539462324578512e-06,5.0771979687618294e-05,0.11311294745200397,5.945571015810328,-5.725241495986737,2.410954987241645,0.08934346203971712,2.6171798612687747,False,False,0.0012740382801110792,0.11353019286475882,0.0013085899306343872,0.0012636526457409647,0.11397596296134152,0.0026171798612687745,0.0012428813770007363,0.11495172859228911,0.005234359722537549
14,252,2017-04-07T00:00:00,2018-04-11T00:00:00,2018-04-12T00:00:00,2018-10-09T00:00:00,28,3,Cboe Volatility Index | CAD-JPY X-RATE | U.S. Corporate High Yield,poet_soft_c0_5,,unconstrained,1.3357205675643542e-05,2.354378109297915e-05,0.07702618279150762,1.7626277280367493,-9.460826839709899,2.6392368913111257,0.08732604389059097,2.4039472153353416,False,False,0.0012521472547519358,0.07727396320880664,0.0012019736076676708,0.001242607781675208,0.07755821624286735,0.0024039472153353416,0.0012235288355217531,0.07823449895651197,0.004807894430670683
14,252,2017-04-07T00:00:00,2018-04-11T00:00:00,2018-04-12T00:00:00,2018-10-09T00:00:00,28,3,Cboe Volatility Index | CAD-JPY X-RATE | U.S. Corporate High Yield,structured_q0,,unconstrained,6.1019238054351384e-06,4.9206144192399506e-05,0.11135505528032698,8.064037795517923,-3.9428686630480687,1.8416939119619284,0.07676534900387633,1.2692207298619884,False,False,0.0008002490201997258,0.11152017102089552,0.0006346103649309942,0.0007952124300018609,0.11169225431441523,0.0012692207298619885,0.0007851392496061308,0.11205719386202642,0.002538441459723977
14,252,2017-04-07T00:00:00,2018-04-11T00:00:00,2018-04-12T00:00:00,2018-10-09T00:00:00,28,3,Cboe Volatility Index | CAD-JPY X-RATE | U.S. Corporate High Yield,residual_aware_qr,0.9,unconstrained,1.0503427718136975e-05,2.4328241605368194e-05,0.07829889452957037,2.316219262723062,-9.14758964200435,4.141043979197752,0.10770107552023951,3.661624240040381,False,False,0.0011521672952499917,0.07854856936251069,0.0018308121200201906,0.0011376370403291965,0.0788824828800208,0.0036616242400403813,0.001108576530487606,0.0797985293998691,0.0073232484800807626
15,252,2017-10-10T00:00:00,2018-10-09T00:00:00,2018-10-10T00:00:00,2019-04-11T00:00:00,29,3,Cboe Volatility Index | CAD-JPY X-RATE | U.S. Corporate High Yield,equal_weight,,unconstrained,5.307412591333344e-05,0.00013775305051933593,0.18631631364663873,2.595484111114286,-7.2483369082924956,1.0000000000000002,0.006666666666666667,0.12680949690301271,False,False,0.000338835214123581,0.18633612155782203,6.340474845150636e-05,0.00033833200183428327,0.1863559705085906,0.0001268094969030127,0.00033732557725568805,0.18639579147641386,0.0002536189938060254
15,252,2017-10-10T00:00:00,2018-10-09T00:00:00,2018-10-10T00:00:00,2019-04-11T00:00:00,29,3,Cboe Volatility Index | CAD-JPY X-RATE | U.S. Corporate High Yield,sample_covariance,,unconstrained,6.901917943510342e-06,9.414163510305452e-05,0.15402497215052416,13.639923840527974,1.7562126183699895,6.9902164141376595,0.19231971731560674,6.524533476473076,False,False,0.0005015392332150819,0.15520163553612787,0.0032622667382365376,0.0004756482273560617,0.15650550417571268,0.006524533476473075,0.0004238662156380214,0.15948207352853416,0.01304906695294615
15,252,2017-10-10T00:00:00,2018-10-09T00:00:00,2018-10-10T00:00:00,2019-04-11T00:00:00,29,3,Cboe Volatility Index | CAD-JPY X-RATE | U.S. Corporate High Yield,ridge_10pct,,unconstrained,1.2707213300796768e-05,6.0773724059080436e-05,0.12375370080481743,4.782616189756554,-6.490724559540053,3.6651610681494535,0.08284964824100094,2.049660624385546,False,False,0.00037270615559128095,0.12410449471870535,0.001024830312192773,0.0003645725816849891,0.12447117684250122,0.002049660624385546,0.0003483054338724054,0.12525164150990914,0.004099321248771092
15,252,2017-10-10T00:00:00,2018-10-09T00:00:00,2018-10-10T00:00:00,2019-04-11T00:00:00,29,3,Cboe Volatility Index | CAD-JPY X-RATE | U.S. Corporate High Yield,ledoit_wolf,,unconstrained,1.2883447103419267e-05,6.059654739465776e-05,0.12357317647229821,4.703442091874265,-6.556125148967876,3.5728874862597024,0.08165465771020392,1.9954262603254844,False,False,0.0003716674324370161,0.12391326087831332,0.0009977131301627422,0.00036374907426112125,0.12426843615939047,0.0019954262603254845,0.00034791235790933176,0.1250235394291365,0.003990852520650969
15,252,2017-10-10T00:00:00,2018-10-09T00:00:00,2018-10-10T00:00:00,2019-04-11T00:00:00,29,3,Cboe Volatility Index | CAD-JPY X-RATE | U.S. Corporate High Yield,oas_shrinkage,,unconstrained,1.2053420386628048e-05,6.145333425093576e-05,0.12444372314920432,5.09841458106875,-6.227747507723811,3.910706354015847,0.0857651960489138,2.3415741126931806,False,False,0.00037573061264665423,0.12484950790128926,0.0011707870563465903,0.0003664386518819989,0.12527586353515033,0.0023415741126931807,0.00034785473035268787,0.1261894433580731,0.004683148225386361
15,252,2017-10-10T00:00:00,2018-10-09T00:00:00,2018-10-10T00:00:00,2019-04-11T00:00:00,29,3,Cboe Volatility Index | CAD-JPY X-RATE | U.S. Corporate High Yield,nonlinear_shrinkage_qis,,unconstrained,1.4783499167345705e-05,6.019134523544402e-05,0.12315932363947073,4.071522212305237,-7.050476708001169,3.0677204835561955,0.07063034431383292,1.7154197238979159,False,False,0.0004078153110686902,0.12345026330117732,0.0008577098619489579,0.00040100808994211117,0.12375240879981794,0.0017154197238979157,0.00038739364768895307,0.12438998764972677,0.0034308394477958314
15,252,2017-10-10T00:00:00,2018-10-09T00:00:00,2018-10-10T00:00:00,2019-04-11T00:00:00,29,3,Cboe Volatility Index | CAD-JPY X-RATE | U.S. Corporate High Yield,pca_matched,,unconstrained,8.179261949320966e-06,7.592458677018293e-05,0.1383220729532568,9.282571855579965,-2.431336782084667,2.23402712720369,0.06658064055350577,1.3319092770830512,False,False,0.0007046602936937427,0.13843006602040006,0.0006659546385415256,0.0006993749394196035,0.13854437726974309,0.0013319092770830512,0.0006888042308713253,0.13879189100709458,0.0026638185541661024
15,252,2017-10-10T00:00:00,2018-10-09T00:00:00,2018-10-10T00:00:00,2019-04-11T00:00:00,29,3,Cboe Volatility Index | CAD-JPY X-RATE | U.S. Corporate High Yield,pca_plus_two,,unconstrained,1.1850399885650866e-05,6.776026433421489e-05,0.13067358804372883,5.717972810036803,-5.625176135291157,2.57217028192458,0.07321128411663595,1.436785045685082,False,False,0.000289795512333589,0.13088203306438348,0.000718392522842541,0.0002840939843745212,0.13109802018786587,0.001436785045685082,0.00027269092845638574,0.13155247085176333,0.002873570091370164
15,252,2017-10-10T00:00:00,2018-10-09T00:00:00,2018-10-10T00:00:00,2019-04-11T00:00:00,29,3,Cboe Volatility Index | CAD-JPY X-RATE | U.S. Corporate High Yield,poet_soft_c0_5,,unconstrained,1.460381947869185e-05,5.39495771797992e-05,0.11659885698114454,3.694210083774042,-7.440017371559803,2.8043965563150524,0.09224978777562348,1.5562518295645014,False,False,0.00046299416584577054,0.11682766123668593,0.0007781259147822507,0.0004568185633474987,0.11706636293365966,0.0015562518295645013,0.00044446735835095507,0.11757321502259489,0.0031125036591290027
15,252,2017-10-10T00:00:00,2018-10-09T00:00:00,2018-10-10T00:00:00,2019-04-11T00:00:00,29,3,Cboe Volatility Index | CAD-JPY X-RATE | U.S. Corporate High Yield,structured_q0,,unconstrained,6.813368701180418e-06,7.472063113153479e-05,0.13722098616883194,10.96676760184568,-0.9298562884890735,1.8096160697234112,0.06725020404764821,0.6128542424904924,False,False,0.0005300131242179947,0.13726241183872145,0.00030642712124524617,0.0005275811629382707,0.13730519273771602,0.0006128542424904923,0.0005227172403788222,0.13739481511915236,0.0012257084849809847
15,252,2017-10-10T00:00:00,2018-10-09T00:00:00,2018-10-10T00:00:00,2019-04-11T00:00:00,29,3,Cboe Volatility Index | CAD-JPY X-RATE | U.S. Corporate High Yield,residual_aware_qr,0.5,unconstrained,1.3956046761084054e-05,5.4671733158845475e-05,0.11737664484908852,3.917422612203886,-7.262175071833559,2.5814411499748955,0.07791892008586905,2.5136606831667514,False,False,0.00028726637469462233,0.11776573068517329,0.0012568303415833757,0.0002772915307138018,0.11818027069535157,0.0025136606831667515,0.000257341842752161,0.11908463363232251,0.005027321366333503
16,252,2018-04-12T00:00:00,2019-04-11T00:00:00,2019-04-12T00:00:00,2019-10-11T00:00:00,30,2,Cboe Volatility Index | CAC 40 INDEX,equal_weight,,unconstrained,8.239210731150908e-05,8.384056268786222e-05,0.14535412549130236,1.0175800258497674,-8.386440884841264,1.0000000000000002,0.006666666666666667,0.12274177400052813,False,False,0.00013300942276844215,0.14534861195980492,6.137088700026407e-05,0.00013252235223669398,0.14534315004665924,0.00012274177400052814,0.00013154821117319774,0.14533238109864732,0.00024548354800105627
16,252,2018-04-12T00:00:00,2019-04-11T00:00:00,2019-04-12T00:00:00,2019-10-11T00:00:00,30,2,Cboe Volatility Index | CAC 40 INDEX,sample_covariance,,unconstrained,1.0448953100133361e-05,8.647271483685194e-05,0.14761817008378977,8.275730018900006,-3.1932787474774003,6.177541109745733,0.1656474072940788,8.081380073958538,False,False,0.0010801054616756027,0.1469703385683365,0.004040690036979269,0.0010480364931281484,0.14654264022050376,0.008081380073958538,0.0009838985560332396,0.14635436953608325,0.016162760147917076
16,252,2018-04-12T00:00:00,2019-04-11T00:00:00,2019-04-12T00:00:00,2019-10-11T00:00:00,30,2,Cboe Volatility Index | CAC 40 INDEX,ridge_10pct,,unconstrained,1.6397664864380486e-05,5.150022682438844e-05,0.11392127615044473,3.1407049266056672,-7.877666692984611,3.4167635706885946,0.11377838497287714,3.328877064459123,False,False,0.0009098341226903648,0.11363804043274774,0.0016644385322295613,0.0008966242930694954,0.11340296614089958,0.0033288770644591226,0.0008702046338277562,0.11307844175351583,0.006657754128918245
16,252,2018-04-12T00:00:00,2019-04-11T00:00:00,2019-04-12T00:00:00,2019-10-11T00:00:00,30,2,Cboe Volatility Index | CAC 40 INDEX,ledoit_wolf,,unconstrained,1.541330077505061e-05,5.408477113953289e-05,0.11674485996035239,3.5089674774321855,-7.5713122571836395,3.6862442529364334,0.12132973117506521,3.4459105304599578,False,False,0.0009374544497131411,0.11644460616279355,0.0017229552652299788,0.0009237802015763952,0.11619468396203773,0.0034459105304599576,0.0008964317053029035,0.11584707174740805,0.006891821060919915
16,252,2018-04-12T00:00:00,2019-04-11T00:00:00,2019-04-12T00:00:00,2019-10-11T00:00:00,30,2,Cboe Volatility Index | CAC 40 INDEX,oas_shrinkage,,unconstrained,1.4280289457304712e-05,5.7928214323920365e-05,0.12082181098472218,4.056515415679385,-7.100114915459509,4.064052166656317,0.13008214002368407,3.9310056234602646,False,False,0.0009650632298446861,0.12047463999898328,0.0019655028117301324,0.0009494640011801612,0.12019076737151237,0.003931005623460265,0.0009182655438511114,0.11981461652872226,0.00786201124692053
16,252,2018-04-12T00:00:00,2019-04-11T00:00:00,2019-04-12T00:00:00,2019-10-11T00:00:00,30,2,Cboe Volatility Index | CAC 40 INDEX,nonlinear_shrinkage_qis,,unconstrained,1.8664219003877228e-05,4.763517967670608e-05,0.10956306530272841,2.552219284761422,-8.33668300452571,2.848233849186645,0.09260400330393201,2.8054756575034347,False,False,0.0008536258293269664,0.10933874249742676,0.0014027378287517172,0.0008424929894162384,0.10915001895085544,0.0028054756575034345,0.0008202273095947826,0.10888007517481628,0.005610951315006869
16,252,2018-04-12T00:00:00,2019-04-11T00:00:00,2019-04-12T00:00:00,2019-10-11T00:00:00,30,2,Cboe Volatility Index | CAC 40 INDEX,pca_matched,,unconstrained,9.009115452686322e-06,9.48871627059891e-05,0.15463364770291507,10.532350618028302,-1.0849230470877878,2.2070273684267527,0.07313980128433456,1.3688394396863706,False,False,0.0011426969240817166,0.15465125905843938,0.0006844197198431853,0.0011372650215432788,0.15467492549286527,0.0013688394396863706,0.0011264012164664025,0.15474041177463682,0.002737678879372741
16,252,2018-04-12T00:00:00,2019-04-11T00:00:00,2019-04-12T00:00:00,2019-10-11T00:00:00,30,2,Cboe Volatility Index | CAC 40 INDEX,pca_plus_two,,unconstrained,1.5322081120207617e-05,4.924848927498366e-05,0.11140295910475576,3.214216716946629,-7.8719988425754845,2.671333539586975,0.09274987170931819,2.3746441524240054,False,False,0.0008202719356131199,0.11123524266449848,0.0011873220762120028,0.0008108487445320723,0.11109265528744233,0.0023746441524240057,0.0007920023623699769,0.11088323840750532,0.004749288304848011
16,252,2018-04-12T00:00:00,2019-04-11T00:00:00,2019-04-12T00:00:00,2019-10-11T00:00:00,30,2,Cboe Volatility Index | CAC 40 INDEX,poet_soft_c0_5,,unconstrained,1.6701421292618794e-05,5.8835828256819976e-05,0.12176464478952269,3.5228036719738647,-7.4772130628466815,2.8069215612418366,0.08464732242072928,2.317892546461214,False,False,0.0009519055025022212,0.12166563510614377,0.001158946273230607,0.0009427075162067402,0.12158864024529985,0.002317892546461214,0.0009243115436157782,0.12150085043369462,0.004635785092922428
16,252,2018-04-12T00:00:00,2019-04-11T00:00:00,2019-04-12T00:00:00,2019-10-11T00:00:00,30,2,Cboe Volatility Index | CAC 40 INDEX,structured_q0,,unconstrained,6.371843504598958e-06,4.986828600280054e-05,0.11210177551094244,7.826351348209899,-4.137270377863953,1.6978457490515249,0.06063671129942423,0.8393696758770675,False,False,0.0007150555992053952,0.11207364948230872,0.00041968483793853375,0.0007117247671582641,0.11204866034591329,0.0008393696758770675,0.0007050631030640016,0.11200810088441404,0.001678739351754135
16,252,2018-04-12T00:00:00,2019-04-11T00:00:00,2019-04-12T00:00:00,2019-10-11T00:00:00,30,2,Cboe Volatility Index | CAC 40 INDEX,residual_aware_qr,0.25,unconstrained,1.3813393296517452e-05,4.112538980792925e-05,0.10180175947201586,2.977211241664822,-8.212660666061655,1.9004064419121447,0.06950155917672704,1.8446970759856662,False,False,0.0007076940073146768,0.10169466314338318,0.000922348537992833,0.0007003737808226701,0.10160420118969656,0.001844697075985666,0.0006857333278386569,0.10147335017827634,0.003689394151971332
17,252,2018-10-10T00:00:00,2019-10-11T00:00:00,2019-10-14T00:00:00,2020-04-14T00:00:00,31,2,Cboe Volatility Index | AUD-JPY X-RATE,equal_weight,,unconstrained,0.00011036601999079542,0.0008262767989007596,0.4563132184399126,7.486695623976216,-1.6250126374605554,1.0000000000000002,0.006666666666666667,0.12521782396242814,False,False,-0.0005169884825836784,0.4563138920795901,6.260891198121408e-05,-0.0005174853787105134,0.45631458289885896,0.00012521782396242816,-0.0005184791709641835,0.45631601607585687,0.0002504356479248563
17,252,2018-10-10T00:00:00,2019-10-11T00:00:00,2019-10-14T00:00:00,2020-04-14T00:00:00,31,2,Cboe Volatility Index | AUD-JPY X-RATE,sample_covariance,,unconstrained,1.23009011999327e-05,0.000480419593906336,0.3479450210369401,39.055642029623364,27.749803999640683,7.461452365431741,0.35903523489924216,7.8928553971921565,False,False,-0.0020966730113276943,0.3482320917249373,0.003946427698596078,-0.002127993866078457,0.34860828865099375,0.007892855397192157,-0.002190635575579982,0.34962684226648905,0.015785710794384313
17,252,2018-10-10T00:00:00,2019-10-11T00:00:00,2019-10-14T00:00:00,2020-04-14T00:00:00,31,2,Cboe Volatility Index | AUD-JPY X-RATE,ridge_10pct,,unconstrained,2.1345889629761747e-05,0.0004823980497498554,0.3486607355825482,22.599107280928994,11.844455920908214,3.570249296787384,0.12064358459066254,2.6608948729441853,False,False,-0.0017675931774469517,0.3487109927867952,0.0013304474364720926,-0.0017781522840856195,0.3487713933298801,0.0026608948729441853,-0.0017992704973629542,0.3489226024774947,0.0053217897458883705
17,252,2018-10-10T00:00:00,2019-10-11T00:00:00,2019-10-14T00:00:00,2020-04-14T00:00:00,31,2,Cboe Volatility Index | AUD-JPY X-RATE,ledoit_wolf,,unconstrained,1.851811742501238e-05,0.00045813629565594574,0.339779850057796,24.73989580804483,13.843134823214529,4.331000048100156,0.14893782125323507,3.4120073500077006,False,False,-0.001832356865571643,0.3398582094089115,0.0017060036750038503,-0.0018458965772780226,0.33995367374705815,0.0034120073500077007,-0.0018729760006907824,0.3401958572051844,0.006824014700015401
17,252,2018-10-10T00:00:00,2019-10-11T00:00:00,2019-10-14T00:00:00,2020-04-14T00:00:00,31,2,Cboe Volatility Index | AUD-JPY X-RATE,oas_shrinkage,,unconstrained,1.743403814695592e-05,0.00045089865095167676,0.3370852415040186,25.863121736395087,14.906035689096036,4.711627449744382,0.16924184319967203,3.8814374024122866,False,False,-0.0018560437932721235,0.337182004213488,0.0019407187012061434,-0.0018714463226467753,0.3373010724076275,0.003881437402412287,-0.0019022513813960794,0.33760602642737875,0.007762874804824574
17,252,2018-10-10T00:00:00,2019-10-11T00:00:00,2019-10-14T00:00:00,2020-04-14T00:00:00,31,2,Cboe Volatility Index | AUD-JPY X-RATE,nonlinear_shrinkage_qis,,unconstrained,2.383886067343292e-05,0.0005067334060655814,0.3573469159353786,21.256611757050432,10.612418249597383,3.1258628088310623,0.11285891357640697,2.258682710359925,False,False,-0.0017691025742780605,0.35738440791674075,0.0011293413551799623,-0.0017780656009064727,0.35742903262474124,0.0022586827103599247,-0.001795991654163298,0.3575396691109036,0.004517365420719849
17,252,2018-10-10T00:00:00,2019-10-11T00:00:00,2019-10-14T00:00:00,2020-04-14T00:00:00,31,2,Cboe Volatility Index | AUD-JPY X-RATE,pca_matched,,unconstrained,9.648074408866877e-06,0.0007925187832686528,0.4468945439180261,82.14268979313673,70.59393758748936,2.347726744798604,0.0811599367650823,1.9955706892131844,False,False,-0.001786067749167329,0.4469161577152155,0.0009977853446065921,-0.0017939866804737305,0.4469422255421138,0.0019955706892131842,-0.0018098245430865337,0.44700772003498723,0.0039911413784263685
17,252,2018-10-10T00:00:00,2019-10-11T00:00:00,2019-10-14T00:00:00,2020-04-14T00:00:00,31,2,Cboe Volatility Index | AUD-JPY X-RATE,pca_plus_two,,unconstrained,2.068344423139885e-05,0.0006399972278904188,0.40159594299293605,30.942488143191365,20.156311169906694,2.9881834486482197,0.14085048265352498,2.391824370514465,False,False,-0.0014679356019110107,0.4016423335398063,0.0011959121852572324,-0.0014774269684606717,0.4016958396324709,0.002391824370514465,-0.0014964097015599926,0.4018241867072756,0.00478364874102893
17,252,2018-10-10T00:00:00,2019-10-11T00:00:00,2019-10-14T00:00:00,2020-04-14T00:00:00,31,2,Cboe Volatility Index | AUD-JPY X-RATE,poet_soft_c0_5,,unconstrained,1.9031231156262024e-05,0.0004759540260230402,0.34632414665715433,25.00910330577497,14.139674122573226,2.7335749003573575,0.11966457045337434,2.1707113269883553,False,False,-0.0014596582498209443,0.3463554144163511,0.0010853556634941777,-0.0014682721836581996,0.34639348091571176,0.0021707113269883553,-0.0014855000513327105,0.34649000077153963,0.004341422653976711
17,252,2018-10-10T00:00:00,2019-10-11T00:00:00,2019-10-14T00:00:00,2020-04-14T00:00:00,31,2,Cboe Volatility Index | AUD-JPY X-RATE,structured_q0,,unconstrained,8.598900826219311e-06,0.0007103589987148329,0.42309628653078235,82.61044208683556,70.94656591305751,1.9050025328900384,0.07453130724885579,0.6779110322466071,False,False,-0.00045291279514565855,0.42310183361887954,0.00033895551612330354,-0.0004556029182894946,0.42310792371515066,0.0006779110322466071,-0.0004609831645771658,0.4231217328363364,0.0013558220644932142
17,252,2018-10-10T00:00:00,2019-10-11T00:00:00,2019-10-14T00:00:00,2020-04-14T00:00:00,31,2,Cboe Volatility Index | AUD-JPY X-RATE,residual_aware_qr,0.25,unconstrained,1.8099170226702902e-05,0.0005838092841532748,0.3835621717617957,32.25613532779212,21.3364908632202,2.1204956222851363,0.08328586214124883,1.1157631758616202,False,False,-0.001086130813499536,0.3835742504765387,0.00055788158793081,-0.0010905584451497805,0.38358795155494146,0.00111576317586162,-0.0010994137084502692,0.3836202200868269,0.00223152635172324
18,252,2019-04-12T00:00:00,2020-04-14T00:00:00,2020-04-15T00:00:00,2020-10-12T00:00:00,32,2,Cboe Volatility Index | AUD-JPY X-RATE,equal_weight,,unconstrained,0.00045335173992955757,0.0002933312206001227,0.2718813483695248,0.6470278919536097,-7.051814373987158,1.0000000000000002,0.006666666666666667,0.21583299747602547,False,False,0.002118528176675352,0.27191002071599313,0.00010791649873801275,0.0021176716965266374,0.27193877569077096,0.0002158329974760255,0.002115958736229209,0.2719965334203566,0.000431665994952051
18,252,2019-04-12T00:00:00,2020-04-14T00:00:00,2020-04-15T00:00:00,2020-10-12T00:00:00,32,2,Cboe Volatility Index | AUD-JPY X-RATE,sample_covariance,,unconstrained,2.0119739742646758e-05,0.0002592736573335466,0.2556109576056037,12.886531369189525,2.0727222211170027,9.52895938135185,0.30374055145918405,10.40891232813826,False,False,0.0004948888342689886,0.25534814515168963,0.0052044561640691295,0.00045358362661764636,0.2552973448209319,0.010408912328138259,0.00037097321131496165,0.2558317586239078,0.020817824656276518
18,252,2019-04-12T00:00:00,2020-04-14T00:00:00,2020-04-15T00:00:00,2020-10-12T00:00:00,32,2,Cboe Volatility Index | AUD-JPY X-RATE,ridge_10pct,,unconstrained,5.064032829642606e-05,9.494893007551537e-05,0.15468396936667314,1.874966716639876,-8.015795580562688,4.210569195031505,0.14306777998211553,4.32511383198807,False,False,0.0009942646883465433,0.15466979031728367,0.0021625569159940353,0.0009771015382196067,0.15471607642457447,0.004325113831988071,0.0009427752379657329,0.15498975665520057,0.008650227663976141
18,252,2019-04-12T00:00:00,2020-04-14T00:00:00,2020-04-15T00:00:00,2020-10-12T00:00:00,32,2,Cboe Volatility Index | AUD-JPY X-RATE,ledoit_wolf,,unconstrained,5.047008448810139e-05,9.493051234556228e-05,0.15466896621844245,1.8809263608017677,-8.013203422785555,4.208570357985195,0.14301604547878516,4.759724300084022,False,False,0.0009929303563120523,0.15465693085204485,0.0023798621500420113,0.0009740425614704491,0.15471812558804948,0.004759724300084023,0.0009362669717872424,0.15505975480932652,0.009519448600168045
18,252,2019-04-12T00:00:00,2020-04-14T00:00:00,2020-04-15T00:00:00,2020-10-12T00:00:00,32,2,Cboe Volatility Index | AUD-JPY X-RATE,oas_shrinkage,,unconstrained,3.0300164132192614e-05,0.00013596799192595085,0.1851051970241236,4.487368165160886,-5.916989263398689,6.291677401866126,0.18469923729587498,6.197887074183215,False,False,0.0006573042637507685,0.1849255169921599,0.003098943537091607,0.0006327094737738508,0.1848495969930147,0.006197887074183214,0.0005835198938200158,0.1850093734607995,0.012395774148366429
18,252,2019-04-12T00:00:00,2020-04-14T00:00:00,2020-04-15T00:00:00,2020-10-12T00:00:00,32,2,Cboe Volatility Index | AUD-JPY X-RATE,nonlinear_shrinkage_qis,,unconstrained,4.604995504894253e-05,0.00010076313204091189,0.15934964472602314,2.188126610195807,-7.797657161203512,4.629488524395427,0.14132997651783016,4.400251419544064,False,False,0.0009751151441135891,0.1593447293299906,0.0022001257097720318,0.0009576538289566682,0.1594005598131366,0.0044002514195440635,0.0009227311986428265,0.15969413424854928,0.008800502839088127
18,252,2019-04-12T00:00:00,2020-04-14T00:00:00,2020-04-15T00:00:00,2020-10-12T00:00:00,32,2,Cboe Volatility Index | AUD-JPY X-RATE,pca_matched,,unconstrained,3.614154856308103e-05,0.0001587942785725091,0.2000403914220133,4.393676665385587,-5.834390759326481,3.3257300577629687,0.12180970792012735,4.504238956544763,False,False,0.0016734042308843133,0.19981900420833174,0.0022521194782723817,0.0016555302667710405,0.1996481877050828,0.004504238956544763,0.0016197823385444947,0.199458748070588,0.009008477913089527
18,252,2019-04-12T00:00:00,2020-04-14T00:00:00,2020-04-15T00:00:00,2020-10-12T00:00:00,32,2,Cboe Volatility Index | AUD-JPY X-RATE,pca_plus_two,,unconstrained,3.424346145813482e-05,0.0001646653757990269,0.20370487157001124,4.808666203337609,-5.473348714475195,3.3465423260531955,0.12326550180247825,4.462156712165659,False,False,0.0017464210633136934,0.20346145193534135,0.0022310783560828295,0.001728714092233671,0.20326672376078575,0.004462156712165659,0.001693300150073626,0.20302386718223078,0.008924313424331318
18,252,2019-04-12T00:00:00,2020-04-14T00:00:00,2020-04-15T00:00:00,2020-10-12T00:00:00,32,2,Cboe Volatility Index | AUD-JPY X-RATE,poet_soft_c0_5,,unconstrained,4.1240337725161935e-05,0.00011170537692265284,0.16777888718342518,2.7086436019775397,-7.3874501076095775,3.767291269271845,0.1281938927776966,3.9844922494520763,False,False,0.0012210992516917738,0.16769257689171627,0.001992246124726038,0.0012052877745114083,0.16765357700671277,0.003984492249452076,0.0011736648201506777,0.16771760043515646,0.007968984498904153
18,252,2019-04-12T00:00:00,2020-04-14T00:00:00,2020-04-15T00:00:00,2020-10-12T00:00:00,32,2,Cboe Volatility Index | AUD-JPY X-RATE,structured_q0,,unconstrained,4.0262538662171395e-05,8.86867063985107e-05,0.14949598660975716,2.2027102449413145,-7.917378838113477,2.389852792660305,0.0876620581613763,1.8214208951306006,False,False,2.9561688410538986e-05,0.1495785496864597,0.0009107104475653003,2.233382771557629e-05,0.1496721504297373,0.0018214208951306005,7.878106325650903e-06,0.14989237976764536,0.003642841790261201
18,252,2019-04-12T00:00:00,2020-04-14T00:00:00,2020-04-15T00:00:00,2020-10-12T00:00:00,32,2,Cboe Volatility Index | AUD-JPY X-RATE,residual_aware_qr,0.5,unconstrained,5.945534063628772e-05,7.774432777075678e-05,0.13996989175615843,1.3076088193043947,-8.42267628547403,3.112700220417066,0.16863296174609962,3.097613986775017,False,False,0.0008833280452575043,0.13995368014134946,0.0015488069933875085,0.0008710359262623653,0.13997174637902698,0.003097613986775017,0.0008464516882720875,0.14011063421526163,0.006195227973550034
19,252,2019-10-14T00:00:00,2020-10-12T00:00:00,2020-10-13T00:00:00,2021-04-19T00:00:00,33,2,Cboe Volatility Index | AUD-JPY X-RATE,equal_weight,,unconstrained,0.0005593175959462683,0.00010946375122190088,0.1660869209417738,0.19570947171205513,-7.293083624261108,1.0000000000000002,0.006666666666666667,0.17325967818776156,False,False,0.001816924677472895,0.16609961323548764,8.662983909388078e-05,0.001816237139067388,0.1661123949166775,0.00017325967818776155,0.0018148620622563739,0.16613822635881775,0.0003465193563755231
19,252,2019-10-14T00:00:00,2020-10-12T00:00:00,2020-10-13T00:00:00,2021-04-19T00:00:00,33,2,Cboe Volatility Index | AUD-JPY X-RATE,sample_covariance,,unconstrained,2.3905311950161028e-05,0.00017247056023901897,0.20847681209245497,7.214737904219535,-3.426671962173862,9.381686275683482,0.2868861112463403,11.004743611819817,False,False,0.0001347949711722851,0.20857930055299628,0.005502371805909909,9.112535366506366e-05,0.2089717024864453,0.011004743611819818,3.7861186506206347e-06,0.210618568098308,0.022009487223639636
19,252,2019-10-14T00:00:00,2020-10-12T00:00:00,2020-10-13T00:00:00,2021-04-19T00:00:00,33,2,Cboe Volatility Index | AUD-JPY X-RATE,ridge_10pct,,unconstrained,6.293167653557875e-05,8.499670464064485e-05,0.1463528939564999,1.3506187872269941,-8.322842132276039,4.171565846508598,0.13490951177491686,2.866843990523005,False,False,-0.00020850763810494,0.1463540007290384,0.0014334219952615026,-0.00021988400314669796,0.1463831830635413,0.002866843990523005,-0.00024263673323021386,0.14652569118093248,0.00573368798104601
19,252,2019-10-14T00:00:00,2020-10-12T00:00:00,2020-10-13T00:00:00,2021-04-19T00:00:00,33,2,Cboe Volatility Index | AUD-JPY X-RATE,ledoit_wolf,,unconstrained,5.469143603498864e-05,9.003168687843776e-05,0.15062531358761155,1.6461752224030162,-8.16762820082215,4.684010103162171,0.14731623359691043,3.1256686832945073,False,False,-0.0002091626498036863,0.15062957983462247,0.0015628343416472536,-0.000221566096959617,0.15066627145337208,0.003125668683294507,-0.00024637299127147817,0.15083681524358364,0.006251337366589014
19,252,2019-10-14T00:00:00,2020-10-12T00:00:00,2020-10-13T00:00:00,2021-04-19T00:00:00,33,2,Cboe Volatility Index | AUD-JPY X-RATE,oas_shrinkage,,unconstrained,3.7532247282623915e-05,0.00010920091822163857,0.16588740576623928,2.909522507387792,-7.280787559589334,6.226079567811736,0.17862770481366597,5.750923996290323,False,False,-0.00015379171609695825,0.1659306133235346,0.0028754619981451617,-0.0001766128430663644,0.16607341331714381,0.0057509239962903235,-0.00022225509700517655,0.16665658803961297,0.011501847992580647
19,252,2019-10-14T00:00:00,2020-10-12T00:00:00,2020-10-13T00:00:00,2021-04-19T00:00:00,33,2,Cboe Volatility Index | AUD-JPY X-RATE,nonlinear_shrinkage_qis,,unconstrained,5.727086706573187e-05,8.760093025797886e-05,0.14857804153040474,1.529589732899208,-8.23812875881002,4.452082696452761,0.13883099959383358,3.351767430156225,False,False,-0.00018312763611398635,0.14856953174934961,0.0016758837150781126,-0.0001964283005193683,0.14859882721050388,0.003351767430156225,-0.00022302962933013192,0.14877071570469483,0.00670353486031245
19,252,2019-10-14T00:00:00,2020-10-12T00:00:00,2020-10-13T00:00:00,2021-04-19T00:00:00,33,2,Cboe Volatility Index | AUD-JPY X-RATE,pca_matched,,unconstrained,4.661114498412822e-05,9.302563570972615e-05,0.15310930800853026,1.9957809605707553,-7.977889922107238,3.4164013006533382,0.1176447212330652,1.1225475774723006,False,False,-2.0929746981297698e-05,0.1530481357723636,0.0005612737887361502,-2.5384300860156117e-05,0.1529910573890003,0.0011225475774723004,-3.429340861787273e-05,0.15288920019220625,0.002245095154944601
19,252,2019-10-14T00:00:00,2020-10-12T00:00:00,2020-10-13T00:00:00,2021-04-19T00:00:00,33,2,Cboe Volatility Index | AUD-JPY X-RATE,pca_plus_two,,unconstrained,4.5283436484117154e-05,9.675202066934286e-05,0.15614579471978873,2.136587418741463,-7.865981814123835,3.53162898004837,0.11393155257485608,1.656759397982679,False,False,-1.017733510732393e-05,0.15610242082104836,0.0008283796989913395,-1.6751777162810766e-05,0.1560678288931186,0.001656759397982679,-2.9900661273784447e-05,0.1560250128311493,0.003313518795965358
19,252,2019-10-14T00:00:00,2020-10-12T00:00:00,2020-10-13T00:00:00,2021-04-19T00:00:00,33,2,Cboe Volatility Index | AUD-JPY X-RATE,poet_soft_c0_5,,unconstrained,5.22132714391793e-05,7.518973839630345e-05,0.13765105911640663,1.4400503229124098,-8.420123530347453,3.771117229316166,0.12698385463135645,1.9361504603912558,False,False,-0.00014568858869037942,0.13758316182149605,0.0009680752301956278,-0.00015337172543796376,0.13752886037605613,0.0019361504603912557,-0.00016873799893313241,0.13746110544887266,0.0038723009207825114
19,252,2019-10-14T00:00:00,2020-10-12T00:00:00,2020-10-13T00:00:00,2021-04-19T00:00:00,33,2,Cboe Volatility Index | AUD-JPY X-RATE,structured_q0,,unconstrained,4.485993863987434e-05,9.651268361863293e-05,0.15595254493561655,2.151422550829046,-7.86054284585787,2.2827476981209296,0.09752029718137578,1.0993669478762795,False,False,-0.0008596245625333809,0.1559281268085589,0.0005496834739381397,-0.0008639871297868581,0.15590758094410495,0.0010993669478762795,-0.0008727122642938128,0.15587811183913572,0.002198733895752559
19,252,2019-10-14T00:00:00,2020-10-12T00:00:00,2020-10-13T00:00:00,2021-04-19T00:00:00,33,2,Cboe Volatility Index | AUD-JPY X-RATE,residual_aware_qr,0.1,unconstrained,5.690525812160343e-05,8.328893905979093e-05,0.14487516227106464,1.4636422328813097,-8.310480578350202,2.367653256647145,0.10076071362324172,2.082636216113091,False,False,-0.0005883804657070418,0.1448218332501298,0.0010413181080565455,-0.0005966448951360619,0.14478346418841528,0.002082636216113091,-0.0006131737539941023,0.14475164888927383,0.004165272432226182
20,252,2020-04-15T00:00:00,2021-04-19T00:00:00,2021-04-20T00:00:00,2021-10-21T00:00:00,34,3,Cboe Volatility Index | AUD-JPY X-RATE | US Generic Govt 5 Yr,equal_weight,,unconstrained,0.00020061796284437473,6.321652843073179e-05,0.12621634269992302,0.3151090138412517,-8.198999127019036,1.0000000000000002,0.006666666666666667,0.1820051637534928,False,False,0.0008075546586846496,0.12622900256620384,9.100258187674639e-05,0.0008068324159713421,0.12624179236311805,0.00018200516375349278,0.0008053879305447272,0.12626776159051575,0.00036401032750698557
20,252,2020-04-15T00:00:00,2021-04-19T00:00:00,2021-04-20T00:00:00,2021-10-21T00:00:00,34,3,Cboe Volatility Index | AUD-JPY X-RATE | US Generic Govt 5 Yr,sample_covariance,,unconstrained,1.588031279409127e-05,8.080963999205469e-05,0.1427025902988372,5.088668028133694,-5.96176237684467,7.75629418064431,0.2293551241334248,10.3095414543917,False,False,0.0011353924681831308,0.1426054053946377,0.00515477072719585,0.001094481589395862,0.14288058182461302,0.0103095414543917,0.0010126598318213247,0.14453663420420926,0.0206190829087834
20,252,2020-04-15T00:00:00,2021-04-19T00:00:00,2021-04-20T00:00:00,2021-10-21T00:00:00,34,3,Cboe Volatility Index | AUD-JPY X-RATE | US Generic Govt 5 Yr,ridge_10pct,,unconstrained,3.233713801263789e-05,3.517812865911865e-05,0.09415353642905772,1.0878553521146632,-9.25143885244301,3.4493317286939993,0.09754622378744887,4.319168305019309,False,False,0.00041171502780316374,0.09386649707746744,0.0021595841525096546,0.00039457547103721415,0.0936782009858088,0.004319168305019309,0.00036029635750531476,0.09359990981387538,0.008638336610038619
20,252,2020-04-15T00:00:00,2021-04-19T00:00:00,2021-04-20T00:00:00,2021-10-21T00:00:00,34,3,Cboe Volatility Index | AUD-JPY X-RATE | US Generic Govt 5 Yr,ledoit_wolf,,unconstrained,2.741230492575495e-05,4.2870185985738245e-05,0.10393886120410421,1.5639030027518774,-8.940615557745241,4.316033899697638,0.1096185130768467,5.003512620311014,False,False,0.0006017244410119702,0.1036566628198101,0.002501756310155507,0.0005818692322012123,0.1034947137008223,0.005003512620311014,0.0005421588145796963,0.1035334014402635,0.010007025240622029
20,252,2020-04-15T00:00:00,2021-04-19T00:00:00,2021-04-20T00:00:00,2021-10-21T00:00:00,34,3,Cboe Volatility Index | AUD-JPY X-RATE | US Generic Govt 5 Yr,oas_shrinkage,,unconstrained,2.4055003276210665e-05,5.018608203937963e-05,0.11245840419427829,2.086305350413793,-8.548862196202412,5.023154398329765,0.12434814609286966,6.444067665326828,False,False,0.000745483251126989,0.11216470737956692,0.0032220338326634144,0.0007199115540423586,0.11205568480554386,0.006444067665326829,0.0006687681598730982,0.11239290170138132,0.012888135330653657
20,252,2020-04-15T00:00:00,2021-04-19T00:00:00,2021-04-20T00:00:00,2021-10-21T00:00:00,34,3,Cboe Volatility Index | AUD-JPY X-RATE | US Generic Govt 5 Yr,nonlinear_shrinkage_qis,,unconstrained,3.3816289850482364e-05,3.238318344484379e-05,0.09033583025633093,0.957620826767957,-9.336947096567972,3.14124259341383,0.0868228202318476,4.465739498256719,False,False,0.00027604865821528136,0.09002793746930644,0.0022328697491283593,0.0002583274697301357,0.08983005984146039,0.004465739498256719,0.00022288509275984422,0.08976685574979909,0.008931478996513437
20,252,2020-04-15T00:00:00,2021-04-19T00:00:00,2021-04-20T00:00:00,2021-10-21T00:00:00,34,3,Cboe Volatility Index | AUD-JPY X-RATE | US Generic Govt 5 Yr,pca_matched,,unconstrained,1.3605208051956788e-05,7.109780942358293e-05,0.1338530835458896,5.225778918783766,-5.979278974746401,2.2886122648805842,0.09590228269915564,3.833909727781552,False,False,-0.00018021414705778426,0.13323489886469184,0.001916954863890776,-0.00019542807454898102,0.1326692407456498,0.003833909727781552,-0.0002258559295313743,0.13169814866016372,0.007667819455563104
20,252,2020-04-15T00:00:00,2021-04-19T00:00:00,2021-04-20T00:00:00,2021-10-21T00:00:00,34,3,Cboe Volatility Index | AUD-JPY X-RATE | US Generic Govt 5 Yr,pca_plus_two,,unconstrained,2.0397662333207287e-05,4.436106355417959e-05,0.1057307335435315,2.17481115382325,-8.62527910136641,2.5696625264961757,0.11765428621706352,3.6982894128244377,False,False,-0.00019825138120681068,0.10524681112385476,0.0018491447064122187,-0.00021292713284500286,0.10482591202755388,0.0036982894128244374,-0.00024227863612138727,0.10417612503586272,0.007396578825648875
20,252,2020-04-15T00:00:00,2021-04-19T00:00:00,2021-04-20T00:00:00,2021-10-21T00:00:00,34,3,Cboe Volatility Index | AUD-JPY X-RATE | US Generic Govt 5 Yr,poet_soft_c0_5,,unconstrained,2.5872998491089176e-05,4.017541007269067e-05,0.10061910026589409,1.552792966247315,-9.009517696124709,2.7640482716335653,0.13094491503391825,4.065512027603068,False,False,0.0001979133446477339,0.10005597880444005,0.0020327560138015343,0.0001817803604112138,0.09957270127277679,0.0040655120276030686,0.00014951439193817354,0.09885016889911508,0.008131024055206137
20,252,2020-04-15T00:00:00,2021-04-19T00:00:00,2021-04-20T00:00:00,2021-10-21T00:00:00,34,3,Cboe Volatility Index | AUD-JPY X-RATE | US Generic Govt 5 Yr,structured_q0,,unconstrained,1.3873887794045421e-05,5.897362326007741e-05,0.1219071493454732,4.250691957115906,-6.93481010341649,1.839129199414946,0.09366597980826129,2.0027553202687836,False,False,-5.033511905199989e-05,0.1215805077810534,0.0010013776601343917,-5.828256079909822e-05,0.12126952507506134,0.0020027553202687834,-7.417744429329488e-05,0.12069501430388008,0.004005510640537567
20,252,2020-04-15T00:00:00,2021-04-19T00:00:00,2021-04-20T00:00:00,2021-10-21T00:00:00,34,3,Cboe Volatility Index | AUD-JPY X-RATE | US Generic Govt 5 Yr,residual_aware_qr,0.75,unconstrained,3.0587933108393894e-05,3.5470772846458757e-05,0.09454435338669151,1.1596328761659584,-9.23527209347652,3.310035302138508,0.14057971870569327,2.944961054382105,False,False,0.0005648877174732497,0.09430169634384575,0.0014724805271910525,0.0005532013640828444,0.09410450523199196,0.002944961054382105,0.0005298286573020341,0.09384760111508286,0.00588992210876421
21,252,2020-10-13T00:00:00,2021-10-21T00:00:00,2021-10-22T00:00:00,2022-04-25T00:00:00,35,4,BRAZIL IBOVESPA INDEX | Cboe Volatility Index | FTSE 100 INDEX | US Generic Govt 10 Yr,equal_weight,,unconstrained,8.625185934873982e-05,0.00013356377995717972,0.18346136527675053,1.5485321819805054,-7.809706762638115,1.0000000000000002,0.006666666666666667,0.13142326803656432,False,False,-1.3708992225830287e-05,0.18345810715022354,6.571163401828217e-05,-1.4230513130737312e-05,0.1834548960402853,0.00013142326803656433,-1.527355494055131e-05,0.18344861488001493,0.00026284653607312866
21,252,2020-10-13T00:00:00,2021-10-21T00:00:00,2021-10-22T00:00:00,2022-04-25T00:00:00,35,4,BRAZIL IBOVESPA INDEX | Cboe Volatility Index | FTSE 100 INDEX | US Generic Govt 10 Yr,sample_covariance,,unconstrained,8.601902306534697e-06,0.0001461742583225831,0.1919268430868672,16.993247901866706,5.329720721135395,7.045363559510589,0.1716154391024657,7.808556864429834,False,False,0.00097835602260702,0.19160804184961758,0.003904278432214917,0.0009473696858434096,0.19144801870456557,0.007808556864429834,0.0008853970123161888,0.19160550325013256,0.015617113728859667
21,252,2020-10-13T00:00:00,2021-10-21T00:00:00,2021-10-22T00:00:00,2022-04-25T00:00:00,35,4,BRAZIL IBOVESPA INDEX | Cboe Volatility Index | FTSE 100 INDEX | US Generic Govt 10 Yr,ridge_10pct,,unconstrained,1.611295478131927e-05,7.675607643487344e-05,0.13907742901559586,4.763625137449118,-6.272261827275377,3.3111148392749303,0.06824757141876815,3.0561274644529552,False,False,0.00023106163079064022,0.1389645524342374,0.0015280637322264777,0.00021893414085233492,0.1388852127477461,0.0030561274644529553,0.00019467916097572405,0.13882734975033276,0.006112254928905911
21,252,2020-10-13T00:00:00,2021-10-21T00:00:00,2021-10-22T00:00:00,2022-04-25T00:00:00,35,4,BRAZIL IBOVESPA INDEX | Cboe Volatility Index | FTSE 100 INDEX | US Generic Govt 10 Yr,ledoit_wolf,,unconstrained,1.6054036514835456e-05,7.67395154341565e-05,0.13906242443380396,4.780076048988794,-6.259474194767907,3.3095226987659867,0.06824839216847232,3.7504351951614767,False,False,0.00022814177800415994,0.13892859108358746,0.0018752175975807384,0.000213259098658281,0.13884529057799183,0.0037504351951614767,0.00018349373996652332,0.13883059676663123,0.007500870390322953
21,252,2020-10-13T00:00:00,2021-10-21T00:00:00,2021-10-22T00:00:00,2022-04-25T00:00:00,35,4,BRAZIL IBOVESPA INDEX | Cboe Volatility Index | FTSE 100 INDEX | US Generic Govt 10 Yr,oas_shrinkage,,unconstrained,1.346490207288845e-05,8.816736788502443e-05,0.1490576288119,6.547939777634865,-4.667484326807595,4.192673269532696,0.08902052568377473,4.558097019116648,False,False,0.0003509486185179466,0.14889161392380545,0.002279048509558324,0.00033286093193415033,0.14879524500158128,0.004558097019116648,0.000296685558766558,0.14881188849308294,0.009116194038233296
21,252,2020-10-13T00:00:00,2021-10-21T00:00:00,2021-10-22T00:00:00,2022-04-25T00:00:00,35,4,BRAZIL IBOVESPA INDEX | Cboe Volatility Index | FTSE 100 INDEX | US Generic Govt 10 Yr,nonlinear_shrinkage_qis,,unconstrained,1.747077817608596e-05,7.21543414098628e-05,0.1348439618050635,4.130001576496908,-6.824979314748126,2.890518628852945,0.06699369770987551,2.632781739349042,False,False,0.000277030203000563,0.13474608925532724,0.001316390869674521,0.00026658265641584455,0.1346738825593546,0.002632781739349042,0.0002456875632464077,0.13460661726187337,0.005265563478698084
21,252,2020-10-13T00:00:00,2021-10-21T00:00:00,2021-10-22T00:00:00,2022-04-25T00:00:00,35,4,BRAZIL IBOVESPA INDEX | Cboe Volatility Index | FTSE 100 INDEX | US Generic Govt 10 Yr,pca_matched,,unconstrained,1.3977537537990887e-05,7.386316049546374e-05,0.13643136166166803,5.2844186820964705,-5.893640296351538,2.542126101613117,0.09154937670401699,2.3512950690088714,False,False,0.0007752802633312595,0.13629462605050904,0.0011756475345044357,0.000765949727343129,0.13617805375368264,0.0023512950690088713,0.000747288655366868,0.1360055975224222,0.004702590138017743
21,252,2020-10-13T00:00:00,2021-10-21T00:00:00,2021-10-22T00:00:00,2022-04-25T00:00:00,35,4,BRAZIL IBOVESPA INDEX | Cboe Volatility Index | FTSE 100 INDEX | US Generic Govt 10 Yr,pca_plus_two,,unconstrained,1.35041305583945e-05,6.964516951893158e-05,0.13247861230693336,5.157323473567754,-6.055191478462101,2.6236445427358417,0.09084161270437116,1.9859871121286299,False,False,0.0008169089588056423,0.1323813421284728,0.000992993556064315,0.0008090280575670365,0.1322989074539556,0.00198598711212863,0.0007932662550898253,0.13217865064936926,0.00397197422425726
21,252,2020-10-13T00:00:00,2021-10-21T00:00:00,2021-10-22T00:00:00,2022-04-25T00:00:00,35,4,BRAZIL IBOVESPA INDEX | Cboe Volatility Index | FTSE 100 INDEX | US Generic Govt 10 Yr,poet_soft_c0_5,,unconstrained,1.648845258697175e-05,6.638901684941296e-05,0.1293446258877889,4.026394623705916,-6.9864556415702355,2.77103264131644,0.10696669844161273,2.608049667336637,False,False,0.0004879688271709249,0.12922479869573003,0.0013040248336683184,0.00047761942372911287,0.12913120023030503,0.0026080496673366368,0.0004569206168454888,0.12902290181225726,0.0052160993346732736
21,252,2020-10-13T00:00:00,2021-10-21T00:00:00,2021-10-22T00:00:00,2022-04-25T00:00:00,35,4,BRAZIL IBOVESPA INDEX | Cboe Volatility Index | FTSE 100 INDEX | US Generic Govt 10 Yr,structured_q0,,unconstrained,8.227780884482528e-06,8.208767891232809e-05,0.14382661466469507,9.976891711730465,-1.7311025052689484,1.6537436878192249,0.068471702116918,0.8694841689226744,False,False,0.000832288868736858,0.14378981768155039,0.0004347420844613373,0.0008288385347331965,0.1437556407748938,0.0008694841689226746,0.0008219378667258738,0.14369515452573187,0.0017389683378453492
21,252,2020-10-13T00:00:00,2021-10-21T00:00:00,2021-10-22T00:00:00,2022-04-25T00:00:00,35,4,BRAZIL IBOVESPA INDEX | Cboe Volatility Index | FTSE 100 INDEX | US Generic Govt 10 Yr,residual_aware_qr,0.5,unconstrained,1.690718425577099e-05,6.471240769823467e-05,0.12770092693459645,3.8275094610237157,-7.160262461450817,2.300562962654454,0.07300802252402058,2.663945616180322,False,False,0.0004712349270100329,0.12760935013451086,0.0013319728080901608,0.00046066371424741256,0.12754553049713344,0.0026639456161803216,0.0004395212887221719,0.12750131130548856,0.005327891232360643
22,252,2021-04-20T00:00:00,2022-04-25T00:00:00,2022-04-26T00:00:00,2022-10-26T00:00:00,36,4,BRAZIL IBOVESPA INDEX | Cboe Volatility Index | FTSE 100 INDEX | US Generic Govt 10 Yr,equal_weight,,unconstrained,9.816753459193086e-05,0.00027550965190943036,0.26349275565217434,2.8065251211073665,-6.422309881128513,1.0000000000000002,0.006666666666666667,0.17405373931835363,False,False,-0.0007269006412360873,0.26350976597843107,8.702686965917682e-05,-0.0007275913306778267,0.26352683268605254,0.00017405373931835363,-0.0007289727095613058,0.2635611352015424,0.00034810747863670726
22,252,2021-04-20T00:00:00,2022-04-25T00:00:00,2022-04-26T00:00:00,2022-10-26T00:00:00,36,4,BRAZIL IBOVESPA INDEX | Cboe Volatility Index | FTSE 100 INDEX | US Generic Govt 10 Yr,sample_covariance,,unconstrained,1.2146801795458214e-05,0.00019933461500181078,0.22412568567760438,16.410460824045355,5.092016174506149,7.772736304181898,0.20870921636976497,9.31060154978502,False,False,0.00011063367279782214,0.22522061304683894,0.00465530077489251,7.368684125105628e-05,0.22650168521039854,0.00931060154978502,-2.0682184247569183e-07,0.22960934874416594,0.01862120309957004
22,252,2021-04-20T00:00:00,2022-04-25T00:00:00,2022-04-26T00:00:00,2022-10-26T00:00:00,36,4,BRAZIL IBOVESPA INDEX | Cboe Volatility Index | FTSE 100 INDEX | US Generic Govt 10 Yr,ridge_10pct,,unconstrained,2.0481930238692553e-05,0.00014645690281379022,0.1921123096240195,7.150542019575748,-3.645425492722306,3.2611797365766675,0.10975404282056302,3.6762207014726638,False,False,-0.0003590298865759889,0.19252471624726214,0.0018381103507363321,-0.0003736180639627852,0.192971261647294,0.0036762207014726643,-0.00040279441873637765,0.19396580762857513,0.0073524414029453285
22,252,2021-04-20T00:00:00,2022-04-25T00:00:00,2022-04-26T00:00:00,2022-10-26T00:00:00,36,4,BRAZIL IBOVESPA INDEX | Cboe Volatility Index | FTSE 100 INDEX | US Generic Govt 10 Yr,ledoit_wolf,,unconstrained,2.0442357337967625e-05,0.00014634901075084506,0.19204153381290454,7.159106375615047,-3.6387950940175093,3.247761018142572,0.10928772123797872,3.665820425510672,False,False,-0.00036162601908699575,0.19245267721397255,0.0018329102127553362,-0.0003761729255374349,0.19289777983126233,0.0036658204255106725,-0.0004052667384383131,0.1938889093682661,0.007331640851021345
22,252,2021-04-20T00:00:00,2022-04-25T00:00:00,2022-04-26T00:00:00,2022-10-26T00:00:00,36,4,BRAZIL IBOVESPA INDEX | Cboe Volatility Index | FTSE 100 INDEX | US Generic Govt 10 Yr,oas_shrinkage,,unconstrained,1.7571609354672923e-05,0.00015561593896442868,0.19802832276984025,8.85610053259264,-2.093125530630136,4.266534896486988,0.14079490088184604,5.011477524747428,False,False,-0.00017631314118640387,0.19860017178084546,0.002505738762373714,-0.00019619995676079853,0.19923341775592684,0.005011477524747428,-0.00023597358790958758,0.2006817194223317,0.010022955049494856
22,252,2021-04-20T00:00:00,2022-04-25T00:00:00,2022-04-26T00:00:00,2022-10-26T00:00:00,36,4,BRAZIL IBOVESPA INDEX | Cboe Volatility Index | FTSE 100 INDEX | US Generic Govt 10 Yr,nonlinear_shrinkage_qis,,unconstrained,2.170062495780591e-05,0.00014028122056026145,0.18801826395641963,6.4643862023799015,-4.273783295553778,2.886341186681946,0.09509618716828926,3.039440023945644,False,False,-0.0004242434244140853,0.18835344623876715,0.001519720011972822,-0.0004363046943503775,0.18871251160035357,0.003039440023945644,-0.00046042723422296195,0.18950173949195803,0.006078880047891288
22,252,2021-04-20T00:00:00,2022-04-25T00:00:00,2022-04-26T00:00:00,2022-10-26T00:00:00,36,4,BRAZIL IBOVESPA INDEX | Cboe Volatility Index | FTSE 100 INDEX | US Generic Govt 10 Yr,pca_matched,,unconstrained,1.8020081653075665e-05,0.00014632138422893235,0.19202340697344933,8.119906837600718,-2.804116936946368,2.932370396432665,0.08266098906088551,2.3534463990155867,False,False,-0.0010147681076311454,0.1922349642932513,0.0011767231995077933,-0.0010241071806431125,0.19246067878379025,0.0023534463990155866,-0.0010427853266670457,0.19295437743144309,0.004706892798031173
22,252,2021-04-20T00:00:00,2022-04-25T00:00:00,2022-04-26T00:00:00,2022-10-26T00:00:00,36,4,BRAZIL IBOVESPA INDEX | Cboe Volatility Index | FTSE 100 INDEX | US Generic Govt 10 Yr,pca_plus_two,,unconstrained,1.6433001129208336e-05,0.00015327913762313563,0.1965358559678874,9.327519448087562,-1.6886995329616639,3.0018910640104015,0.08555873602316824,2.308916003818335,False,False,-0.0010014702784721522,0.196748521099987,0.0011544580019091676,-0.0010106326435666694,0.1969744895212234,0.0023089160038183352,-0.001028957373755704,0.19746615086063143,0.0046178320076366705
22,252,2021-04-20T00:00:00,2022-04-25T00:00:00,2022-04-26T00:00:00,2022-10-26T00:00:00,36,4,BRAZIL IBOVESPA INDEX | Cboe Volatility Index | FTSE 100 INDEX | US Generic Govt 10 Yr,poet_soft_c0_5,,unconstrained,2.058238389713926e-05,0.00013485739039060813,0.1843476671358584,6.55207827550782,-4.2389967231351084,3.092114277640203,0.1060591573692435,2.9521214828537627,False,False,-0.0007373779992366506,0.18464283258539985,0.0014760607414268812,-0.000749092767025753,0.18496108751068766,0.0029521214828537624,-0.0007725223026039572,0.18566638223662726,0.005904242965707525
22,252,2021-04-20T00:00:00,2022-04-25T00:00:00,2022-04-26T00:00:00,2022-10-26T00:00:00,36,4,BRAZIL IBOVESPA INDEX | Cboe Volatility Index | FTSE 100 INDEX | US Generic Govt 10 Yr,structured_q0,,unconstrained,7.880591868671555e-06,0.00012635574216206705,0.1784422792525384,16.03378835850905,4.282680811831437,1.7887167130199852,0.05464216186723865,0.8973912849393519,False,False,-0.0009811478541266801,0.17848909887447514,0.00044869564246967597,-0.0009847089306542173,0.17853816152386498,0.0008973912849393519,-0.0009918310837092915,0.17864300842819358,0.0017947825698787039
22,252,2021-04-20T00:00:00,2022-04-25T00:00:00,2022-04-26T00:00:00,2022-10-26T00:00:00,36,4,BRAZIL IBOVESPA INDEX | Cboe Volatility Index | FTSE 100 INDEX | US Generic Govt 10 Yr,residual_aware_qr,0.25,unconstrained,1.708883109984649e-05,0.00011911643691259298,0.173255135860307,6.970426251896364,-4.0066592080117855,1.9182537457413273,0.05747136155914395,1.83263995430177,False,False,-0.0008625995162353132,0.17342166589791963,0.000916319977150885,-0.0008698718970063518,0.17359770987212933,0.00183263995430177,-0.0008844166585484294,0.17397822254676293,0.00366527990860354
23,252,2021-10-22T00:00:00,2022-10-26T00:00:00,2022-10-27T00:00:00,2023-05-02T00:00:00,37,4,BRAZIL IBOVESPA INDEX | Cboe Volatility Index | FTSE 100 INDEX | US Generic Govt 10 Yr,equal_weight,,unconstrained,0.0002038494352588003,0.00014766327012019558,0.19290190271298333,0.724374192809155,-7.773754706269949,1.0000000000000002,0.006666666666666667,0.15943282744049259,False,False,0.0003805153917267613,0.19290151321415702,7.971641372024629e-05,0.0003798827217766007,0.192901189600169,0.00015943282744049258,0.0003786173818762793,0.19290074002796684,0.00031886565488098515
23,252,2021-10-22T00:00:00,2022-10-26T00:00:00,2022-10-27T00:00:00,2023-05-02T00:00:00,37,4,BRAZIL IBOVESPA INDEX | Cboe Volatility Index | FTSE 100 INDEX | US Generic Govt 10 Yr,sample_covariance,,unconstrained,2.0222194990976996e-05,0.00018136342939285946,0.2137839662065436,8.968533310740133,-1.84019648408451,10.742287924193956,0.30846853231921184,10.641281477066066,False,False,0.0036315624291012203,0.21298610625354683,0.005320640738533033,0.003589335121652545,0.21245191356767737,0.010641281477066066,0.0035048805067551957,0.2121815129459485,0.021282562954132132
23,252,2021-10-22T00:00:00,2022-10-26T00:00:00,2022-10-27T00:00:00,2023-05-02T00:00:00,37,4,BRAZIL IBOVESPA INDEX | Cboe Volatility Index | FTSE 100 INDEX | US Generic Govt 10 Yr,ridge_10pct,,unconstrained,4.084511491061806e-05,7.902889145742503e-05,0.1411215102217628,1.9348431661990684,-8.170880163641556,4.156921129618091,0.13189408124681828,3.5484558860132003,False,False,0.002153036852926465,0.14060470651173798,0.0017742279430066003,0.0021389556787756187,0.14013093119796155,0.0035484558860132006,0.0021107933304739266,0.13931418185613584,0.007096911772026401
23,252,2021-10-22T00:00:00,2022-10-26T00:00:00,2022-10-27T00:00:00,2023-05-02T00:00:00,37,4,BRAZIL IBOVESPA INDEX | Cboe Volatility Index | FTSE 100 INDEX | US Generic Govt 10 Yr,ledoit_wolf,,unconstrained,3.447587664536249e-05,9.498957240499253e-05,0.15471707160510154,2.755247484555843,-7.520003221615452,5.342307035563772,0.1652968272252604,4.628634492132555,False,False,0.0025330777721872325,0.15410828762601134,0.0023143172460662774,0.0025147101749962305,0.15356686049159995,0.004628634492132555,0.0024779749806142256,0.1526888537696251,0.00925726898426511
23,252,2021-10-22T00:00:00,2022-10-26T00:00:00,2022-10-27T00:00:00,2023-05-02T00:00:00,37,4,BRAZIL IBOVESPA INDEX | Cboe Volatility Index | FTSE 100 INDEX | US Generic Govt 10 Yr,oas_shrinkage,,unconstrained,3.091577021497862e-05,0.00010618179309269837,0.16357815214557225,3.434551115962608,-6.949693025344548,6.2125766553816275,0.18385984210779796,5.617150776764588,False,False,0.0027504368259841125,0.1629013874242163,0.0028085753883822944,0.0027281465451239354,0.16231902098324202,0.005617150776764589,0.0026835659834035823,0.16144140366694024,0.011234301553529178
23,252,2021-10-22T00:00:00,2022-10-26T00:00:00,2022-10-27T00:00:00,2023-05-02T00:00:00,37,4,BRAZIL IBOVESPA INDEX | Cboe Volatility Index | FTSE 100 INDEX | US Generic Govt 10 Yr,nonlinear_shrinkage_qis,,unconstrained,4.2231231065020134e-05,7.693094538171223e-05,0.13923576493197243,1.8216600236746034,-8.250690514335606,4.1232260302506,0.12035208714697643,3.320248593185358,False,False,0.0021346270079791855,0.13873904727672132,0.001660124296592679,0.002121451418323688,0.13828041181972847,0.003320248593185358,0.0020951002390126932,0.13747888038807307,0.006640497186370716
23,252,2021-10-22T00:00:00,2022-10-26T00:00:00,2022-10-27T00:00:00,2023-05-02T00:00:00,37,4,BRAZIL IBOVESPA INDEX | Cboe Volatility Index | FTSE 100 INDEX | US Generic Govt 10 Yr,pca_matched,,unconstrained,3.141253510361649e-05,0.00010393150997220955,0.16183553538391007,3.3085998831162162,-7.059703654474269,3.238306166358576,0.11420936086434005,2.805914805019438,False,False,0.0011674768179970269,0.16150271175218822,0.001402957402509719,0.001156342235437426,0.1611936241031791,0.002805914805019438,0.0011340730703182239,0.16064719425377247,0.005611829610038876
23,252,2021-10-22T00:00:00,2022-10-26T00:00:00,2022-10-27T00:00:00,2023-05-02T00:00:00,37,4,BRAZIL IBOVESPA INDEX | Cboe Volatility Index | FTSE 100 INDEX | US Generic Govt 10 Yr,pca_plus_two,,unconstrained,3.77809850521688e-05,0.00010339941618115679,0.16142073249013433,2.7368110185158128,-7.4468936043383795,3.6151532266282134,0.1287368390385305,2.603430312601134,False,False,0.0016324356130789858,0.16121838579143205,0.0013017151563005668,0.0016221045404099337,0.16103683058894042,0.0026034303126011337,0.0016014423950718294,0.16073636841791897,0.005206860625202267
23,252,2021-10-22T00:00:00,2022-10-26T00:00:00,2022-10-27T00:00:00,2023-05-02T00:00:00,37,4,BRAZIL IBOVESPA INDEX | Cboe Volatility Index | FTSE 100 INDEX | US Generic Govt 10 Yr,poet_soft_c0_5,,unconstrained,3.98524058214767e-05,7.659349563960762e-05,0.1389300575871943,1.921929029397039,-8.208398753221662,3.7646413766286377,0.1367936444517492,3.2190542638832875,False,False,0.001487983283825985,0.13856384139686317,0.0016095271319416437,0.0014752092589693055,0.1382341408425676,0.0032190542638832875,0.001449661209255946,0.13768530687477082,0.006438108527766575
23,252,2021-10-22T00:00:00,2022-10-26T00:00:00,2022-10-27T00:00:00,2023-05-02T00:00:00,37,4,BRAZIL IBOVESPA INDEX | Cboe Volatility Index | FTSE 100 INDEX | US Generic Govt 10 Yr,structured_q0,,unconstrained,1.5306932900925193e-05,8.572520420308974e-05,0.14697874492313034,5.6004168018472384,-5.48678789957197,2.0923101006876417,0.06769093590249455,0.9895797867808858,False,False,0.00018437184598293983,0.14691139159243313,0.0004947898933904429,0.0001804449420671427,0.146847341713176,0.0009895797867808859,0.0001725911342355484,0.14672916939004174,0.0019791595735617717
23,252,2021-10-22T00:00:00,2022-10-26T00:00:00,2022-10-27T00:00:00,2023-05-02T00:00:00,37,4,BRAZIL IBOVESPA INDEX | Cboe Volatility Index | FTSE 100 INDEX | US Generic Govt 10 Yr,residual_aware_qr,0.25,unconstrained,3.2136043030087596e-05,6.427732580672914e-05,0.12727091617213943,2.000163048902724,-8.345369273005975,2.1988041562935354,0.10273307867395126,1.4394143303951368,False,False,0.0008475999601474676,0.12713845608397345,0.0007197071651975684,0.0008418879985189155,0.1270140143494083,0.0014394143303951368,0.0008304640752618112,0.12678927885852903,0.0028788286607902736
1,504,2010-07-02T00:00:00,2012-09-19T00:00:00,2012-09-20T00:00:00,2013-03-26T00:00:00,16,3,Cboe Volatility Index | BRAZIL IBOVESPA INDEX | DAX INDEX,equal_weight,,unconstrained,0.0001955197986294977,4.9875316578496165e-05,0.11210967744927747,0.2550908753389621,-8.284758036565394,1.0000000000000002,0.006666666666666667,1.0000000000000002,True,False,0.0007887910910480481,0.11210967744927748,0.0,0.0007887910910480481,0.11210967744927748,0.0,0.0007887910910480481,0.11210967744927748,0.0
1,504,2010-07-02T00:00:00,2012-09-19T00:00:00,2012-09-20T00:00:00,2013-03-26T00:00:00,16,3,Cboe Volatility Index | BRAZIL IBOVESPA INDEX | DAX INDEX,sample_covariance,,unconstrained,1.87560765881781e-05,3.41933937245752e-05,0.09282637135315024,1.823056840476286,-9.060935932872841,4.126922957803835,0.133250952323533,4.126922957803835,True,False,-1.74614511502778e-05,0.09282637135315025,0.0,-1.74614511502778e-05,0.09282637135315025,0.0,-1.74614511502778e-05,0.09282637135315025,0.0
1,504,2010-07-02T00:00:00,2012-09-19T00:00:00,2012-09-20T00:00:00,2013-03-26T00:00:00,16,3,Cboe Volatility Index | BRAZIL IBOVESPA INDEX | DAX INDEX,ridge_10pct,,unconstrained,2.3242470541216578e-05,2.7086888487295687e-05,0.08261898025755651,1.1654048754955582,-9.504124450574949,2.9232435196126003,0.08165410690639609,2.9232435196126003,True,False,0.00026241288995387726,0.08261898025755651,0.0,0.00026241288995387726,0.08261898025755651,0.0,0.00026241288995387726,0.08261898025755651,0.0
1,504,2010-07-02T00:00:00,2012-09-19T00:00:00,2012-09-20T00:00:00,2013-03-26T00:00:00,16,3,Cboe Volatility Index | BRAZIL IBOVESPA INDEX | DAX INDEX,ledoit_wolf,,unconstrained,2.001933566616298e-05,3.131415876973183e-05,0.08883224645348343,1.5641957001929667,-9.254616267943161,3.6871980791739754,0.10898438196328017,3.6871980791739754,True,False,7.937609083037749e-05,0.08883224645348345,0.0,7.937609083037749e-05,0.08883224645348345,0.0,7.937609083037749e-05,0.08883224645348345,0.0
1,504,2010-07-02T00:00:00,2012-09-19T00:00:00,2012-09-20T00:00:00,2013-03-26T00:00:00,16,3,Cboe Volatility Index | BRAZIL IBOVESPA INDEX | DAX INDEX,oas_shrinkage,,unconstrained,1.9483172596743958e-05,3.2380526347696295e-05,0.0903321240734406,1.6619740027919145,-9.183985405909684,3.860540441018528,0.11796693873704998,3.860540441018528,True,False,4.198082507493208e-05,0.0903321240734406,0.0,4.198082507493208e-05,0.0903321240734406,0.0,4.198082507493208e-05,0.0903321240734406,0.0
1,504,2010-07-02T00:00:00,2012-09-19T00:00:00,2012-09-20T00:00:00,2013-03-26T00:00:00,16,3,Cboe Volatility Index | BRAZIL IBOVESPA INDEX | DAX INDEX,nonlinear_shrinkage_qis,,unconstrained,2.202065818100772e-05,2.7189353161332745e-05,0.08277509889245588,1.2347202766528975,-9.488809260317872,2.887273992542636,0.08114312000028774,2.887273992542636,True,False,0.00026224355845808246,0.08277509889245589,0.0,0.00026224355845808246,0.08277509889245589,0.0,0.00026224355845808246,0.08277509889245589,0.0
1,504,2010-07-02T00:00:00,2012-09-19T00:00:00,2012-09-20T00:00:00,2013-03-26T00:00:00,16,3,Cboe Volatility Index | BRAZIL IBOVESPA INDEX | DAX INDEX,pca_matched,,unconstrained,7.766643356560007e-06,2.818212552368817e-05,0.08427274548731291,3.6286107433894794,-8.13706174397704,2.309413360954416,0.07840835767079683,2.309413360954416,True,False,0.000824979162128357,0.08427274548731292,0.0,0.000824979162128357,0.08427274548731292,0.0,0.000824979162128357,0.08427274548731292,0.0
1,504,2010-07-02T00:00:00,2012-09-19T00:00:00,2012-09-20T00:00:00,2013-03-26T00:00:00,16,3,Cboe Volatility Index | BRAZIL IBOVESPA INDEX | DAX INDEX,pca_plus_two,,unconstrained,1.2501214600009029e-05,2.719343477361952e-05,0.08278131167692451,2.175263415892395,-9.114421334483405,2.7399840164761478,0.09557672196427795,2.7399840164761478,True,False,0.0003264200836942874,0.08278131167692453,0.0,0.0003264200836942874,0.08278131167692453,0.0,0.0003264200836942874,0.08278131167692453,0.0
1,504,2010-07-02T00:00:00,2012-09-19T00:00:00,2012-09-20T00:00:00,2013-03-26T00:00:00,16,3,Cboe Volatility Index | BRAZIL IBOVESPA INDEX | DAX INDEX,poet_soft_c0_5,,unconstrained,1.2687548690484375e-05,2.430506318233375e-05,0.07826158650288215,1.91566265283084,-9.359226810665147,2.4970735703825984,0.07850540663417802,2.4970735703825984,True,False,0.000611827421186435,0.07826158650288215,0.0,0.000611827421186435,0.07826158650288215,0.0,0.000611827421186435,0.07826158650288215,0.0
1,504,2010-07-02T00:00:00,2012-09-19T00:00:00,2012-09-20T00:00:00,2013-03-26T00:00:00,16,3,Cboe Volatility Index | BRAZIL IBOVESPA INDEX | DAX INDEX,structured_q0,,unconstrained,1.010126343104488e-05,2.8621340647779173e-05,0.08492689705411562,2.8334416623385263,-8.669408387419248,2.260845841622557,0.0939752142116289,2.260845841622557,True,False,0.000936399143232255,0.08492689705411562,0.0,0.000936399143232255,0.08492689705411562,0.0,0.000936399143232255,0.08492689705411562,0.0
1,504,2010-07-02T00:00:00,2012-09-19T00:00:00,2012-09-20T00:00:00,2013-03-26T00:00:00,16,3,Cboe Volatility Index | BRAZIL IBOVESPA INDEX | DAX INDEX,residual_aware_qr,0.5,unconstrained,1.9046987496353457e-05,2.464748171719357e-05,0.07881094716302285,1.294035695771435,-9.57456590979941,2.502137484577199,0.10293253553787156,2.502137484577199,True,False,0.0005331408584783786,0.07881094716302287,0.0,0.0005331408584783786,0.07881094716302287,0.0,0.0005331408584783786,0.07881094716302287,0.0
2,504,2011-03-21T00:00:00,2013-03-26T00:00:00,2013-03-27T00:00:00,2013-09-24T00:00:00,17,3,Cboe Volatility Index | S&P/BMV IPC | DAX INDEX,equal_weight,,unconstrained,0.0001774959188727512,7.307945430709567e-05,0.13570564647570163,0.4117247020168793,-8.224838239562441,1.0000000000000002,0.006666666666666667,0.10816831140115951,False,False,0.0009858260454788284,0.1357068500517938,5.408415570057976e-05,0.0009853968061478715,0.13570809672586076,0.00010816831140115952,0.0009845383274859575,0.13571071936312706,0.00021633662280231905
2,504,2011-03-21T00:00:00,2013-03-26T00:00:00,2013-03-27T00:00:00,2013-09-24T00:00:00,17,3,Cboe Volatility Index | S&P/BMV IPC | DAX INDEX,sample_covariance,,unconstrained,1.8370725825013345e-05,4.321005635417414e-05,0.10435005606731548,2.3521148138491013,-8.552637334236287,4.381996006113268,0.14837522418084778,2.480232349685485,False,False,-0.0001951097115445307,0.10422648680488167,0.0012401161748427426,-0.00020495190340836196,0.10413231225048679,0.002480232349685485,-0.00022463628713602463,0.10403244166147206,0.00496046469937097
2,504,2011-03-21T00:00:00,2013-03-26T00:00:00,2013-03-27T00:00:00,2013-09-24T00:00:00,17,3,Cboe Volatility Index | S&P/BMV IPC | DAX INDEX,ridge_10pct,,unconstrained,2.2732969307959617e-05,3.673695814138019e-05,0.09621701227759989,1.6160211032580456,-9.07567319149948,3.0830772179051538,0.0873133510599169,1.310580316149802,False,False,-0.00018562149299288126,0.09616932592286184,0.000655290158074901,-0.00019082220853315816,0.09613055011832881,0.001310580316149802,-0.00020122363961371217,0.09607977083412288,0.002621160632299604
2,504,2011-03-21T00:00:00,2013-03-26T00:00:00,2013-03-27T00:00:00,2013-09-24T00:00:00,17,3,Cboe Volatility Index | S&P/BMV IPC | DAX INDEX,ledoit_wolf,,unconstrained,1.9812599919518715e-05,3.942873570651012e-05,0.09967969401056842,1.9900838792826094,-8.839108583800417,3.8659406769133,0.12842140501244687,1.9944819044491848,False,False,-0.00020459100602584172,0.09958750034778427,0.0009972409522245923,-0.0002125056167577829,0.09951520994836154,0.0019944819044491846,-0.00022833483822166527,0.09943050063416706,0.003988963808898369
2,504,2011-03-21T00:00:00,2013-03-26T00:00:00,2013-03-27T00:00:00,2013-09-24T00:00:00,17,3,Cboe Volatility Index | S&P/BMV IPC | DAX INDEX,oas_shrinkage,,unconstrained,1.9148331431427415e-05,4.081024105121309e-05,0.10141094982745058,2.131268784299024,-8.732026193352917,4.080297561590623,0.13761344309569065,2.181664735855891,False,False,-0.00020141358950992441,0.10130622380827327,0.0010908323679279456,-0.00021007098925538423,0.10122490247314579,0.0021816647358558912,-0.000227385788746304,0.10113268344392314,0.0043633294717117825
2,504,2011-03-21T00:00:00,2013-03-26T00:00:00,2013-03-27T00:00:00,2013-09-24T00:00:00,17,3,Cboe Volatility Index | S&P/BMV IPC | DAX INDEX,nonlinear_shrinkage_qis,,unconstrained,2.1738486244740006e-05,3.799259579188034e-05,0.097847504513676,1.747711195901384,-8.988715112750866,3.0943009982580185,0.08212696238320122,1.275110231142755,False,False,-0.00020119542552446588,0.09779984614302284,0.0006375551155713774,-0.0002062553867591593,0.09776048065422757,0.0012751102311427548,-0.00021637530922854613,0.09770666630452404,0.0025502204622855095
2,504,2011-03-21T00:00:00,2013-03-26T00:00:00,2013-03-27T00:00:00,2013-09-24T00:00:00,17,3,Cboe Volatility Index | S&P/BMV IPC | DAX INDEX,pca_matched,,unconstrained,8.222287811733212e-06,4.853579195249239e-05,0.11059394003302388,5.902954635476488,-5.805707429548964,2.3542701172827307,0.08306930162195189,0.7526604255816662,False,False,-6.93890767313249e-05,0.11055942797494415,0.00037633021279083315,-7.237582445188709e-05,0.11052746787103142,0.0007526604255816663,-7.834931989301144e-05,0.11047121220843299,0.0015053208511633326
2,504,2011-03-21T00:00:00,2013-03-26T00:00:00,2013-03-27T00:00:00,2013-09-24T00:00:00,17,3,Cboe Volatility Index | S&P/BMV IPC | DAX INDEX,pca_plus_two,,unconstrained,1.3191217559447396e-05,5.151480683607399e-05,0.11393740089492407,3.905235176655826,-7.330724109556114,2.833532756622398,0.0939372095180109,0.9415845038184345,False,False,-0.00016366124988381774,0.11392187446855254,0.00047079225190921727,-0.00016739769632754167,0.11391023757127569,0.0009415845038184345,-0.0001748705892149895,0.11389863673420156,0.001883169007636869
2,504,2011-03-21T00:00:00,2013-03-26T00:00:00,2013-03-27T00:00:00,2013-09-24T00:00:00,17,3,Cboe Volatility Index | S&P/BMV IPC | DAX INDEX,poet_soft_c0_5,,unconstrained,1.3155295078814514e-05,3.945324111314743e-05,0.09971066522951871,2.999038856732566,-8.239647356066314,2.5715221580048047,0.07709234089352777,0.8655237007416738,False,False,-0.00010101309867988988,0.09967637907657255,0.00043276185037083694,-0.00010444771653997584,0.09964584016604294,0.0008655237007416739,-0.00011131695226014791,0.09959601743737638,0.0017310474014833478
2,504,2011-03-21T00:00:00,2013-03-26T00:00:00,2013-03-27T00:00:00,2013-09-24T00:00:00,17,3,Cboe Volatility Index | S&P/BMV IPC | DAX INDEX,structured_q0,,unconstrained,9.825574177316798e-06,5.8495691285785716e-05,0.12141216662269891,5.953412007292985,-5.577109954184171,2.2946367507360517,0.09568679072047949,0.4258832699320241,False,False,-0.00021889337770442772,0.12139740685309527,0.00021294163496601203,-0.0002205833906803484,0.12138339241368026,0.00042588326993202405,-0.00022396341663218994,0.121357600544537,0.0008517665398640481
2,504,2011-03-21T00:00:00,2013-03-26T00:00:00,2013-03-27T00:00:00,2013-09-24T00:00:00,17,3,Cboe Volatility Index | S&P/BMV IPC | DAX INDEX,residual_aware_qr,0.5,unconstrained,1.8679179019547496e-05,4.153718963481795e-05,0.10231017441082839,2.2237160204605284,-8.66438505537189,2.617179953799356,0.10045322122952619,0.9120381497633592,False,False,-0.00024265383437337723,0.10227714577635172,0.0004560190748816796,-0.0002462730333803747,0.10224817417404922,0.0009120381497633592,-0.00025351143139436955,0.10220241538352105,0.0018240762995267183
3,504,2011-09-21T00:00:00,2013-09-24T00:00:00,2013-09-25T00:00:00,2014-03-26T00:00:00,18,4,Cboe Volatility Index | S&P/BMV IPC | DAX INDEX | Brazilian Real Spot,equal_weight,,unconstrained,0.00012167156015141979,5.927647987464856e-05,0.12221977306643732,0.48718434941476224,-8.527000924021321,1.0000000000000002,0.006666666666666667,0.11917243077037958,False,False,0.0008240195608093037,0.12222320199573564,5.958621538518979e-05,0.0008235466543379927,0.12222668892609997,0.00011917243077037958,0.0008226008413953705,0.12223383677008916,0.00023834486154075915
3,504,2011-09-21T00:00:00,2013-09-24T00:00:00,2013-09-25T00:00:00,2014-03-26T00:00:00,18,4,Cboe Volatility Index | S&P/BMV IPC | DAX INDEX | Brazilian Real Spot,sample_covariance,,unconstrained,1.4073347848567805e-05,3.323338581662978e-05,0.09151400562641057,2.361441369475695,-8.809786403337155,4.264656240557716,0.11803408217049126,3.58783841987728,False,False,0.0005897402315079778,0.09176550968810418,0.00179391920993864,0.0005755027774608457,0.09208624704792528,0.00358783841987728,0.0005470278693665816,0.09293239964114203,0.00717567683975456
3,504,2011-09-21T00:00:00,2013-09-24T00:00:00,2013-09-25T00:00:00,2014-03-26T00:00:00,18,4,Cboe Volatility Index | S&P/BMV IPC | DAX INDEX | Brazilian Real Spot,ridge_10pct,,unconstrained,1.7369015260094572e-05,2.7078393594720923e-05,0.0826060239078826,1.559005688533979,-9.401816982776586,2.9495347317448246,0.08060074590828771,2.10707829785869,False,False,0.0003746975772547334,0.08277380255095589,0.001053539148929345,0.0003663361554378338,0.08296800208859373,0.00210707829785869,0.0003496133118040347,0.08343490079750403,0.00421415659571738
3,504,2011-09-21T00:00:00,2013-09-24T00:00:00,2013-09-25T00:00:00,2014-03-26T00:00:00,18,4,Cboe Volatility Index | S&P/BMV IPC | DAX INDEX | Brazilian Real Spot,ledoit_wolf,,unconstrained,1.5170096164875344e-05,3.0270002648628136e-05,0.08733865505865253,1.9953731551626503,-9.100811270313264,3.7244846779496203,0.10589144968354752,2.9761555994910034,False,False,0.00048176607562236943,0.08756083417513956,0.0014880777997455016,0.00046995593435454803,0.08783288790419375,0.002976155599491003,0.00044633565181890507,0.08852469562973128,0.005952311198982006
3,504,2011-09-21T00:00:00,2013-09-24T00:00:00,2013-09-25T00:00:00,2014-03-26T00:00:00,18,4,Cboe Volatility Index | S&P/BMV IPC | DAX INDEX | Brazilian Real Spot,oas_shrinkage,,unconstrained,1.4821976547109572e-05,3.1069790868731856e-05,0.08848495521228696,2.096197546257133,-9.023202030481912,3.883175513101194,0.10978616021596582,3.1983967797502606,False,False,0.0005100177912749247,0.08872024073433146,0.0015991983898751305,0.0004973257405616301,0.08901238495263311,0.003198396779750261,0.0004719416391350407,0.08976492087020368,0.006396793559500522
3,504,2011-09-21T00:00:00,2013-09-24T00:00:00,2013-09-25T00:00:00,2014-03-26T00:00:00,18,4,Cboe Volatility Index | S&P/BMV IPC | DAX INDEX | Brazilian Real Spot,nonlinear_shrinkage_qis,,unconstrained,1.709672072829081e-05,2.7196371878051694e-05,0.08278578207197795,1.5907361598910883,-9.385887723230233,2.905176309345146,0.07552865973521597,2.1123115030352895,False,False,0.00043575251918802495,0.08295286840034545,0.0010561557515176448,0.00042737033068391666,0.08314645451435007,0.0021123115030352896,0.00041060595367570007,0.0836123646531311,0.004224623006070579
3,504,2011-09-21T00:00:00,2013-09-24T00:00:00,2013-09-25T00:00:00,2014-03-26T00:00:00,18,4,Cboe Volatility Index | S&P/BMV IPC | DAX INDEX | Brazilian Real Spot,pca_matched,,unconstrained,8.61419463517357e-06,3.3923519571973885e-05,0.09245932582567006,3.938095319260261,-7.724003857113342,2.457357992055676,0.07620998331711976,0.8998709893999934,False,False,0.00046948737017917793,0.09253689894896648,0.0004499354946999967,0.0004659164535545749,0.09261877871059743,0.0008998709893999933,0.0004587746203053685,0.0927954119487492,0.0017997419787999867
3,504,2011-09-21T00:00:00,2013-09-24T00:00:00,2013-09-25T00:00:00,2014-03-26T00:00:00,18,4,Cboe Volatility Index | S&P/BMV IPC | DAX INDEX | Brazilian Real Spot,pca_plus_two,,unconstrained,9.503218282664237e-06,3.2922718252396775e-05,0.0910852622524851,3.4643756749704857,-8.099504375159505,2.569425875255633,0.07938042000536905,1.5463883178767261,False,False,0.00034982027412666644,0.09123156449260744,0.0007731941589383631,0.0003436838125477905,0.09139071635983197,0.0015463883178767261,0.00033141088939003875,0.09174729609771173,0.0030927766357534523
3,504,2011-09-21T00:00:00,2013-09-24T00:00:00,2013-09-25T00:00:00,2014-03-26T00:00:00,18,4,Cboe Volatility Index | S&P/BMV IPC | DAX INDEX | Brazilian Real Spot,poet_soft_c0_5,,unconstrained,1.1500792864779117e-05,2.9447050289860317e-05,0.08614323347219327,2.5604365399920517,-8.812658040216197,2.576100356017079,0.08958616351887481,1.199109209695957,False,False,0.0004453291885470511,0.08624579251039932,0.0005995546048479784,0.0004405708186673052,0.08635655528878906,0.0011991092096959568,0.0004310540789078136,0.0866025638259842,0.0023982184193919137
3,504,2011-09-21T00:00:00,2013-09-24T00:00:00,2013-09-25T00:00:00,2014-03-26T00:00:00,18,4,Cboe Volatility Index | S&P/BMV IPC | DAX INDEX | Brazilian Real Spot,structured_q0,,unconstrained,8.421839578268e-06,3.7201741673197153e-05,0.09682375174328706,4.417294027921618,-7.267388248422116,2.2245665214516275,0.07619950356684876,0.7801931400560742,False,False,0.00035428402350175573,0.09690356623862646,0.0003900965700280371,0.00035118801897772374,0.09698645317371826,0.0007801931400560741,0.0003449960099296596,0.09716141261906998,0.0015603862801121483
3,504,2011-09-21T00:00:00,2013-09-24T00:00:00,2013-09-25T00:00:00,2014-03-26T00:00:00,18,4,Cboe Volatility Index | S&P/BMV IPC | DAX INDEX | Brazilian Real Spot,residual_aware_qr,0.75,unconstrained,1.5678518887267654e-05,2.7017812894778863e-05,0.08251356766910684,1.7232375767789978,-9.339981429444697,3.0231424856560327,0.11106528512242157,1.9776843252850729,False,False,0.00044243910857202185,0.08266261193918653,0.0009888421626425364,0.0004345911549002558,0.08283499991563523,0.0019776843252850727,0.00041889524755672346,0.08324920728586077,0.003955368650570145
4,504,2012-03-22T00:00:00,2014-03-26T00:00:00,2014-03-27T00:00:00,2014-09-26T00:00:00,19,4,Cboe Volatility Index | S&P/BMV IPC | DAX INDEX | Brazilian Real Spot,equal_weight,,unconstrained,7.150524540440826e-05,4.0749042280646885e-05,0.10133488370113726,0.5698748679231123,-8.975864880732667,1.0000000000000002,0.006666666666666667,0.09419359071271455,False,False,0.0002890634546910918,0.10133690790848975,4.709679535635728e-05,0.00028868967060096193,0.10133897585143137,9.419359071271455e-05,0.0002879421024207023,0.10134324293331591,0.0001883871814254291
4,504,2012-03-22T00:00:00,2014-03-26T00:00:00,2014-03-27T00:00:00,2014-09-26T00:00:00,19,4,Cboe Volatility Index | S&P/BMV IPC | DAX INDEX | Brazilian Real Spot,sample_covariance,,unconstrained,1.2711961204231303e-05,2.6304977842011126e-05,0.08141777702803488,2.0693091663350303,-9.203658014300737,4.138576874806036,0.1226045524325374,2.76961109673522,False,False,0.0005065297534812312,0.08122084243829777,0.00138480554836761,0.0004955392332560913,0.08107075195293267,0.00276961109673522,0.00047355819280581185,0.08091206467980969,0.00553922219347044
4,504,2012-03-22T00:00:00,2014-03-26T00:00:00,2014-03-27T00:00:00,2014-09-26T00:00:00,19,4,Cboe Volatility Index | S&P/BMV IPC | DAX INDEX | Brazilian Real Spot,ridge_10pct,,unconstrained,1.519141368745105e-05,2.0022641454738846e-05,0.07103313062644916,1.3180235800752802,-9.77675659863014,3.1113787460575533,0.07470544864953116,1.6541720055584985,False,False,0.0005728031662676595,0.07090211243460041,0.0008270860027792493,0.0005662389916424273,0.07079018105505326,0.0016541720055584985,0.000553110642391963,0.07062392626522648,0.003308344011116997
4,504,2012-03-22T00:00:00,2014-03-26T00:00:00,2014-03-27T00:00:00,2014-09-26T00:00:00,19,4,Cboe Volatility Index | S&P/BMV IPC | DAX INDEX | Brazilian Real Spot,ledoit_wolf,,unconstrained,1.3789747406679982e-05,2.299847709183844e-05,0.07612894473945693,1.6677953854831014,-9.52378979798078,3.6508750687252545,0.09851269808504337,2.2621978542891004,False,False,0.0005413166090730909,0.07595630251792787,0.0011310989271445502,0.0005323396334608326,0.07581702379003422,0.0022621978542891005,0.0005143856822363159,0.0756392498782328,0.004524395708578201
4,504,2012-03-22T00:00:00,2014-03-26T00:00:00,2014-03-27T00:00:00,2014-09-26T00:00:00,19,4,Cboe Volatility Index | S&P/BMV IPC | DAX INDEX | Brazilian Real Spot,oas_shrinkage,,unconstrained,1.3574805525910512e-05,2.3555098593469757e-05,0.07704469381829211,1.7352070752328388,-9.47208794291383,3.7411058273390196,0.10275898447171743,2.3791765482444167,False,False,0.00053523176396845,0.07686524426408303,0.0011895882741222083,0.0005257905871897023,0.0767222730831643,0.0023791765482444167,0.0005069082336322068,0.0765465312913117,0.004758353096488833
4,504,2012-03-22T00:00:00,2014-03-26T00:00:00,2014-03-27T00:00:00,2014-09-26T00:00:00,19,4,Cboe Volatility Index | S&P/BMV IPC | DAX INDEX | Brazilian Real Spot,nonlinear_shrinkage_qis,,unconstrained,1.5722357471768494e-05,2.0042376089488398e-05,0.07106812769836474,1.274769138500829,-9.785657677308734,2.999593675641039,0.07186662725144502,1.585645852054428,False,False,0.0005781100750021948,0.07094442008489998,0.0007928229260272141,0.0005718178295575345,0.07083824518282889,0.0015856458520544282,0.0005592333386682135,0.07067879652121019,0.0031712917041088564
4,504,2012-03-22T00:00:00,2014-03-26T00:00:00,2014-03-27T00:00:00,2014-09-26T00:00:00,19,4,Cboe Volatility Index | S&P/BMV IPC | DAX INDEX | Brazilian Real Spot,pca_matched,,unconstrained,9.178048043208312e-06,3.0072758105849428e-05,0.0870536331388533,3.2765962832481628,-8.322099724151776,2.657026005760508,0.08449459066708577,1.383975181054264,False,False,0.0003097092391783033,0.08692132917292543,0.000691987590527132,0.0003042172741741197,0.08679985757479006,0.001383975181054264,0.0002932333441657525,0.0865895897700221,0.002767950362108528
4,504,2012-03-22T00:00:00,2014-03-26T00:00:00,2014-03-27T00:00:00,2014-09-26T00:00:00,19,4,Cboe Volatility Index | S&P/BMV IPC | DAX INDEX | Brazilian Real Spot,pca_plus_two,,unconstrained,9.42106481187335e-06,2.8196364739063505e-05,0.08429403249485698,2.9929063542294796,-8.579656084180904,2.699615002230007,0.08349496642287664,1.2033930872736296,False,False,0.00034784738945452807,0.08420188866208694,0.0006016965436368148,0.00034307202006058507,0.08411825217634675,0.0012033930872736296,0.0003335212812726991,0.08397660033517024,0.002406786174547259
4,504,2012-03-22T00:00:00,2014-03-26T00:00:00,2014-03-27T00:00:00,2014-09-26T00:00:00,19,4,Cboe Volatility Index | S&P/BMV IPC | DAX INDEX | Brazilian Real Spot,poet_soft_c0_5,,unconstrained,1.2218318371207004e-05,1.9192948970243005e-05,0.06954583481777495,1.5708339222418708,-9.74174030427932,2.645102345793945,0.07970423651997059,1.3256127798085084,False,False,0.0004647965954077522,0.0694434248910724,0.0006628063899042542,0.00045953622723390896,0.06935353365146424,0.0013256127798085084,0.00044901549088622233,0.06921149555064024,0.002651225559617017
4,504,2012-03-22T00:00:00,2014-03-26T00:00:00,2014-03-27T00:00:00,2014-09-26T00:00:00,19,4,Cboe Volatility Index | S&P/BMV IPC | DAX INDEX | Brazilian Real Spot,structured_q0,,unconstrained,9.334223694340306e-06,3.1000429591096374e-05,0.0883861315872365,3.3211577744695697,-8.260665170715328,2.4017228046030823,0.085175522039794,0.8373496558320696,False,False,0.0004593432137935184,0.08831020124638607,0.0004186748279160348,0.0004560203976989467,0.08823817873145531,0.0008373496558320696,0.0004493747655098033,0.08810589499299526,0.0016746993116641391
4,504,2012-03-22T00:00:00,2014-03-26T00:00:00,2014-03-27T00:00:00,2014-09-26T00:00:00,19,4,Cboe Volatility Index | S&P/BMV IPC | DAX INDEX | Brazilian Real Spot,residual_aware_qr,0.5,unconstrained,1.4022462965917426e-05,1.907240630277147e-05,0.06932709707104727,1.3601324067767755,-9.814717609837704,2.708335761992096,0.07714312630684254,1.6058434363566165,False,False,0.0004908791557018547,0.06919491131501473,0.0008029217181783082,0.0004845067611131379,0.06908113960140774,0.0016058434363566164,0.00047176197193570446,0.06890918836794056,0.003211686872713233
5,504,2012-09-20T00:00:00,2014-09-26T00:00:00,2014-09-29T00:00:00,2015-03-31T00:00:00,20,4,Cboe Volatility Index | DAX INDEX | S&P/BMV IPC | Brazilian Real Spot,equal_weight,,unconstrained,5.548070954564186e-05,7.951931845547484e-05,0.14155870955465671,1.4332786856313966,-8.366196487753143,1.0000000000000002,0.006666666666666667,0.07972538915165532,False,False,0.0007347674185083041,0.14156025214179874,3.986269457582766e-05,0.0007344510479164324,0.14156181716217578,7.972538915165532e-05,0.0007338183067326892,0.1415650144996482,0.00015945077830331063
5,504,2012-09-20T00:00:00,2014-09-26T00:00:00,2014-09-29T00:00:00,2015-03-31T00:00:00,20,4,Cboe Volatility Index | DAX INDEX | S&P/BMV IPC | Brazilian Real Spot,sample_covariance,,unconstrained,1.2259177795448927e-05,4.173379609752082e-05,0.10255201907605353,3.4042899771805244,-7.904945716517321,3.9524635613359007,0.12192522340201935,2.538215914835267,False,False,0.001353566871343204,0.10238219484358384,0.0012691079574176335,0.0013434945859668735,0.10224359914162943,0.002538215914835267,0.0013233500152142125,0.10206057355519058,0.005076431829670534
5,504,2012-09-20T00:00:00,2014-09-26T00:00:00,2014-09-29T00:00:00,2015-03-31T00:00:00,20,4,Cboe Volatility Index | DAX INDEX | S&P/BMV IPC | Brazilian Real Spot,ridge_10pct,,unconstrained,1.4122486655528245e-05,3.931757387376561e-05,0.09953908084862415,2.7840404337273528,-8.38370179892869,3.0015771611548154,0.0718018451604552,1.5296779509463683,False,False,0.0011983169596675768,0.09946489291928481,0.0007648389754731841,0.0011922468090685833,0.09940242021869623,0.0015296779509463682,0.001180106507870596,0.09931270479155248,0.0030593559018927364
5,504,2012-09-20T00:00:00,2014-09-26T00:00:00,2014-09-29T00:00:00,2015-03-31T00:00:00,20,4,Cboe Volatility Index | DAX INDEX | S&P/BMV IPC | Brazilian Real Spot,ledoit_wolf,,unconstrained,1.3197480587685632e-05,3.983488866233106e-05,0.10019177582470243,3.0183706956538647,-8.217113915504315,3.4322522501330646,0.09286001653572454,2.0170348894574603,False,False,0.0012842859582920467,0.10007762942215695,0.00100851744472873,0.0012762818515878501,0.09998370021335984,0.00201703488945746,0.0012602736381794578,0.09985670930279922,0.00403406977891492
5,504,2012-09-20T00:00:00,2014-09-26T00:00:00,2014-09-29T00:00:00,2015-03-31T00:00:00,20,4,Cboe Volatility Index | DAX INDEX | S&P/BMV IPC | Brazilian Real Spot,oas_shrinkage,,unconstrained,1.3013514735490151e-05,4.0079983743951886e-05,0.1004995318569986,3.079873851039389,-8.16964829443034,3.525529499154632,0.09775113898406983,2.110059944627971,False,False,0.0012989106883599779,0.10037641424835687,0.0010550299723139855,0.001290537434611454,0.10027534853696361,0.002110059944627971,0.0012737909271144069,0.10013962530798126,0.004220119889255942
5,504,2012-09-20T00:00:00,2014-09-26T00:00:00,2014-09-29T00:00:00,2015-03-31T00:00:00,20,4,Cboe Volatility Index | DAX INDEX | S&P/BMV IPC | Brazilian Real Spot,nonlinear_shrinkage_qis,,unconstrained,1.466484658901797e-05,3.965981345709602e-05,0.09997136085493784,2.7044137977410534,-8.42564351887696,2.832603990803481,0.0698551127082399,1.4303059634198818,False,False,0.0011406543688810779,0.09990180800547853,0.0007151529817099408,0.0011349785515659195,0.09984245224095704,0.0014303059634198816,0.001123626916935603,0.09975440164916712,0.0028606119268397632
5,504,2012-09-20T00:00:00,2014-09-26T00:00:00,2014-09-29T00:00:00,2015-03-31T00:00:00,20,4,Cboe Volatility Index | DAX INDEX | S&P/BMV IPC | Brazilian Real Spot,pca_matched,,unconstrained,9.609413974503439e-06,4.758162014218587e-05,0.1095014533046518,4.951563151346555,-6.601204166295814,2.708380218207834,0.07524820443043127,0.9819062359692183,False,False,0.0010146385573181298,0.10945669684252833,0.0004909531179846091,0.0010107421040007917,0.10941632799257932,0.0009819062359692182,0.0010029491973661154,0.10934877203861733,0.0019638124719384364
5,504,2012-09-20T00:00:00,2014-09-26T00:00:00,2014-09-29T00:00:00,2015-03-31T00:00:00,20,4,Cboe Volatility Index | DAX INDEX | S&P/BMV IPC | Brazilian Real Spot,pca_plus_two,,unconstrained,9.655041405096132e-06,4.518881584383894e-05,0.10671261215361291,4.680333718712728,-6.867696634918728,2.7114410304976717,0.07296218024301095,0.9420773066287313,False,False,0.0009353498814062993,0.10667155406733723,0.00047103865331436567,0.0009316114793958678,0.10663464170374445,0.0009420773066287313,0.000924134675375005,0.106573270891585,0.0018841546132574627
5,504,2012-09-20T00:00:00,2014-09-26T00:00:00,2014-09-29T00:00:00,2015-03-31T00:00:00,20,4,Cboe Volatility Index | DAX INDEX | S&P/BMV IPC | Brazilian Real Spot,poet_soft_c0_5,,unconstrained,1.2042052394596554e-05,3.8669406227502014e-05,0.0987151982692154,3.2111973075996203,-8.11590836034394,2.676557858633256,0.07673977652623089,0.9933152158272525,False,False,0.0010653176470711535,0.09867993415706046,0.0004966576079136262,0.00106137592002422,0.09864965847011874,0.0009933152158272524,0.0010534924659303527,0.0986040899947036,0.0019866304316545048
5,504,2012-09-20T00:00:00,2014-09-26T00:00:00,2014-09-29T00:00:00,2015-03-31T00:00:00,20,4,Cboe Volatility Index | DAX INDEX | S&P/BMV IPC | Brazilian Real Spot,structured_q0,,unconstrained,8.961523222905841e-06,5.2488817984011075e-05,0.1150094871389782,5.857131279853022,-5.765439063016754,2.420448422715109,0.06201350289016138,0.8239488800555408,False,False,0.0011864133862842,0.11497791403128,0.0004119744400277704,0.0011831437478712812,0.11494928529466804,0.0008239488800555408,0.0011766044710454437,0.11490086951179683,0.0016478977601110817
5,504,2012-09-20T00:00:00,2014-09-26T00:00:00,2014-09-29T00:00:00,2015-03-31T00:00:00,20,4,Cboe Volatility Index | DAX INDEX | S&P/BMV IPC | Brazilian Real Spot,residual_aware_qr,0.5,unconstrained,1.2997703571758568e-05,3.7676164633769294e-05,0.09743917840227237,2.898678557005418,-8.352059307427737,2.590222587767313,0.07252372690352729,1.1273036346727159,False,False,0.0011618174123954595,0.0973954078333684,0.000563651817336358,0.0011573439852737425,0.09735814429122615,0.001127303634672716,0.0011483971310303081,0.09730316688521262,0.002254607269345432
6,504,2013-03-27T00:00:00,2015-03-31T00:00:00,2015-04-01T00:00:00,2015-09-30T00:00:00,21,3,Cboe Volatility Index | DAX INDEX | BRAZIL IBOVESPA INDEX,equal_weight,,unconstrained,6.284626054646022e-05,0.00010141983092294849,0.15986806245333374,1.613776699537629,-8.061042423227928,1.0000000000000002,0.006666666666666667,0.131298076309529,False,False,-0.0006931232480154452,0.15987005301637633,6.56490381547645e-05,-0.0006936442721277846,0.1598720974701958,0.000131298076309529,-0.0006946863203524633,0.15987634804184112,0.000262596152619058
6,504,2013-03-27T00:00:00,2015-03-31T00:00:00,2015-04-01T00:00:00,2015-09-30T00:00:00,21,3,Cboe Volatility Index | DAX INDEX | BRAZIL IBOVESPA INDEX,sample_covariance,,unconstrained,1.3557734076801277e-05,7.936864899435572e-05,0.1414245365789743,5.85412345047864,-5.354429942417458,4.061560588394766,0.15067034961231549,2.7810419760677245,False,False,0.0002694572251149471,0.14138461938010355,0.0013905209880338623,0.00025842134425753545,0.14137204759926383,0.0027810419760677246,0.00023634958254271227,0.14142895359907748,0.005562083952135449
6,504,2013-03-27T00:00:00,2015-03-31T00:00:00,2015-04-01T00:00:00,2015-09-30T00:00:00,21,3,Cboe Volatility Index | DAX INDEX | BRAZIL IBOVESPA INDEX,ridge_10pct,,unconstrained,1.5948689777335134e-05,7.174150850389547e-05,0.1344576518573103,4.498269732843394,-6.547864144885786,3.141742790162877,0.09794974432476931,1.7552326608401947,False,False,6.740705704833746e-05,0.1344278226716452,0.0008776163304200974,6.044184807674943e-05,0.13440944801311613,0.0017552326608401949,4.651143013357326e-05,0.13440707814015676,0.0035104653216803897
6,504,2013-03-27T00:00:00,2015-03-31T00:00:00,2015-04-01T00:00:00,2015-09-30T00:00:00,21,3,Cboe Volatility Index | DAX INDEX | BRAZIL IBOVESPA INDEX,ledoit_wolf,,unconstrained,1.4573204793061223e-05,7.562669653999701e-05,0.13805045283547332,5.1894348301483655,-5.946891173452831,3.6152891009669554,0.11807937045114174,2.258141930678801,False,False,0.00018521775339973596,0.1380149880326181,0.0011290709653394002,0.00017625687272243912,0.13799799100054783,0.0022581419306788005,0.00015833511136784545,0.1380194201270664,0.004516283861357601
6,504,2013-03-27T00:00:00,2015-03-31T00:00:00,2015-04-01T00:00:00,2015-09-30T00:00:00,21,3,Cboe Volatility Index | DAX INDEX | BRAZIL IBOVESPA INDEX,oas_shrinkage,,unconstrained,1.4400970956613326e-05,7.618544313425839e-05,0.13855948783765445,5.290299061347104,-5.857915864765758,3.682150802584969,0.12299452803602309,2.340233298188119,False,False,0.00019876362904518068,0.13852325872452753,0.0011701166490940594,0.00018947698897300565,0.13850679202617336,0.002340233298188119,0.00017090370882865547,0.13853316560481083,0.004680466596376238
6,504,2013-03-27T00:00:00,2015-03-31T00:00:00,2015-04-01T00:00:00,2015-09-30T00:00:00,21,3,Cboe Volatility Index | DAX INDEX | BRAZIL IBOVESPA INDEX,nonlinear_shrinkage_qis,,unconstrained,1.665795590916338e-05,6.963252296883878e-05,0.13246658366602262,4.180136107247986,-6.822486516033189,3.0237753165138774,0.08874814173771695,1.6664106503099,False,False,4.1497158372418084e-05,0.13243689392814934,0.00083320532515495,3.488441769658516e-05,0.13241768342249413,0.0016664106503099,2.1658936344919316e-05,0.13241071586406525,0.0033328213006198
6,504,2013-03-27T00:00:00,2015-03-31T00:00:00,2015-04-01T00:00:00,2015-09-30T00:00:00,21,3,Cboe Volatility Index | DAX INDEX | BRAZIL IBOVESPA INDEX,pca_matched,,unconstrained,1.3295517839048684e-05,5.910441255148009e-05,0.12204225482583064,4.4454389266352266,-6.782644657482951,2.960287709746568,0.11146839426653042,1.5513190122240665,False,False,1.3757067542267e-05,0.12205093386269256,0.0007756595061120333,7.601039715981031e-06,0.12206947014391195,0.0015513190122240666,-4.711015936590909e-06,0.12213609410067357,0.003102638024448133
6,504,2013-03-27T00:00:00,2015-03-31T00:00:00,2015-04-01T00:00:00,2015-09-30T00:00:00,21,3,Cboe Volatility Index | DAX INDEX | BRAZIL IBOVESPA INDEX,pca_plus_two,,unconstrained,1.3103152352458965e-05,6.0336724050456194e-05,0.12330796592562446,4.604748722099173,-6.637908997014288,3.0095529262359833,0.11078834411492275,1.555301762672751,False,False,-8.5165671280783e-05,0.12330825703333692,0.0007776508813363755,-9.133750367234154e-05,0.12331835633050327,0.001555301762672751,-0.00010368116845545858,0.12336796751868323,0.003110603525345502
6,504,2013-03-27T00:00:00,2015-03-31T00:00:00,2015-04-01T00:00:00,2015-09-30T00:00:00,21,3,Cboe Volatility Index | DAX INDEX | BRAZIL IBOVESPA INDEX,poet_soft_c0_5,,unconstrained,1.5070996032068299e-05,6.0768602429917595e-05,0.12374848610120139,4.032155691675137,-7.070582762134209,3.009584080028697,0.11115876018917983,1.4328940574219295,False,False,1.912224746457693e-05,0.12374147276257165,0.0007164470287109648,1.3436159935124763e-05,0.12374275548871977,0.0014328940574219295,2.0639848762205384e-06,0.12377020643540236,0.002865788114843859
6,504,2013-03-27T00:00:00,2015-03-31T00:00:00,2015-04-01T00:00:00,2015-09-30T00:00:00,21,3,Cboe Volatility Index | DAX INDEX | BRAZIL IBOVESPA INDEX,structured_q0,,unconstrained,9.568239138657472e-06,6.668181820924564e-05,0.12962954211417205,6.969079393076481,-4.5879819744030685,2.5423251043935453,0.08013272267960019,0.8869554879432167,False,False,-1.8589670816506256e-05,0.12961776288050594,0.00044347774397160834,-2.2109335451201638e-05,0.12960901747024323,0.0008869554879432167,-2.914866472059218e-05,0.12960063036352912,0.0017739109758864334
6,504,2013-03-27T00:00:00,2015-03-31T00:00:00,2015-04-01T00:00:00,2015-09-30T00:00:00,21,3,Cboe Volatility Index | DAX INDEX | BRAZIL IBOVESPA INDEX,residual_aware_qr,0.5,unconstrained,1.4839160578574224e-05,6.313878848388641e-05,0.12613871213049296,4.254876018731843,-6.863364867879148,2.736002735435448,0.09670772393900734,1.2608326966260057,False,False,-2.257869865232476e-05,0.1261217034853558,0.0006304163483130029,-2.7582003004015278e-05,0.12611099548114565,0.0012608326966260057,-3.758861170739632e-05,0.12610848687105566,0.0025216653932520114
7,504,2013-09-25T00:00:00,2015-09-30T00:00:00,2015-10-01T00:00:00,2016-04-05T00:00:00,22,2,Cboe Volatility Index | DAX INDEX,equal_weight,,unconstrained,7.01852762987148e-05,0.00013041859526095306,0.18128840560212384,1.8582044858793443,-7.706167522386082,1.0000000000000002,0.006666666666666667,0.1224365455948577,False,False,0.0004618592980562794,0.18128905563088032,6.121827279742885e-05,0.00046137343874836327,0.1812897470019206,0.0001224365455948577,0.00046040172013253107,0.18129125376893224,0.0002448730911897154
7,504,2013-09-25T00:00:00,2015-09-30T00:00:00,2015-10-01T00:00:00,2016-04-05T00:00:00,22,2,Cboe Volatility Index | DAX INDEX,sample_covariance,,unconstrained,1.7639715887622072e-05,7.148413102304193e-05,0.13421624721994938,4.0524536493925565,-6.892903964266652,4.9418703418224865,0.21280070115583913,3.6123175899467785,False,False,0.0005459327965838121,0.13438090244164133,0.0018061587949733892,0.0005315982029729122,0.13459383976476752,0.0036123175899467784,0.0005029290157511125,0.13516359621186402,0.007224635179893557
7,504,2013-09-25T00:00:00,2015-09-30T00:00:00,2015-10-01T00:00:00,2016-04-05T00:00:00,22,2,Cboe Volatility Index | DAX INDEX,ridge_10pct,,unconstrained,2.094071195469337e-05,5.504903943379819e-05,0.11778097442845828,2.62880457707935,-8.145010776273931,3.5576540726782473,0.11205579756859509,2.0921035929996377,False,False,0.0007018690821827828,0.11786907982444371,0.0010460517964998189,0.0006935670837978635,0.11797567087094217,0.0020921035929996378,0.0006769630870280251,0.11824410127932795,0.0041842071859992756
7,504,2013-09-25T00:00:00,2015-09-30T00:00:00,2015-10-01T00:00:00,2016-04-05T00:00:00,22,2,Cboe Volatility Index | DAX INDEX,ledoit_wolf,,unconstrained,1.9339977651003413e-05,6.153190722797653e-05,0.12452325333627486,3.181591433989278,-7.671744789534621,4.200302496247856,0.15282316311102323,2.7962665136286784,False,False,0.0006324984731329165,0.12464549186416976,0.0013981332568143393,0.0006214021774439138,0.12479894137806928,0.0027962665136286786,0.0005992095860659084,0.12519899097989734,0.005592533027257357
7,504,2013-09-25T00:00:00,2015-09-30T00:00:00,2015-10-01T00:00:00,2016-04-05T00:00:00,22,2,Cboe Volatility Index | DAX INDEX,oas_shrinkage,,unconstrained,1.881479705781464e-05,6.413131846663898e-05,0.12712628466840767,3.4085575448714356,-7.4723093752967,4.411156641788869,0.16863139279397535,3.0017591006720026,False,False,0.0006085874368349444,0.12725887791810228,0.0015008795503360013,0.0005966756943719603,0.12742669391479305,0.0030017591006720025,0.0005728522094459919,0.12786741031752208,0.006003518201344005
7,504,2013-09-25T00:00:00,2015-09-30T00:00:00,2015-10-01T00:00:00,2016-04-05T00:00:00,22,2,Cboe Volatility Index | DAX INDEX,nonlinear_shrinkage_qis,,unconstrained,2.154069039320912e-05,5.5445499602277926e-05,0.1182043395978931,2.573988975755279,-8.171577859313379,3.494400377278726,0.11684336721920648,2.0190541698369273,False,False,0.0007331046990010622,0.11829414404417816,0.0010095270849184636,0.000725092579279487,0.1184010967443133,0.0020190541698369272,0.0007090683398363369,0.1186662540055149,0.0040381083396738545
7,504,2013-09-25T00:00:00,2015-09-30T00:00:00,2015-10-01T00:00:00,2016-04-05T00:00:00,22,2,Cboe Volatility Index | DAX INDEX,pca_matched,,unconstrained,1.0046108919867957e-05,8.668139599890103e-05,0.1477961832786052,8.628355186103272,-2.8799699844788478,2.8564656265790656,0.09830729449720255,1.923113606355988,False,False,0.0014897736098632888,0.14786969798426308,0.000961556803177994,0.0014821422066634636,0.1479556749102049,0.001923113606355988,0.001466879400263813,0.1481649254996512,0.003846227212711976
7,504,2013-09-25T00:00:00,2015-09-30T00:00:00,2015-10-01T00:00:00,2016-04-05T00:00:00,22,2,Cboe Volatility Index | DAX INDEX,pca_plus_two,,unconstrained,1.4936284520473515e-05,7.393193449061035e-05,0.13649486251003665,4.9498209805303395,-6.161896122067332,3.180112644267041,0.12671781855988098,1.6650462454149801,False,False,0.001078402803118101,0.13654248623316012,0.0008325231227074902,0.0010717954767474063,0.1366002415108809,0.0016650462454149803,0.0010585808240060177,0.1367460931289288,0.0033300924908299607
7,504,2013-09-25T00:00:00,2015-09-30T00:00:00,2015-10-01T00:00:00,2016-04-05T00:00:00,22,2,Cboe Volatility Index | DAX INDEX,poet_soft_c0_5,,unconstrained,1.6776612810014403e-05,5.2955117425147605e-05,0.11551921741051224,3.1564844480130874,-7.839040288047919,3.2124615300040356,0.12078923462242176,1.663724451383273,False,False,0.0010318811732400802,0.11554147324221202,0.0008318622256916365,0.0010252790920837974,0.11557570015307943,0.001663724451383273,0.0010120749297712318,0.11568002099244439,0.003327448902766546
7,504,2013-09-25T00:00:00,2015-09-30T00:00:00,2015-10-01T00:00:00,2016-04-05T00:00:00,22,2,Cboe Volatility Index | DAX INDEX,structured_q0,,unconstrained,1.1101789109476768e-05,8.319718527518611e-05,0.14479534070316938,7.4940340205316,-3.9143702610687106,2.682348966991338,0.09513447552804065,0.808385369176363,False,False,0.001304729695108432,0.14481929097966761,0.00040419268458818144,0.0013015218166593195,0.14484549312030895,0.0008083853691763629,0.0012951060597610944,0.1449046480027622,0.0016167707383527258
7,504,2013-09-25T00:00:00,2015-09-30T00:00:00,2015-10-01T00:00:00,2016-04-05T00:00:00,22,2,Cboe Volatility Index | DAX INDEX,residual_aware_qr,0.25,unconstrained,1.6781176722240917e-05,5.2918286292831615e-05,0.1154790376899356,3.1534312026341045,-7.841821530275427,2.7125190742630174,0.11436480899689169,1.3554982398657502,False,False,0.0009650475313465336,0.11552230686629784,0.0006777491199328751,0.0009596685700772249,0.11557350906287692,0.0013554982398657502,0.0009489106475386079,0.11569966875636824,0.0027109964797315004
8,504,2014-03-27T00:00:00,2016-04-05T00:00:00,2016-04-06T00:00:00,2016-10-05T00:00:00,24,2,Cboe Volatility Index | DAX INDEX,equal_weight,,unconstrained,8.779223037787634e-05,7.958255775886878e-05,0.14161498704316197,0.9064874809117915,-8.434050072606396,1.0000000000000002,0.006666666666666667,0.11814048862050995,False,False,0.0006431773837713996,0.14160721975125665,5.907024431025497e-05,0.00064270857230862,0.14159950131727686,0.00011814048862050994,0.0006417709493830603,0.14158421105500524,0.00023628097724101988
8,504,2014-03-27T00:00:00,2016-04-05T00:00:00,2016-04-06T00:00:00,2016-10-05T00:00:00,24,2,Cboe Volatility Index | DAX INDEX,sample_covariance,,unconstrained,1.833814997149846e-05,4.859091500884915e-05,0.11065672407147242,2.6497173970313352,-8.256809573156838,5.440816855545917,0.21037784221677996,3.696446466081392,False,False,-0.0002196384302130615,0.11094383173878888,0.0018482232330406959,-0.00023430686857052734,0.11129160227086325,0.0036964464660813917,-0.000263643745285459,0.11216677652365904,0.0073928929321627835
8,504,2014-03-27T00:00:00,2016-04-05T00:00:00,2016-04-06T00:00:00,2016-10-05T00:00:00,24,2,Cboe Volatility Index | DAX INDEX,ridge_10pct,,unconstrained,2.333773802823419e-05,3.591774729976607e-05,0.09513817488022906,1.5390414982082874,-9.126397351551441,3.40518390163684,0.10969150082938925,2.0949743944740797,False,False,3.5338177840601484e-05,0.09522033359946565,0.0010474871972370398,2.7024787386339273e-05,0.0953254449754078,0.0020949743944740796,1.0398006477814844e-05,0.09560420634486726,0.004189948788948159
8,504,2014-03-27T00:00:00,2016-04-05T00:00:00,2016-04-06T00:00:00,2016-10-05T00:00:00,24,2,Cboe Volatility Index | DAX INDEX,ledoit_wolf,,unconstrained,2.07561131766597e-05,4.076435020616264e-05,0.10135391581953301,1.9639683913461337,-8.81870135240735,4.356371244144418,0.15126942302613958,2.8214737072560743,False,False,-6.875411061682992e-05,0.10152358202665546,0.0014107368536280373,-7.995043485197303e-05,0.1017320985577995,0.0028214737072560746,-0.00010234308332225936,0.10226468773490495,0.005642947414512149
8,504,2014-03-27T00:00:00,2016-04-05T00:00:00,2016-04-06T00:00:00,2016-10-05T00:00:00,24,2,Cboe Volatility Index | DAX INDEX,oas_shrinkage,,unconstrained,2.0126387778192034e-05,4.239160816325443e-05,0.10335707647345738,2.106270068451523,-8.707208710663028,4.610676113103768,0.1643132504217869,3.0388693655717165,False,False,-0.00010224201521557774,0.1035542371422141,0.0015194346827858583,-0.00011430102063451316,0.10379551787092117,0.0030388693655717166,-0.0001384190314723839,0.10440916009205974,0.006077738731143433
8,504,2014-03-27T00:00:00,2016-04-05T00:00:00,2016-04-06T00:00:00,2016-10-05T00:00:00,24,2,Cboe Volatility Index | DAX INDEX,nonlinear_shrinkage_qis,,unconstrained,2.3050792517609946e-05,3.7673992089722524e-05,0.09743636901388554,1.6343903169897953,-9.043420089580156,3.622557197079691,0.12459242524490696,2.1362155608277797,False,False,-3.0405527674421608e-05,0.09754031285691313,0.0010681077804138898,-3.888257355072231e-05,0.09766751084552754,0.0021362155608277795,-5.5836665303323716e-05,0.09799129048339801,0.004272431121655559
8,504,2014-03-27T00:00:00,2016-04-05T00:00:00,2016-04-06T00:00:00,2016-10-05T00:00:00,24,2,Cboe Volatility Index | DAX INDEX,pca_matched,,unconstrained,1.0142736340759727e-05,0.00010942291404664855,0.16605593738182153,10.788303113718953,-0.710449626396187,2.7140779781377042,0.09907506956515173,0.8723219156751261,False,False,-0.0002952904626631176,0.16606733668542634,0.00043616095783756306,-0.00029875205756659033,0.16608102610879616,0.0008723219156751261,-0.0003056752473735357,0.1661152729553912,0.0017446438313502522
8,504,2014-03-27T00:00:00,2016-04-05T00:00:00,2016-04-06T00:00:00,2016-10-05T00:00:00,24,2,Cboe Volatility Index | DAX INDEX,pca_plus_two,,unconstrained,1.2248468423503459e-05,0.00010300968708381782,0.16111623488997653,8.410005522498928,-2.9001041329438735,2.9818002235816046,0.11888545170275884,1.467693745863983,False,False,-0.0002637450555721296,0.1611369767279246,0.0007338468729319915,-0.0002695692371033358,0.16116439903974128,0.001467693745863983,-0.0002812176001657484,0.16123927062067242,0.002935387491727966
8,504,2014-03-27T00:00:00,2016-04-05T00:00:00,2016-04-06T00:00:00,2016-10-05T00:00:00,24,2,Cboe Volatility Index | DAX INDEX,poet_soft_c0_5,,unconstrained,1.7490785373226692e-05,4.95897847542069e-05,0.11178830778780104,2.835194858094505,-8.11864150771782,3.072786666749093,0.15136183367617256,1.610966787352375,False,False,-3.8671367379616836e-05,0.11183741307371589,0.0008054833936761875,-4.506409272625328e-05,0.11189809373698789,0.001610966787352375,-5.78495434195261e-05,0.11205410238738754,0.00322193357470475
8,504,2014-03-27T00:00:00,2016-04-05T00:00:00,2016-04-06T00:00:00,2016-10-05T00:00:00,24,2,Cboe Volatility Index | DAX INDEX,structured_q0,,unconstrained,1.2108344912946982e-05,0.00010041336120310294,0.15907283559169347,8.292905589081364,-3.0287100917608996,2.598767957245297,0.10788306760196996,0.7507539184214909,False,False,-0.0004925948604427309,0.15907970252683534,0.0003753769592107454,-0.0004955740426586892,0.1590883406171456,0.0007507539184214908,-0.0005015324070906059,0.15911092905025742,0.0015015078368429816
8,504,2014-03-27T00:00:00,2016-04-05T00:00:00,2016-04-06T00:00:00,2016-10-05T00:00:00,24,2,Cboe Volatility Index | DAX INDEX,residual_aware_qr,0.5,unconstrained,2.0891873160417698e-05,4.1649125144469197e-05,0.10244793573521253,1.99355628979113,-8.782594028820963,2.9163649868738846,0.14283280612607838,1.5779225591771873,False,False,5.839946612719222e-05,0.10249626078723147,0.0007889612795885936,5.213786867013978e-05,0.1025567026279845,0.0015779225591771872,3.961467375603513e-05,0.10271384682628965,0.0031558451183543745
9,504,2014-09-29T00:00:00,2016-10-05T00:00:00,2016-10-06T00:00:00,2017-04-06T00:00:00,25,2,Cboe Volatility Index | S&P/BMV IPC,equal_weight,,unconstrained,9.74824033573701e-05,3.4047724178557386e-05,0.09262843242221289,0.3492704632418485,-8.886568211392754,1.0000000000000002,0.006666666666666667,0.12168893006232147,False,False,0.0008787986339967735,0.09262708636273113,6.084446503116073e-05,0.0008783157414171611,0.09262582021929387,0.00012168893006232146,0.0008773499562579364,0.09262352769345504,0.00024337786012464292
9,504,2014-09-29T00:00:00,2016-10-05T00:00:00,2016-10-06T00:00:00,2017-04-06T00:00:00,25,2,Cboe Volatility Index | S&P/BMV IPC,sample_covariance,,unconstrained,2.0458723336263814e-05,3.9663233335388943e-05,0.09997567104309935,1.9386954250993977,-8.858405772320305,5.281040593872441,0.20077352421858655,3.01040196849977,False,False,0.0017781916250735417,0.10008690025786578,0.001505200984249885,0.0017662455855160027,0.10024321885269787,0.00301040196849977,0.0017423535064009252,0.10069022361396132,0.00602080393699954
9,504,2014-09-29T00:00:00,2016-10-05T00:00:00,2016-10-06T00:00:00,2017-04-06T00:00:00,25,2,Cboe Volatility Index | S&P/BMV IPC,ridge_10pct,,unconstrained,2.6085860771709788e-05,2.6805293575749612e-05,0.08218840539327249,1.027579415927116,-9.526537707383469,3.3595827783554735,0.09737022837307942,1.384004813467742,False,False,0.0012588642344042531,0.08221096956320434,0.000692002406733871,0.001253372151811127,0.08224517324000857,0.001384004813467742,0.001242387986624875,0.0823484361646531,0.002768009626935484
9,504,2014-09-29T00:00:00,2016-10-05T00:00:00,2016-10-06T00:00:00,2017-04-06T00:00:00,25,2,Cboe Volatility Index | S&P/BMV IPC,ledoit_wolf,,unconstrained,2.3051552376870515e-05,3.208403107476447e-05,0.08991760578908141,1.3918381959801098,-9.285939246571964,4.318347597379363,0.12905505245624532,2.0987647694067233,False,False,0.0015020815013293924,0.08997569802346306,0.0010493823847033618,0.0014937530697047624,0.09005821146533768,0.0020987647694067236,0.0014770962064555027,0.09029621436173017,0.004197529538813447
9,504,2014-09-29T00:00:00,2016-10-05T00:00:00,2016-10-06T00:00:00,2017-04-06T00:00:00,25,2,Cboe Volatility Index | S&P/BMV IPC,oas_shrinkage,,unconstrained,2.2392603711285077e-05,3.357208015174915e-05,0.09197915088888778,1.4992486172936654,-9.207531227795306,4.54163402946633,0.1352343928647749,2.293081525672923,False,False,0.001563039981607593,0.09204802492797787,0.0011465407628364615,0.0015539404517438118,0.09214538409994211,0.002293081525672923,0.0015357413920162489,0.09242517143692223,0.004586163051345846
9,504,2014-09-29T00:00:00,2016-10-05T00:00:00,2016-10-06T00:00:00,2017-04-06T00:00:00,25,2,Cboe Volatility Index | S&P/BMV IPC,nonlinear_shrinkage_qis,,unconstrained,2.5767501031386524e-05,2.789894714003638e-05,0.0838482836991263,1.0827183864688164,-9.483678123540006,3.5607053562824085,0.09855015221132796,1.5590871467550134,False,False,0.0013397621196872824,0.08387458166183372,0.0007795435733775067,0.0013335752659303182,0.08391535599243582,0.0015590871467550133,0.0013212015584163894,0.08404024199340458,0.0031181742935100266
9,504,2014-09-29T00:00:00,2016-10-05T00:00:00,2016-10-06T00:00:00,2017-04-06T00:00:00,25,2,Cboe Volatility Index | S&P/BMV IPC,pca_matched,,unconstrained,9.995065948390737e-06,7.354262916458912e-05,0.13613501588304333,7.357893339005923,-4.155525652889613,2.591937145321138,0.07345564394011703,0.6901163562986322,False,False,0.0005058785810794332,0.1361272414556972,0.0003450581781493161,0.0005031400241099942,0.1361212159943635,0.0006901163562986321,0.0004976629101711162,0.13611441283138528,0.0013802327125972643
9,504,2014-09-29T00:00:00,2016-10-05T00:00:00,2016-10-06T00:00:00,2017-04-06T00:00:00,25,2,Cboe Volatility Index | S&P/BMV IPC,pca_plus_two,,unconstrained,1.647387481711443e-05,4.3595053298735446e-05,0.10481389903672762,2.6463144695894667,-8.367420306700062,3.018985430122216,0.1055178988408579,1.090538197556284,False,False,0.0007066055747010618,0.10477008042042697,0.0005452690987781419,0.0007022780421710764,0.1047319213271888,0.0010905381975562839,0.0006936229771111059,0.10467260555049211,0.0021810763951125678
9,504,2014-09-29T00:00:00,2016-10-05T00:00:00,2016-10-06T00:00:00,2017-04-06T00:00:00,25,2,Cboe Volatility Index | S&P/BMV IPC,poet_soft_c0_5,,unconstrained,1.973027850542322e-05,2.821165612800313e-05,0.08431688647155319,1.4298660873057951,-9.40349003488865,3.20395181429401,0.11761970433335095,1.121214922363083,False,False,0.000934597342886568,0.08430403640555717,0.0005606074611815415,0.0009301480773216352,0.08429864107554973,0.001121214922363083,0.0009212495461917695,0.0843102183707316,0.002242429844726166
9,504,2014-09-29T00:00:00,2016-10-05T00:00:00,2016-10-06T00:00:00,2017-04-06T00:00:00,25,2,Cboe Volatility Index | S&P/BMV IPC,structured_q0,,unconstrained,1.3225681744223336e-05,6.816456873951613e-05,0.13106285256455416,5.153955014023288,-6.079395017867541,2.5869409948888356,0.08366193970647783,0.7641474284111449,False,False,0.0005570324419740403,0.13105421536334616,0.0003820737142055725,0.0005540001109089167,0.13104780550600195,0.000764147428411145,0.0005479354487786695,0.13104166901672593,0.00152829485682229
9,504,2014-09-29T00:00:00,2016-10-05T00:00:00,2016-10-06T00:00:00,2017-04-06T00:00:00,25,2,Cboe Volatility Index | S&P/BMV IPC,residual_aware_qr,0.5,unconstrained,2.384994004301293e-05,2.5109318601817142e-05,0.07954588793682499,1.0528042651903085,-9.590924589362569,2.8083068324344405,0.11013023057126733,1.017720379027465,False,False,0.0011439753213387579,0.07953839563629359,0.0005088601895137325,0.0011399367484061093,0.07953741401317431,0.001017720379027465,0.001131859602540812,0.07955498216471316,0.00203544075805493
10,504,2015-04-01T00:00:00,2017-04-06T00:00:00,2017-04-07T00:00:00,2017-10-09T00:00:00,26,3,Cboe Volatility Index | CAD-JPY X-RATE | S&P/BMV IPC,equal_weight,,unconstrained,8.621857383249116e-05,2.7840147335418474e-05,0.0837598777967438,0.3229019699340818,-9.035722959876875,1.0000000000000002,0.006666666666666667,0.10506751964299829,False,False,0.0007404520362620605,0.08376346616172292,5.253375982149915e-05,0.0007400351016603026,0.08376712026511611,0.0001050675196429983,0.0007392012324567866,0.08377462565258133,0.0002101350392859966
10,504,2015-04-01T00:00:00,2017-04-06T00:00:00,2017-04-07T00:00:00,2017-10-09T00:00:00,26,3,Cboe Volatility Index | CAD-JPY X-RATE | S&P/BMV IPC,sample_covariance,,unconstrained,1.9663199360960487e-05,2.9258426834695e-05,0.08586689444915974,1.4879789548787759,-9.348782767071185,4.711791204493805,0.14776561416385894,2.5875668091725648,False,False,-6.930972538522018e-05,0.08591130480746946,0.0012937834045862824,-7.957784764384148e-05,0.08599463080386262,0.002587566809172565,-0.00010011409216108405,0.08627752604131542,0.00517513361834513
10,504,2015-04-01T00:00:00,2017-04-06T00:00:00,2017-04-07T00:00:00,2017-10-09T00:00:00,26,3,Cboe Volatility Index | CAD-JPY X-RATE | S&P/BMV IPC,ridge_10pct,,unconstrained,2.36059394944012e-05,2.2213175414937583e-05,0.07481791366086246,0.9409994217856082,-9.713012782319986,3.101574867119045,0.1049816009986977,1.4658990216929317,False,False,-5.006277037014618e-05,0.07485363299411286,0.0007329495108464659,-5.587982998003876e-05,0.07490368081885036,0.0014658990216929318,-6.751394919982393e-05,0.075046639069497,0.0029317980433858637
10,504,2015-04-01T00:00:00,2017-04-06T00:00:00,2017-04-07T00:00:00,2017-10-09T00:00:00,26,3,Cboe Volatility Index | CAD-JPY X-RATE | S&P/BMV IPC,ledoit_wolf,,unconstrained,2.1718202876679345e-05,2.515293704190196e-05,0.07961494919020733,1.1581500175095416,-9.579209789296558,3.799247010919556,0.12332543645983217,1.9965800216745755,False,False,-6.079972871590406e-05,0.07965550184773103,0.0009982900108372879,-6.872266530985076e-05,0.0797210395469817,0.0019965800216745757,-8.456853849774425e-05,0.07992680079594919,0.0039931600433491515
10,504,2015-04-01T00:00:00,2017-04-06T00:00:00,2017-04-07T00:00:00,2017-10-09T00:00:00,26,3,Cboe Volatility Index | CAD-JPY X-RATE | S&P/BMV IPC,oas_shrinkage,,unconstrained,2.1114277079834552e-05,2.6194280753632816e-05,0.08124628452991232,1.2405956715728612,-9.524965435871533,4.0403061854228595,0.127616238381438,2.124343739410123,False,False,-6.20568087326041e-05,0.08128693854801149,0.0010621718697050614,-7.04867442064538e-05,0.08135531232454397,0.002124343739410123,-8.734661515415316e-05,0.08157491208837071,0.004248687478820246
10,504,2015-04-01T00:00:00,2017-04-06T00:00:00,2017-04-07T00:00:00,2017-10-09T00:00:00,26,3,Cboe Volatility Index | CAD-JPY X-RATE | S&P/BMV IPC,nonlinear_shrinkage_qis,,unconstrained,2.3553527882711037e-05,2.226358173354897e-05,0.07490275426747899,0.9452334208452516,-9.711001523939311,3.2148217937488885,0.10211212883492746,1.5938362941245312,False,False,-7.71144092609258e-05,0.07494425992185039,0.0007969181470622657,-8.343915645983266e-05,0.07500267933711346,0.0015938362941245313,-9.608865085764639e-05,0.07517009029638896,0.0031876725882490626
10,504,2015-04-01T00:00:00,2017-04-06T00:00:00,2017-04-07T00:00:00,2017-10-09T00:00:00,26,3,Cboe Volatility Index | CAD-JPY X-RATE | S&P/BMV IPC,pca_matched,,unconstrained,1.0271923141346082e-05,2.726280141552019e-05,0.0828868261951867,2.6541087818096294,-8.831987511580625,2.6154984171255915,0.06863516851264005,0.8393820603329045,False,False,-0.0003124983351476904,0.08290686061531367,0.00041969103016645227,-0.00031582921633948767,0.08293113817925218,0.0008393820603329045,-0.00032249097872308216,0.08299240719291247,0.001678764120665809
10,504,2015-04-01T00:00:00,2017-04-06T00:00:00,2017-04-07T00:00:00,2017-10-09T00:00:00,26,3,Cboe Volatility Index | CAD-JPY X-RATE | S&P/BMV IPC,pca_plus_two,,unconstrained,1.740071290193789e-05,3.3159429275287286e-05,0.09141212270466317,1.905636249627127,-9.053363131580227,3.044517384299596,0.10715272854487827,1.240726980926173,False,False,-0.0002224995309618228,0.09144181331894956,0.0006203634904630865,-0.00022742305072740284,0.09147990857113954,0.001240726980926173,-0.00023727009025856303,0.09158126872216008,0.002481453961852346
10,504,2015-04-01T00:00:00,2017-04-06T00:00:00,2017-04-07T00:00:00,2017-10-09T00:00:00,26,3,Cboe Volatility Index | CAD-JPY X-RATE | S&P/BMV IPC,poet_soft_c0_5,,unconstrained,1.87214648763127e-05,2.1009940174760366e-05,0.07276334876872842,1.1222380467322914,-9.763601791304279,3.032641903525687,0.11614700197195454,1.3123691525201466,False,False,-0.00021929973991390565,0.07279262833342262,0.0006561845762600733,-0.0002245075540112078,0.07283372068024864,0.0013123691525201465,-0.00023492318220581215,0.07295125813436863,0.002624738305040293
10,504,2015-04-01T00:00:00,2017-04-06T00:00:00,2017-04-07T00:00:00,2017-10-09T00:00:00,26,3,Cboe Volatility Index | CAD-JPY X-RATE | S&P/BMV IPC,structured_q0,,unconstrained,1.3259133366269423e-05,2.5583288644698436e-05,0.08029314253698136,1.9294842232887597,-9.301339709046914,2.3856596377727004,0.07965977285203626,0.9742550233854628,False,False,-7.786273254990089e-05,0.08031814034544082,0.0004871275116927314,-8.172882391254161e-05,0.08034903715344972,0.0009742550233854628,-8.946100663782304e-05,0.08042849927675667,0.0019485100467709255
10,504,2015-04-01T00:00:00,2017-04-06T00:00:00,2017-04-07T00:00:00,2017-10-09T00:00:00,26,3,Cboe Volatility Index | CAD-JPY X-RATE | S&P/BMV IPC,residual_aware_qr,0.5,unconstrained,2.156580526189799e-05,2.0178263342463683e-05,0.07130864156819178,0.9356600923274687,-9.808741495084243,2.668125311762899,0.09668321685492863,1.0638730528669162,False,False,-3.464295778606486e-05,0.07133843470904698,0.0005319365264334581,-3.886467624982245e-05,0.07137614445349148,0.0010638730528669163,-4.730811317733765e-05,0.07147526100183886,0.0021277461057338325
11,504,2015-10-01T00:00:00,2017-10-09T00:00:00,2017-10-10T00:00:00,2018-04-11T00:00:00,27,3,Cboe Volatility Index | CAD-JPY X-RATE | S&P/BMV IPC,equal_weight,,unconstrained,6.758992677012163e-05,7.889468413870304e-05,0.1410016326251337,1.167255061645942,-8.434796536649152,1.0000000000000002,0.006666666666666667,0.10700524295664526,False,False,0.0003892897925090614,0.1409997131380217,5.350262147832263e-05,0.00038886516852907477,0.14099783422867768,0.00010700524295664526,0.0003880159205691014,0.14099419814974745,0.00021401048591329053
11,504,2015-10-01T00:00:00,2017-10-09T00:00:00,2017-10-10T00:00:00,2018-04-11T00:00:00,27,3,Cboe Volatility Index | CAD-JPY X-RATE | S&P/BMV IPC,sample_covariance,,unconstrained,1.45276738773672e-05,5.535231607792599e-05,0.11810496878471011,3.810129312178454,-7.329325872047287,4.37543370160812,0.13248779465747018,3.0982821632724775,False,False,1.580984482943786e-05,0.11813779571919698,0.0015491410816362388,3.515074340261381e-06,0.11821122305224381,0.0030982821632724775,-2.1074466638091562e-05,0.11847953523216714,0.006196564326544955
11,504,2015-10-01T00:00:00,2017-10-09T00:00:00,2017-10-10T00:00:00,2018-04-11T00:00:00,27,3,Cboe Volatility Index | CAD-JPY X-RATE | S&P/BMV IPC,ridge_10pct,,unconstrained,1.752856477219295e-05,5.1299944684908e-05,0.11369954292167062,2.926648322416531,-8.025030412630755,2.8947637497503274,0.09257356979889429,1.8524895476876138,False,False,0.00020159700550713178,0.11368731120968996,0.000926244773843807,0.00019424585650837134,0.11369017159414117,0.001852489547687614,0.00017954355851085063,0.11374115809024841,0.003704979095375228
11,504,2015-10-01T00:00:00,2017-10-09T00:00:00,2017-10-10T00:00:00,2018-04-11T00:00:00,27,3,Cboe Volatility Index | CAD-JPY X-RATE | S&P/BMV IPC,ledoit_wolf,,unconstrained,1.6291171818868385e-05,5.1946776924686024e-05,0.11441410658227803,3.188645820095116,-7.836241382982454,3.4896211853940358,0.11053083127669344,2.3889340383300324,False,False,0.00011862326162786879,0.11441853235411474,0.0011944670191650162,0.00010914336465036862,0.11444789344045529,0.0023889340383300324,9.018357069536839e-05,0.11458132860223219,0.004777868076660065
11,504,2015-10-01T00:00:00,2017-10-09T00:00:00,2017-10-10T00:00:00,2018-04-11T00:00:00,27,3,Cboe Volatility Index | CAD-JPY X-RATE | S&P/BMV IPC,oas_shrinkage,,unconstrained,1.584282289960853e-05,5.250903267849592e-05,0.11503163145405255,3.3143735186103354,-7.738420455486649,3.7005696689170255,0.1159458138130479,2.5694378585743154,False,False,9.043259095014223e-05,0.11504280385408648,0.0012847189292871577,8.023640897167266e-05,0.11508266252197909,0.0025694378585743153,5.984404501473364e-05,0.11524829818678792,0.005138875717148631
11,504,2015-10-01T00:00:00,2017-10-09T00:00:00,2017-10-10T00:00:00,2018-04-11T00:00:00,27,3,Cboe Volatility Index | CAD-JPY X-RATE | S&P/BMV IPC,nonlinear_shrinkage_qis,,unconstrained,1.755588819130427e-05,5.194542372075236e-05,0.11441261633941248,2.958860477733152,-7.991260677113939,2.931188428787438,0.09043365298989244,1.957180633803499,False,False,0.00022207239021527648,0.11439506567102144,0.0009785903169017495,0.00021430580039859598,0.11439425631629568,0.001957180633803499,0.00019877262076523487,0.11444285562157405,0.003914361267606998
11,504,2015-10-01T00:00:00,2017-10-09T00:00:00,2017-10-10T00:00:00,2018-04-11T00:00:00,27,3,Cboe Volatility Index | CAD-JPY X-RATE | S&P/BMV IPC,pca_matched,,unconstrained,6.44500677491443e-06,5.155771284532713e-05,0.11398483950518347,7.999636718149401,-3.9525681522350693,2.063420034234393,0.05483959676159281,1.1391566476478538,False,False,-1.2628098586713923e-05,0.11392339423432712,0.0005695783238239269,-1.714856147420541e-05,0.11386761413406923,0.0011391566476478539,-2.6189487249188377e-05,0.11377308192898554,0.0022783132952957077
11,504,2015-10-01T00:00:00,2017-10-09T00:00:00,2017-10-10T00:00:00,2018-04-11T00:00:00,27,3,Cboe Volatility Index | CAD-JPY X-RATE | S&P/BMV IPC,pca_plus_two,,unconstrained,1.1699748031768849e-05,6.540738013547035e-05,0.12838481138412958,5.590494766029727,-5.765448486108986,2.6949680801269205,0.06816375965399948,1.40396048512737,False,False,3.557645121774755e-05,0.1283243430870419,0.000701980242563685,3.000517945136912e-05,0.1282715298433247,0.00140396048512737,1.8862635918612256e-05,0.12818890499076183,0.00280792097025474
11,504,2015-10-01T00:00:00,2017-10-09T00:00:00,2017-10-10T00:00:00,2018-04-11T00:00:00,27,3,Cboe Volatility Index | CAD-JPY X-RATE | S&P/BMV IPC,poet_soft_c0_5,,unconstrained,1.3141720037905227e-05,5.527424368341523e-05,0.11802164804907886,4.2060128753302735,-7.033705777238282,2.6402520402882725,0.07853616104314652,1.7113772385449764,False,False,0.00026832208039669953,0.11797246427699146,0.0008556886192724882,0.0002615309008786639,0.1179356776340562,0.0017113772385449763,0.00024794854184259266,0.11789933824240846,0.0034227544770899527
11,504,2015-10-01T00:00:00,2017-10-09T00:00:00,2017-10-10T00:00:00,2018-04-11T00:00:00,27,3,Cboe Volatility Index | CAD-JPY X-RATE | S&P/BMV IPC,structured_q0,,unconstrained,8.675608571268799e-06,5.255745404335236e-05,0.1150846576174461,6.058071155654489,-5.596923926629777,2.0078857312720415,0.05473853445401722,0.9565297417552081,False,False,-6.266689315485067e-05,0.11504422656884647,0.000478264870877604,-6.646264609832367e-05,0.11500775914637339,0.000956529741755208,-7.405415198526978e-05,0.11494672985954454,0.001913059483510416
11,504,2015-10-01T00:00:00,2017-10-09T00:00:00,2017-10-10T00:00:00,2018-04-11T00:00:00,27,3,Cboe Volatility Index | CAD-JPY X-RATE | S&P/BMV IPC,residual_aware_qr,0.25,unconstrained,1.3482019627425687e-05,5.009545977312623e-05,0.11235682383739676,3.71572369403913,-7.498429945670474,2.0196507663212637,0.06484368394455599,1.6435249123541533,False,False,0.0001490304327493744,0.1123136839892867,0.0008217624561770766,0.00014250850849400082,0.112282556676451,0.001643524912354153,0.00012946465998325352,0.1122563757713706,0.003287049824708306
12,504,2016-04-06T00:00:00,2018-04-11T00:00:00,2018-04-12T00:00:00,2018-10-09T00:00:00,28,3,Cboe Volatility Index | CAD-JPY X-RATE | U.S. Corporate High Yield,equal_weight,,unconstrained,5.4794740779879655e-05,2.765510269904951e-05,0.08348105102453177,0.5047035957364054,-9.307212744049506,1.0000000000000002,0.006666666666666667,0.12505904807827745,False,False,0.0006031106292592403,0.08347369701944735,6.252952403913871e-05,0.0006026143631954378,0.083466436055423,0.00012505904807827743,0.0006016218310678324,0.08345219334738652,0.00025011809615655485
12,504,2016-04-06T00:00:00,2018-04-11T00:00:00,2018-04-12T00:00:00,2018-10-09T00:00:00,28,3,Cboe Volatility Index | CAD-JPY X-RATE | U.S. Corporate High Yield,sample_covariance,,unconstrained,1.4901694957957304e-05,2.107248762197466e-05,0.07287157800361958,1.414100052472369,-9.699935543442562,4.404983626836604,0.14051893665441953,3.3883488523909104,False,False,0.0013028542968164867,0.07301640583502997,0.0016941744261954553,0.0012894084680371578,0.07323936830243336,0.0033883488523909107,0.0012625168104784996,0.07391662120067004,0.006776697704781821
12,504,2016-04-06T00:00:00,2018-04-11T00:00:00,2018-04-12T00:00:00,2018-10-09T00:00:00,28,3,Cboe Volatility Index | CAD-JPY X-RATE | U.S. Corporate High Yield,ridge_10pct,,unconstrained,1.7438803627997852e-05,1.7636860727086896e-05,0.0666670001066937,1.0113572641400161,-9.945455477008514,3.0695398939701626,0.07465447339685104,2.0839808033193337,False,False,0.0012271530814621013,0.06674241815113004,0.0010419904016596667,0.0012188833163695643,0.06685024184012567,0.0020839808033193334,0.0012023437861844902,0.06716243495358913,0.004167961606638667
12,504,2016-04-06T00:00:00,2018-04-11T00:00:00,2018-04-12T00:00:00,2018-10-09T00:00:00,28,3,Cboe Volatility Index | CAD-JPY X-RATE | U.S. Corporate High Yield,ledoit_wolf,,unconstrained,1.668541078579841e-05,1.8403076086181755e-05,0.06809974429994434,1.1029441421870965,-9.898031683811077,3.476953092264673,0.08588289294338655,2.5203988342299013,False,False,0.0012632209488117265,0.06819852784000068,0.0012601994171149507,0.0012532193661362106,0.06834365834261784,0.0025203988342299014,0.0012332162007851798,0.06877169285920992,0.005040797668459803
12,504,2016-04-06T00:00:00,2018-04-11T00:00:00,2018-04-12T00:00:00,2018-10-09T00:00:00,28,3,Cboe Volatility Index | CAD-JPY X-RATE | U.S. Corporate High Yield,oas_shrinkage,,unconstrained,1.6193475196675194e-05,1.90022410069681e-05,0.06919945616661999,1.1734504654609035,-9.857451697034232,3.73013151308697,0.0925113741017966,2.734513371959221,False,False,0.0012804872852564715,0.06931031893446701,0.0013672566859796104,0.001269636041716951,0.06947484041882022,0.002734513371959221,0.0012479335546379095,0.06996322192560038,0.005469026743918442
12,504,2016-04-06T00:00:00,2018-04-11T00:00:00,2018-04-12T00:00:00,2018-10-09T00:00:00,28,3,Cboe Volatility Index | CAD-JPY X-RATE | U.S. Corporate High Yield,nonlinear_shrinkage_qis,,unconstrained,1.7905833398958536e-05,1.7705927820019396e-05,0.06679740871205175,0.9888357288663946,-9.941548281131224,3.0096760134533738,0.0783412445941244,2.086880488179797,False,False,0.0012244650687095418,0.06687606618996994,0.0010434402440898985,0.0012161837969310507,0.06698714591335818,0.002086880488179797,0.0011996212533740684,0.06730588314016815,0.004173760976359594
12,504,2016-04-06T00:00:00,2018-04-11T00:00:00,2018-04-12T00:00:00,2018-10-09T00:00:00,28,3,Cboe Volatility Index | CAD-JPY X-RATE | U.S. Corporate High Yield,pca_matched,,unconstrained,7.10226416711475e-06,4.429593860419575e-05,0.10565309521380492,6.23687567259142,-5.618221255385629,2.049974518049582,0.06417165364292252,0.8256812342825625,False,False,0.0012388291330071046,0.10575616951817306,0.0004128406171412812,0.00123555262017265,0.1058623634893744,0.0008256812342825624,0.0012289995945037409,0.10608407268227459,0.0016513624685651248
12,504,2016-04-06T00:00:00,2018-04-11T00:00:00,2018-04-12T00:00:00,2018-10-09T00:00:00,28,3,Cboe Volatility Index | CAD-JPY X-RATE | U.S. Corporate High Yield,pca_plus_two,,unconstrained,1.410622338901764e-05,3.066063638118428e-05,0.08790040027245859,2.173553865952175,-8.995340616897682,2.7765583844711066,0.08201487066951213,1.768832627273277,False,False,0.001614849599717167,0.08795726626305077,0.0008844163136366385,0.001607830422624813,0.0880318679669089,0.001768832627273277,0.0015937920684401042,0.08823408787357269,0.003537665254546554
12,504,2016-04-06T00:00:00,2018-04-11T00:00:00,2018-04-12T00:00:00,2018-10-09T00:00:00,28,3,Cboe Volatility Index | CAD-JPY X-RATE | U.S. Corporate High Yield,poet_soft_c0_5,,unconstrained,1.4365205447727944e-05,2.189337320174408e-05,0.07427738583741023,1.5240556970389045,-9.626645866631339,2.6622998361022603,0.07405283371894057,1.5259872102274212,False,False,0.0014153354624087124,0.0743168080986742,0.0007629936051137106,0.001409279957606223,0.07437186646895859,0.001525987210227421,0.0013971689480012431,0.07452874308061831,0.003051974420454842
12,504,2016-04-06T00:00:00,2018-04-11T00:00:00,2018-04-12T00:00:00,2018-10-09T00:00:00,28,3,Cboe Volatility Index | CAD-JPY X-RATE | U.S. Corporate High Yield,structured_q0,,unconstrained,7.252266566409747e-06,3.8038592572076556e-05,0.09790671748232238,5.24506266058387,-6.589133847522729,1.875474565151132,0.05740887017429731,0.9774542070023244,False,False,0.0009428701655932782,0.09801046063111603,0.0004887271035011622,0.0009389913790575548,0.09811896287064284,0.0009774542070023243,0.0009312338059861078,0.09835018092695623,0.0019549084140046487
12,504,2016-04-06T00:00:00,2018-04-11T00:00:00,2018-04-12T00:00:00,2018-10-09T00:00:00,28,3,Cboe Volatility Index | CAD-JPY X-RATE | U.S. Corporate High Yield,residual_aware_qr,0.0,unconstrained,7.252266566409747e-06,3.8038592572076556e-05,0.09790671748232238,5.24506266058387,-6.589133847522729,1.875474565151132,0.05740887017429731,1.5466708444646944,False,False,0.000940611369412872,0.0980730687327541,0.0007733354222323472,0.0009344737866967423,0.09825131288617388,0.0015466708444646943,0.0009221986212644828,0.0986432177210114,0.0030933416889293887
13,504,2016-10-06T00:00:00,2018-10-09T00:00:00,2018-10-10T00:00:00,2019-04-11T00:00:00,29,3,Cboe Volatility Index | CAD-JPY X-RATE | U.S. Corporate High Yield,equal_weight,,unconstrained,4.1891000629852306e-05,0.00013775305051933593,0.18631631364663873,3.288368586287016,-6.792070949921909,1.0000000000000002,0.006666666666666667,0.12680949690301271,False,False,0.000338835214123581,0.18633612155782203,6.340474845150636e-05,0.00033833200183428327,0.1863559705085906,0.0001268094969030127,0.00033732557725568805,0.18639579147641386,0.0002536189938060254
13,504,2016-10-06T00:00:00,2018-10-09T00:00:00,2018-10-10T00:00:00,2019-04-11T00:00:00,29,3,Cboe Volatility Index | CAD-JPY X-RATE | U.S. Corporate High Yield,sample_covariance,,unconstrained,1.2300545972097902e-05,5.6562437912517376e-05,0.11938900432600306,4.598368075760336,-6.707498832835245,4.015644275536398,0.12361475003795366,2.0187259163619187,False,False,0.00023703345316387916,0.11972732565222738,0.0010093629581809595,0.00022902263603545882,0.1200816635296165,0.002018725916361919,0.0002130010017786182,0.12083781897827868,0.004037451832723838
13,504,2016-10-06T00:00:00,2018-10-09T00:00:00,2018-10-10T00:00:00,2019-04-11T00:00:00,29,3,Cboe Volatility Index | CAD-JPY X-RATE | U.S. Corporate High Yield,ridge_10pct,,unconstrained,1.4252364896244532e-05,5.7993670495605033e-05,0.12089005320907287,4.069055971959169,-7.089531735428694,2.9276065120649264,0.06490181200834087,1.3481455324881626,False,False,0.0002098365418243908,0.12111317863317894,0.0006740727662440813,0.0002044867579653108,0.12134338304476652,0.0013481455324881625,0.0001937871902471508,0.12182486707611243,0.002696291064976325
13,504,2016-10-06T00:00:00,2018-10-09T00:00:00,2018-10-10T00:00:00,2019-04-11T00:00:00,29,3,Cboe Volatility Index | CAD-JPY X-RATE | U.S. Corporate High Yield,ledoit_wolf,,unconstrained,1.3883093098045465e-05,5.7289737592490415e-05,0.12015412549433159,4.1265831171697585,-7.058255664861759,3.1502027194717153,0.06975126111655262,1.5294528310142543,False,False,0.000211362169406631,0.12040811476406214,0.0007647264155071272,0.00020529291214070144,0.12067126233998643,0.0015294528310142543,0.00019315439760884235,0.12122479177129261,0.0030589056620285086
13,504,2016-10-06T00:00:00,2018-10-09T00:00:00,2018-10-10T00:00:00,2019-04-11T00:00:00,29,3,Cboe Volatility Index | CAD-JPY X-RATE | U.S. Corporate High Yield,oas_shrinkage,,unconstrained,1.3546277949612328e-05,5.686006455184152e-05,0.11970269949781444,4.197467729758842,-7.011931008679459,3.3464855560714177,0.07749959251923844,1.65214775013385,False,False,0.00021423425652181385,0.1199777567632729,0.0008260738750669249,0.0002076781146562033,0.12026353379565381,0.0016521477501338499,0.00019456583092498225,0.12086694016035052,0.0033042955002676997
13,504,2016-10-06T00:00:00,2018-10-09T00:00:00,2018-10-10T00:00:00,2019-04-11T00:00:00,29,3,Cboe Volatility Index | CAD-JPY X-RATE | U.S. Corporate High Yield,nonlinear_shrinkage_qis,,unconstrained,1.492286013462667e-05,5.7650657482063366e-05,0.1205320110405529,3.863244509562351,-7.24937177396675,2.7760141695276768,0.07484147045991461,1.3030585261890475,False,False,0.00020705556563881277,0.12074787602201921,0.0006515292630945238,0.00020188469847139598,0.12097037407440113,0.0013030585261890476,0.00019154296413656215,0.12143512246467993,0.002606117052378095
13,504,2016-10-06T00:00:00,2018-10-09T00:00:00,2018-10-10T00:00:00,2019-04-11T00:00:00,29,3,Cboe Volatility Index | CAD-JPY X-RATE | U.S. Corporate High Yield,pca_matched,,unconstrained,8.749735704838609e-06,8.333218590876648e-05,0.14491276979275897,9.523966062504464,-2.122521000707774,2.226053979783943,0.07214076831726483,1.2374666727896355,False,False,-2.6686586385593055e-05,0.14500986268790172,0.0006187333363948177,-3.159716842047273e-05,0.14511216705805663,0.0012374666727896354,-4.1418332490231645e-05,0.14533236564037127,0.002474933345579271
13,504,2016-10-06T00:00:00,2018-10-09T00:00:00,2018-10-10T00:00:00,2019-04-11T00:00:00,29,3,Cboe Volatility Index | CAD-JPY X-RATE | U.S. Corporate High Yield,pca_plus_two,,unconstrained,1.1844058623357136e-05,6.758164068819685e-05,0.13050123927927124,5.705952903249071,-5.637731294863223,2.4353306961337537,0.07813315338392039,1.5977863474447638,False,False,0.00026957041352164093,0.1307036125793735,0.0007988931737223819,0.00026322999150797124,0.1309154236535344,0.0015977863474447638,0.0002505491474806319,0.13136717448507262,0.0031955726948895277
13,504,2016-10-06T00:00:00,2018-10-09T00:00:00,2018-10-10T00:00:00,2019-04-11T00:00:00,29,3,Cboe Volatility Index | CAD-JPY X-RATE | U.S. Corporate High Yield,poet_soft_c0_5,,unconstrained,1.3689473829736575e-05,6.142457439171708e-05,0.12441460021521873,4.4869930835682865,-6.711890270477316,2.583612932068636,0.09165833801868029,1.4960222796591838,False,False,5.5162939551936216e-05,0.12465022780231874,0.0007480111398295918,4.9226343204082354e-05,0.12489437104324778,0.0014960222796591837,3.735315050837455e-05,0.12540800381358896,0.0029920445593183674
13,504,2016-10-06T00:00:00,2018-10-09T00:00:00,2018-10-10T00:00:00,2019-04-11T00:00:00,29,3,Cboe Volatility Index | CAD-JPY X-RATE | U.S. Corporate High Yield,structured_q0,,unconstrained,5.598233532892881e-06,7.1111082856525e-05,0.13386557765103133,12.702414509631653,0.6093550590918042,1.6691039972020145,0.05962852834343996,0.5019864607568082,False,False,0.0005597271681249097,0.13390900612752718,0.0002509932303784041,0.0005577351583600017,0.13395336111754227,0.0005019864607568082,0.000553751138830186,0.13404484693995586,0.0010039729215136164
13,504,2016-10-06T00:00:00,2018-10-09T00:00:00,2018-10-10T00:00:00,2019-04-11T00:00:00,29,3,Cboe Volatility Index | CAD-JPY X-RATE | U.S. Corporate High Yield,residual_aware_qr,0.75,unconstrained,1.3875766079303635e-05,5.56925721508152e-05,0.11846741400910814,4.013657468172753,-7.171709218760415,2.7841498756765324,0.07521497488120711,2.366248707859584,False,False,0.00016232606561645838,0.11884955234810841,0.001183124353929792,0.00015293618979161876,0.11925394390808863,0.002366248707859584,0.00013415643814193955,0.12012857538925308,0.004732497415719168
14,504,2017-04-07T00:00:00,2019-04-11T00:00:00,2019-04-12T00:00:00,2019-10-11T00:00:00,30,2,Cboe Volatility Index | CAC 40 INDEX,equal_weight,,unconstrained,6.765636266929671e-05,8.384056268786222e-05,0.14535412549130236,1.2392117959056361,-8.361857359103302,1.0000000000000002,0.006666666666666667,0.12274177400052813,False,False,0.00013300942276844215,0.14534861195980492,6.137088700026407e-05,0.00013252235223669398,0.14534315004665924,0.00012274177400052814,0.00013154821117319774,0.14533238109864732,0.00024548354800105627
14,504,2017-04-07T00:00:00,2019-04-11T00:00:00,2019-04-12T00:00:00,2019-10-11T00:00:00,30,2,Cboe Volatility Index | CAC 40 INDEX,sample_covariance,,unconstrained,1.5379634393146376e-05,5.320996536724275e-05,0.1157968534656498,3.459767898706012,-7.622698467040271,4.499260992606072,0.1765663404486653,2.8896262305604434,False,False,0.0009557717423729407,0.11554949966042793,0.0014448131152802217,0.0009443049716167483,0.11533781864920818,0.0028896262305604433,0.000921371430104364,0.1150222296253184,0.005779252461120887
14,504,2017-04-07T00:00:00,2019-04-11T00:00:00,2019-04-12T00:00:00,2019-10-11T00:00:00,30,2,Cboe Volatility Index | CAC 40 INDEX,ridge_10pct,,unconstrained,1.8639978665526473e-05,4.690702694664768e-05,0.10872244842053189,2.5164742829560973,-8.373727610304687,3.1424021664855264,0.11633606874150564,1.824646973992099,False,False,0.0009168953003584221,0.10856892292954774,0.0009123234869960494,0.0009096546377632153,0.10843053351426729,0.0018246469739920989,0.0008951733125728018,0.10819938887138347,0.0036492939479841977
14,504,2017-04-07T00:00:00,2019-04-11T00:00:00,2019-04-12T00:00:00,2019-10-11T00:00:00,30,2,Cboe Volatility Index | CAC 40 INDEX,ledoit_wolf,,unconstrained,1.7310521948628827e-05,4.906476491487624e-05,0.111194967325634,2.8343896885652646,-8.129806347653998,3.626372820769313,0.12818795147362952,2.136436317471304,False,False,0.0009472403080717634,0.11100895447138555,0.0010682181587356521,0.0009387623861770361,0.11084322057415193,0.0021364363174713043,0.0009218065423875812,0.11057294323886753,0.0042728726349426085
14,504,2017-04-07T00:00:00,2019-04-11T00:00:00,2019-04-12T00:00:00,2019-10-11T00:00:00,30,2,Cboe Volatility Index | CAC 40 INDEX,oas_shrinkage,,unconstrained,1.6800825345631586e-05,4.9985425726883546e-05,0.11223336082990054,2.9751767962923528,-8.01890574875327,3.8313045694465195,0.131483018716356,2.3000543278046948,False,False,0.0009524688890184156,0.11203224062000244,0.0011500271639023473,0.0009433416893049049,0.11185440913711203,0.0023000543278046946,0.0009250872898778835,0.11156904321223546,0.004600108655609389
14,504,2017-04-07T00:00:00,2019-04-11T00:00:00,2019-04-12T00:00:00,2019-10-11T00:00:00,30,2,Cboe Volatility Index | CAC 40 INDEX,nonlinear_shrinkage_qis,,unconstrained,1.9196807038471906e-05,4.643445820636404e-05,0.10817339537984254,2.4188636221276667,-8.441902970711851,3.100269775227793,0.11220512956481021,1.805731214182956,False,False,0.000885386409287496,0.10802676149072252,0.000902865607091478,0.0008782208092312144,0.10789503970786163,0.001805731214182956,0.0008638896091186512,0.10767654517112737,0.003611462428365912
14,504,2017-04-07T00:00:00,2019-04-11T00:00:00,2019-04-12T00:00:00,2019-10-11T00:00:00,30,2,Cboe Volatility Index | CAC 40 INDEX,pca_matched,,unconstrained,6.434644381781602e-06,7.98423852016852e-05,0.14184597657609,12.408204784050353,0.4543908024807042,1.8883889669633551,0.07333782737148309,1.3919928024528327,False,False,0.0009776040989995433,0.14183736216295964,0.0006959964012264164,0.000972080318037429,0.141835577990258,0.0013919928024528328,0.0009610327561132002,0.1418525004104079,0.0027839856049056656
14,504,2017-04-07T00:00:00,2019-04-11T00:00:00,2019-04-12T00:00:00,2019-10-11T00:00:00,30,2,Cboe Volatility Index | CAC 40 INDEX,pca_plus_two,,unconstrained,1.6051638793180826e-05,4.990304881319141e-05,0.11214084135998015,3.1089067886570922,-7.930792819449435,2.668291081096645,0.10465374345650265,1.5261374456037644,False,False,0.0006800730610482395,0.11207859502564967,0.0007630687228018821,0.0006740169600736213,0.11202670985272128,0.0015261374456037643,0.0006619047581243852,0.11195407773698489,0.0030522748912075286
14,504,2017-04-07T00:00:00,2019-04-11T00:00:00,2019-04-12T00:00:00,2019-10-11T00:00:00,30,2,Cboe Volatility Index | CAC 40 INDEX,poet_soft_c0_5,,unconstrained,1.6738980893018876e-05,6.040003227367715e-05,0.12337263932074502,3.6083458520982874,-7.389424521211065,2.6752460727630654,0.08165132065442503,1.6973942889322036,False,False,0.0009634039399944401,0.12330310402383714,0.0008486971444661018,0.0009566682483716934,0.12324521872361563,0.0016973942889322035,0.0009431968651261995,0.12316446051108033,0.003394788577864407
14,504,2017-04-07T00:00:00,2019-04-11T00:00:00,2019-04-12T00:00:00,2019-10-11T00:00:00,30,2,Cboe Volatility Index | CAC 40 INDEX,structured_q0,,unconstrained,6.690678479776284e-06,5.846258467076408e-05,0.12137780413664002,8.73791572072656,-3.176879551233016,1.7351626898070331,0.07130771053216087,0.4796968040499178,False,False,0.0008220901178653566,0.12136846522438181,0.0002398484020249589,0.0008201865591191268,0.12136007363970752,0.0004796968040499178,0.0008163794416266671,0.12134613321706289,0.0009593936080998356
14,504,2017-04-07T00:00:00,2019-04-11T00:00:00,2019-04-12T00:00:00,2019-10-11T00:00:00,30,2,Cboe Volatility Index | CAC 40 INDEX,residual_aware_qr,0.75,unconstrained,1.798830304233146e-05,4.438812874390619e-05,0.10576298238733796,2.46761068231109,-8.458178159970272,2.9570198484554,0.11482232785376317,1.7110112065059613,False,False,0.0008340055697111616,0.10562131444934858,0.0008555056032529807,0.0008272158427012174,0.10549333271776361,0.0017110112065059613,0.0008136363886813287,0.10527862218766129,0.0034220224130119227
15,504,2017-10-10T00:00:00,2019-10-11T00:00:00,2019-10-14T00:00:00,2020-04-14T00:00:00,31,2,Cboe Volatility Index | AUD-JPY X-RATE,equal_weight,,unconstrained,8.157457288984842e-05,0.0008262767989007596,0.4563132184399126,10.129097458058354,0.7151045067626178,1.0000000000000002,0.006666666666666667,0.12521782396242814,False,False,-0.0005169884825836784,0.4563138920795901,6.260891198121408e-05,-0.0005174853787105134,0.45631458289885896,0.00012521782396242816,-0.0005184791709641835,0.45631601607585687,0.0002504356479248563
15,504,2017-10-10T00:00:00,2019-10-11T00:00:00,2019-10-14T00:00:00,2020-04-14T00:00:00,31,2,Cboe Volatility Index | AUD-JPY X-RATE,sample_covariance,,unconstrained,1.9469660931031776e-05,0.0005012619220558634,0.3554124426044727,25.74579618163384,14.899143027957592,4.643220802361856,0.18914976390104957,2.5256461646418855,False,False,-0.0015692311058348681,0.3554801532252431,0.0012628230823209428,-0.0015792535112501137,0.3555568213444315,0.0025256461646418855,-0.0015992983220806047,0.3557370062352668,0.005051292329283771
15,504,2017-10-10T00:00:00,2019-10-11T00:00:00,2019-10-14T00:00:00,2020-04-14T00:00:00,31,2,Cboe Volatility Index | AUD-JPY X-RATE,ridge_10pct,,unconstrained,2.3321332133450963e-05,0.0005235982194558072,0.36324475399221307,22.451471316459827,11.785329242422268,3.231214022563905,0.11854434934363361,1.4458738831851685,False,False,-0.001551054718959695,0.3632720879532781,0.0007229369415925843,-0.0015567923137342393,0.3633022970203892,0.0014458738831851685,-0.0015682675032833281,0.363371337536222,0.002891747766370337
15,504,2017-10-10T00:00:00,2019-10-11T00:00:00,2019-10-14T00:00:00,2020-04-14T00:00:00,31,2,Cboe Volatility Index | AUD-JPY X-RATE,ledoit_wolf,,unconstrained,2.1474759427177758e-05,0.0005070749771919834,0.357467333126231,23.61260338731645,12.86397109470004,3.872521094656385,0.13726255019892888,1.899887125332255,False,False,-0.0015936655620587374,0.3575108214271584,0.0009499435626661274,-0.001601204796683072,0.3575593519875439,0.0018998871253322548,-0.0016162832659317404,0.35767153146354946,0.0037997742506645097
15,504,2017-10-10T00:00:00,2019-10-11T00:00:00,2019-10-14T00:00:00,2020-04-14T00:00:00,31,2,Cboe Volatility Index | AUD-JPY X-RATE,oas_shrinkage,,unconstrained,2.0999542889790302e-05,0.0005050302366057298,0.35674587541363934,24.049582376922533,13.278572489291932,4.039228576683702,0.1409310923843243,2.027293802769913,False,False,-0.0015928879183649662,0.35679424998915843,0.0010136469013849565,-0.0016009327350426244,0.3568483766898358,0.002027293802769913,-0.0016170223683979411,0.35697387572250866,0.004054587605539826
15,504,2017-10-10T00:00:00,2019-10-11T00:00:00,2019-10-14T00:00:00,2020-04-14T00:00:00,31,2,Cboe Volatility Index | AUD-JPY X-RATE,nonlinear_shrinkage_qis,,unconstrained,2.3892149723099605e-05,0.0005328272481748898,0.36643207629801217,22.301352299819943,11.659391683368558,3.1613410031510165,0.12246459505945499,1.4752480253733409,False,False,-0.0015262431861990601,0.3664594242708987,0.0007376240126866705,-0.001532097345029907,0.36648973940695967,0.001475248025373341,-0.0015438056626916005,0.36655926815187145,0.002950496050746682
15,504,2017-10-10T00:00:00,2019-10-11T00:00:00,2019-10-14T00:00:00,2020-04-14T00:00:00,31,2,Cboe Volatility Index | AUD-JPY X-RATE,pca_matched,,unconstrained,8.5629237633035e-06,0.0007667644547786951,0.4395732505558444,89.54470178336426,77.8766329183685,2.2139199304689634,0.07347675308176337,1.1260136971586672,False,False,-0.001368754217088887,0.43958433877486924,0.0005630068485793335,-0.0013732225254109453,0.43959686884109295,0.001126013697158667,-0.001382159142055062,0.4396262540078104,0.002252027394317334
15,504,2017-10-10T00:00:00,2019-10-11T00:00:00,2019-10-14T00:00:00,2020-04-14T00:00:00,31,2,Cboe Volatility Index | AUD-JPY X-RATE,pca_plus_two,,unconstrained,2.1715308846052863e-05,0.0006771152009046566,0.41307751164638995,31.181467678169085,20.44397460879609,2.897364805087582,0.1190328346411725,1.2255810965561142,False,False,-0.0013526212257831073,0.41309753562691454,0.0006127905482780572,-0.0013574846428329335,0.4131193765766872,0.0012255810965561143,-0.0013672114769325845,0.41316850820741974,0.0024511621931122287
15,504,2017-10-10T00:00:00,2019-10-11T00:00:00,2019-10-14T00:00:00,2020-04-14T00:00:00,31,2,Cboe Volatility Index | AUD-JPY X-RATE,poet_soft_c0_5,,unconstrained,1.976500895508554e-05,0.0004892750747185324,0.35113717950264134,24.754609311352823,13.923011903215038,2.6830164575408895,0.09620904442604014,1.2869866582369918,False,False,-0.0013138684836599879,0.35114844133302314,0.0006434933291184959,-0.0013189755735736265,0.35116206117234744,0.0012869866582369918,-0.0013291897534009043,0.35119637373296825,0.0025739733164739835
15,504,2017-10-10T00:00:00,2019-10-11T00:00:00,2019-10-14T00:00:00,2020-04-14T00:00:00,31,2,Cboe Volatility Index | AUD-JPY X-RATE,structured_q0,,unconstrained,8.17375383874571e-06,0.0007197053156090823,0.42587056664377354,88.0507695494196,76.33618726099172,1.8767562185184699,0.0738469741761691,0.38532573287373006,False,False,-0.00038429739152969167,0.42587379316088514,0.00019266286643686504,-0.0003858264618982383,0.4258771939713519,0.0003853257328737301,-0.0003888846026353311,0.4258845184554352,0.0007706514657474601
15,504,2017-10-10T00:00:00,2019-10-11T00:00:00,2019-10-14T00:00:00,2020-04-14T00:00:00,31,2,Cboe Volatility Index | AUD-JPY X-RATE,residual_aware_qr,0.5,unconstrained,2.1207605570096674e-05,0.0005710637348776443,0.3793521598583121,26.92730836539418,16.166157678077738,2.4533667268463155,0.0946586555856967,1.2016833776023181,False,False,-0.0012141315883478858,0.3793670913888802,0.0006008416888011591,-0.001218900173179641,0.3793839254785206,0.0012016833776023182,-0.0012284373428431516,0.37942330029345467,0.0024033667552046363
16,504,2018-04-12T00:00:00,2020-04-14T00:00:00,2020-04-15T00:00:00,2020-10-12T00:00:00,32,2,Cboe Volatility Index | AUD-JPY X-RATE,equal_weight,,unconstrained,0.00026744947589264187,0.0002933312206001227,0.2718813483695248,1.096772463737675,-7.129807420897393,1.0000000000000002,0.006666666666666667,0.21583299747602547,False,False,0.002118528176675352,0.27191002071599313,0.00010791649873801275,0.0021176716965266374,0.27193877569077096,0.0002158329974760255,0.002115958736229209,0.2719965334203566,0.000431665994952051
16,504,2018-04-12T00:00:00,2020-04-14T00:00:00,2020-04-15T00:00:00,2020-10-12T00:00:00,32,2,Cboe Volatility Index | AUD-JPY X-RATE,sample_covariance,,unconstrained,3.102076855344835e-05,0.0001284902194659421,0.1799431446469062,4.142070795072509,-6.238782829388129,6.242519352147219,0.2909073948754319,5.596340076370247,False,False,6.36987741372128e-05,0.1799180086967755,0.0027981700381851235,4.149107542145796e-05,0.17997989727649846,0.005596340076370247,-2.9243220100519525e-06,0.18036426373010261,0.011192680152740494
16,504,2018-04-12T00:00:00,2020-04-14T00:00:00,2020-04-15T00:00:00,2020-10-12T00:00:00,32,2,Cboe Volatility Index | AUD-JPY X-RATE,ridge_10pct,,unconstrained,4.5398142276961535e-05,8.691595356230087e-05,0.14799601446559235,1.9145266568850028,-8.085512715878831,3.904885441564786,0.15208458259524235,3.5466156240981457,False,False,0.0005615076309998207,0.14804673441407112,0.0017733078120490727,0.0005474337594756217,0.14813989781968367,0.0035466156240981455,0.0005192860164272237,0.1484531989682041,0.007093231248196291
16,504,2018-04-12T00:00:00,2020-04-14T00:00:00,2020-04-15T00:00:00,2020-10-12T00:00:00,32,2,Cboe Volatility Index | AUD-JPY X-RATE,ledoit_wolf,,unconstrained,4.3062715216941616e-05,8.98137829203384e-05,0.1504429237150265,2.0856507182111943,-7.967202293210754,4.167204739284935,0.1584146202421615,4.101311784949999,False,False,0.0004948338193367167,0.1504793100413132,0.0020506558924749995,0.00047855877257104216,0.15057155429712285,0.004101311784949999,0.0004460086790396929,0.15092314489304495,0.008202623569899998
16,504,2018-04-12T00:00:00,2020-04-14T00:00:00,2020-04-15T00:00:00,2020-10-12T00:00:00,32,2,Cboe Volatility Index | AUD-JPY X-RATE,oas_shrinkage,,unconstrained,3.374570598051226e-05,0.00011320345600649,0.1689001803244611,3.3546032811363804,-6.942054097810848,5.608542198783578,0.21560517987378144,4.857255134668648,False,False,0.0001754149492190854,0.16886327486535596,0.002428627567334324,0.00015614012725611448,0.16889622023690548,0.004857255134668648,0.00011759048333017286,0.16917141371036698,0.009714510269337296
16,504,2018-04-12T00:00:00,2020-04-14T00:00:00,2020-04-15T00:00:00,2020-10-12T00:00:00,32,2,Cboe Volatility Index | AUD-JPY X-RATE,nonlinear_shrinkage_qis,,unconstrained,4.182354262221774e-05,9.35560243389696e-05,0.15354516642805902,2.236922519549318,-7.845128636806234,4.44287603613984,0.17115753444326529,3.802917042301727,False,False,0.0004674535100169014,0.15360074834166798,0.0019014585211508635,0.0004523625693728469,0.15370336309544805,0.003802917042301727,0.00042218068808473803,0.1540492720930691,0.007605834084603454
16,504,2018-04-12T00:00:00,2020-04-14T00:00:00,2020-04-15T00:00:00,2020-10-12T00:00:00,32,2,Cboe Volatility Index | AUD-JPY X-RATE,pca_matched,,unconstrained,3.55913260269299e-05,0.00010804739124645494,0.16500891671090578,3.035778750269145,-7.20762985045379,3.34023477595043,0.13480977926271498,3.7071808864597875,False,False,0.0010046848657826021,0.16500480079328786,0.0018535904432298938,0.0009899738305188728,0.16504232537650304,0.0037071808864597875,0.0009605517599914141,0.1652421510927526,0.007414361772919575
16,504,2018-04-12T00:00:00,2020-04-14T00:00:00,2020-04-15T00:00:00,2020-10-12T00:00:00,32,2,Cboe Volatility Index | AUD-JPY X-RATE,pca_plus_two,,unconstrained,3.349267932828522e-05,0.00010553114453374584,0.1630762043417247,3.150871971136174,-7.153311699391569,3.4458600302682143,0.12729761294416325,4.122098512799474,False,False,0.000997970073978688,0.16307757080551635,0.002061049256399737,0.0009816125401977376,0.16313102547738023,0.004122098512799474,0.0009488974726358371,0.16339394514086591,0.008244197025598948
16,504,2018-04-12T00:00:00,2020-04-14T00:00:00,2020-04-15T00:00:00,2020-10-12T00:00:00,32,2,Cboe Volatility Index | AUD-JPY X-RATE,poet_soft_c0_5,,unconstrained,3.785028732057442e-05,9.899233134454194e-05,0.1579432413838103,2.6153653869552613,-7.566506600122018,3.8338279460214606,0.14466993019847776,3.454541408339491,False,False,0.0007892945217501894,0.1580036740947326,0.0017272707041697455,0.0007755860240980486,0.15810182925060137,0.003454541408339491,0.000748169028793767,0.15841099946441783,0.006909082816678982
16,504,2018-04-12T00:00:00,2020-04-14T00:00:00,2020-04-15T00:00:00,2020-10-12T00:00:00,32,2,Cboe Volatility Index | AUD-JPY X-RATE,structured_q0,,unconstrained,2.4636414135872587e-05,0.0001037692303994361,0.16170914031265488,4.21202654847159,-6.399258411617888,2.2579593386040058,0.06552861242655107,1.1662704092081315,False,False,-0.00031335627132355665,0.16182094816678835,0.0005831352046040657,-0.000317984328502954,0.1619368786200546,0.0011662704092081314,-0.00032724044286174876,0.16218107164655274,0.002332540818416263
16,504,2018-04-12T00:00:00,2020-04-14T00:00:00,2020-04-15T00:00:00,2020-10-12T00:00:00,32,2,Cboe Volatility Index | AUD-JPY X-RATE,residual_aware_qr,0.9,unconstrained,4.0072766324782594e-05,9.221671581638979e-05,0.15244216078805176,2.301231591275477,-7.823582007119426,4.540772511485736,0.18967939418238092,3.8661325473376014,False,False,0.00035851105016775764,0.1524460987058764,0.0019330662736688005,0.00034316925434498935,0.1524990511984484,0.003866132547337601,0.0003124856626994528,0.15275174882998258,0.007732265094675202
17,504,2018-10-10T00:00:00,2020-10-12T00:00:00,2020-10-13T00:00:00,2021-04-19T00:00:00,33,2,Cboe Volatility Index | AUD-JPY X-RATE,equal_weight,,unconstrained,0.0003342560916303274,0.00010946375122190088,0.1660869209417738,0.32748468603217856,-7.676118431343255,1.0000000000000002,0.006666666666666667,0.17325967818776156,False,False,0.001816924677472895,0.16609961323548764,8.662983909388078e-05,0.001816237139067388,0.1661123949166775,0.00017325967818776155,0.0018148620622563739,0.16613822635881775,0.0003465193563755231
17,504,2018-10-10T00:00:00,2020-10-12T00:00:00,2020-10-13T00:00:00,2021-04-19T00:00:00,33,2,Cboe Volatility Index | AUD-JPY X-RATE,sample_covariance,,unconstrained,3.82435142191445e-05,0.00011305446568388026,0.1687889965380973,2.9561735628177654,-7.2153630121495596,6.173323918732885,0.19627187489591066,5.134629367169252,False,False,7.849645286235156e-05,0.16910944009235065,0.002567314683584626,5.812093950056885e-05,0.1695070633427912,0.005134629367169252,1.7369912777003225e-05,0.17053158466632812,0.010269258734338505
17,504,2018-10-10T00:00:00,2020-10-12T00:00:00,2020-10-13T00:00:00,2021-04-19T00:00:00,33,2,Cboe Volatility Index | AUD-JPY X-RATE,ridge_10pct,,unconstrained,5.525012905335159e-05,8.403523815751438e-05,0.14552278177554753,1.5209962329023126,-8.282643648859558,3.9781087473334713,0.14964662827801103,2.2357718556006323,False,False,-0.00011264586609901174,0.14560862740424574,0.001117885927800316,-0.00012151797663710931,0.14571157609879043,0.002235771855600632,-0.0001392621977133049,0.14596863192431017,0.004471543711201264
17,504,2018-10-10T00:00:00,2020-10-12T00:00:00,2020-10-13T00:00:00,2021-04-19T00:00:00,33,2,Cboe Volatility Index | AUD-JPY X-RATE,ledoit_wolf,,unconstrained,4.875952613937895e-05,9.208483440067997e-05,0.1523331161270305,1.8885506421341292,-8.040059329488683,4.651698099611804,0.1683558093242922,2.6904343579004237,False,False,-7.1790006219791e-05,0.152459380452004,0.001345217178950212,-8.246633303685606e-05,0.15260925772599976,0.002690434357900424,-0.00010381898667098638,0.15297956257790302,0.005380868715800848
17,504,2018-10-10T00:00:00,2020-10-12T00:00:00,2020-10-13T00:00:00,2021-04-19T00:00:00,33,2,Cboe Volatility Index | AUD-JPY X-RATE,oas_shrinkage,,unconstrained,4.1136651784978746e-05,0.00010524407496534282,0.16285425045502003,2.558401581039058,-7.5402094818904235,5.648519550072938,0.18898252489582096,4.266173030019818,False,False,2.3387204516092e-05,0.16310160211535213,0.002133086515009909,6.457946460457652e-06,0.16340427952243158,0.004266173030019818,-2.7400569650810635e-05,0.164174331643262,0.008532346060039636
17,504,2018-10-10T00:00:00,2020-10-12T00:00:00,2020-10-13T00:00:00,2021-04-19T00:00:00,33,2,Cboe Volatility Index | AUD-JPY X-RATE,nonlinear_shrinkage_qis,,unconstrained,5.064975999750946e-05,9.003959882728811e-05,0.15063193188854945,1.7776905326247454,-8.112885533106024,4.360823938272603,0.15993959538687225,2.8025478349761848,False,False,-9.144053228405943e-05,0.15074980442863598,0.0014012739174880924,-0.00010256175385142525,0.15089361298754408,0.002802547834976185,-0.0001248041969861568,0.1512587289179112,0.00560509566995237
17,504,2018-10-10T00:00:00,2020-10-12T00:00:00,2020-10-13T00:00:00,2021-04-19T00:00:00,33,2,Cboe Volatility Index | AUD-JPY X-RATE,pca_matched,,unconstrained,4.2221138771393724e-05,0.00010553662181306111,0.16308043627882346,2.4996157110893895,-7.572973832497431,3.42227170087381,0.12374623072172013,1.2236846656247895,False,False,-0.00013350388306803136,0.16307356162292042,0.0006118423328123948,-0.0001383597745982884,0.1630712779984211,0.0012236846656247895,-0.00014807155765880254,0.1630804842273557,0.002447369331249579
17,504,2018-10-10T00:00:00,2020-10-12T00:00:00,2020-10-13T00:00:00,2021-04-19T00:00:00,33,2,Cboe Volatility Index | AUD-JPY X-RATE,pca_plus_two,,unconstrained,4.0093651551339625e-05,0.00010992455454921297,0.16643613714095165,2.7416947645303744,-7.382597787082526,3.5377460972875907,0.11729243545706433,1.0926186432300782,False,False,-7.743018815891835e-05,0.1664182186966995,0.0005463093216150391,-8.176597642570434e-05,0.16640388546384036,0.0010926186432300782,-9.043755295927632e-05,0.16638597810669697,0.0021852372864601564
17,504,2018-10-10T00:00:00,2020-10-12T00:00:00,2020-10-13T00:00:00,2021-04-19T00:00:00,33,2,Cboe Volatility Index | AUD-JPY X-RATE,poet_soft_c0_5,,unconstrained,4.783660786755232e-05,8.209558987128117e-05,0.14383354493150358,1.716166624911688,-8.231552731702731,3.700521454115404,0.13979088849060958,1.677450578755833,False,False,-8.388154627069709e-05,0.14382149050762597,0.0008387252893779165,-9.053809618639478e-05,0.1438192179666946,0.001677450578755833,-0.00010385119601779037,0.1438440183925527,0.003354901157511666
17,504,2018-10-10T00:00:00,2020-10-12T00:00:00,2020-10-13T00:00:00,2021-04-19T00:00:00,33,2,Cboe Volatility Index | AUD-JPY X-RATE,structured_q0,,unconstrained,3.0049248718865876e-05,9.822578355540183e-05,0.15733053567556826,3.2688266011034264,-7.143846297228239,2.2874843820456148,0.07680247686182314,0.791429633282998,False,False,-0.0007625896267130891,0.15733996160897137,0.00039571481664149897,-0.0007657302204959581,0.1573513773156382,0.0007914296332829979,-0.0007720114080616962,0.15738017624133344,0.0015828592665659959
17,504,2018-10-10T00:00:00,2020-10-12T00:00:00,2020-10-13T00:00:00,2021-04-19T00:00:00,33,2,Cboe Volatility Index | AUD-JPY X-RATE,residual_aware_qr,0.25,unconstrained,5.049636800973662e-05,7.890605916449468e-05,0.1410117970577379,1.5626086048263936,-8.33100054004225,2.5152033500154776,0.1097498440523184,4.164761395959808,False,False,-0.00040111988758287267,0.14103517886269676,0.0020823806979799043,-0.0004176467185192212,0.1411200257996658,0.004164761395959809,-0.0004507003803919181,0.14147359260259537,0.008329522791919617
18,504,2019-04-12T00:00:00,2021-04-19T00:00:00,2021-04-20T00:00:00,2021-10-21T00:00:00,34,3,Cboe Volatility Index | AUD-JPY X-RATE | US Generic Govt 5 Yr,equal_weight,,unconstrained,0.0003275034966395373,6.321652843073179e-05,0.12621634269992302,0.19302550684003927,-7.830986319343978,1.0000000000000002,0.006666666666666667,0.1820051637534928,False,False,0.0008075546586846496,0.12622900256620384,9.100258187674639e-05,0.0008068324159713421,0.12624179236311805,0.00018200516375349278,0.0008053879305447272,0.12626776159051575,0.00036401032750698557
18,504,2019-04-12T00:00:00,2021-04-19T00:00:00,2021-04-20T00:00:00,2021-10-21T00:00:00,34,3,Cboe Volatility Index | AUD-JPY X-RATE | US Generic Govt 5 Yr,sample_covariance,,unconstrained,4.0163000357420556e-05,5.957177257296497e-05,0.12252382090184412,1.4832500570878895,-8.639314318188438,6.041015014877674,0.17063211641298554,4.092761103352925,False,False,0.0009743823734177369,0.12245372741622859,0.0020463805516764623,0.0009581412579282413,0.1224520098704712,0.004092761103352925,0.0009256590269492498,0.12265359973537365,0.00818552220670585
18,504,2019-04-12T00:00:00,2021-04-19T00:00:00,2021-04-20T00:00:00,2021-10-21T00:00:00,34,3,Cboe Volatility Index | AUD-JPY X-RATE | US Generic Govt 5 Yr,ridge_10pct,,unconstrained,5.76197005378434e-05,3.605603988187132e-05,0.0953211521658838,0.6257588905411002,-9.135887134971492,3.7976826551597074,0.1213462733566263,2.3302983147294585,False,False,0.000564716065930358,0.09521562345499328,0.0011651491573647292,0.0005554688503957173,0.09513852079914943,0.0023302983147294584,0.0005369744193264358,0.09506984480060605,0.004660596629458917
18,504,2019-04-12T00:00:00,2021-04-19T00:00:00,2021-04-20T00:00:00,2021-10-21T00:00:00,34,3,Cboe Volatility Index | AUD-JPY X-RATE | US Generic Govt 5 Yr,ledoit_wolf,,unconstrained,5.1321431964823305e-05,4.1301222217062964e-05,0.10201915505776289,0.8047558424591819,-9.072646273480848,4.432769385028431,0.13876842394586686,2.8587322842492604,False,False,0.0007204790375518692,0.10191844788737274,0.0014293661421246303,0.0007091348618207213,0.10185776549245205,0.0028587322842492605,0.0006864465103584255,0.10185671398893098,0.005717464568498521
18,504,2019-04-12T00:00:00,2021-04-19T00:00:00,2021-04-20T00:00:00,2021-10-21T00:00:00,34,3,Cboe Volatility Index | AUD-JPY X-RATE | US Generic Govt 5 Yr,oas_shrinkage,,unconstrained,4.33973377994787e-05,5.235343343687036e-05,0.1148610692362357,1.2063743098430162,-8.838738149922174,5.474858180404081,0.16124489006364054,3.6536912772784484,False,False,0.0009103331327636786,0.11477740887121193,0.001826845638639224,0.0008958343578538434,0.11475186886598866,0.003653691277278448,0.000866836808034173,0.11487521677969287,0.007307382554556896
18,504,2019-04-12T00:00:00,2021-04-19T00:00:00,2021-04-20T00:00:00,2021-10-21T00:00:00,34,3,Cboe Volatility Index | AUD-JPY X-RATE | US Generic Govt 5 Yr,nonlinear_shrinkage_qis,,unconstrained,5.267553753733943e-05,3.965997016317365e-05,0.09997155836096464,0.7529105922281362,-9.098448801307455,4.186352529923942,0.13149315908817322,2.648097298222191,False,False,0.0006212000940854612,0.09985981714593682,0.0013240486491110954,0.0006106917714734683,0.09978309525676662,0.0026480972982221907,0.0005896751262494828,0.09973499583458942,0.0052961945964443815
18,504,2019-04-12T00:00:00,2021-04-19T00:00:00,2021-04-20T00:00:00,2021-10-21T00:00:00,34,3,Cboe Volatility Index | AUD-JPY X-RATE | US Generic Govt 5 Yr,pca_matched,,unconstrained,3.974467380636215e-05,4.8633276042398825e-05,0.11070494823035014,1.2236426012537516,-8.909392116880728,3.4448771616681673,0.1269417279353531,1.5973000024891726,False,False,-0.0004989074976006441,0.11058591640892594,0.0007986500012445863,-0.0005052459896740138,0.11047830384567534,0.0015973000024891726,-0.0005179229738207533,0.11029746664244844,0.003194600004978345
18,504,2019-04-12T00:00:00,2021-04-19T00:00:00,2021-04-20T00:00:00,2021-10-21T00:00:00,34,3,Cboe Volatility Index | AUD-JPY X-RATE | US Generic Govt 5 Yr,pca_plus_two,,unconstrained,3.8305268145382885e-05,4.957145254634429e-05,0.11176764308903879,1.2941157952008586,-8.875807326548074,3.468299527620557,0.12056239481087547,1.4398547608416994,False,False,-0.00042851260441486113,0.11165406924433932,0.0007199273804208496,-0.0004342263137832806,0.11154967278164912,0.0014398547608416993,-0.0004456537325201195,0.11136851296769884,0.0028797095216833986
18,504,2019-04-12T00:00:00,2021-04-19T00:00:00,2021-04-20T00:00:00,2021-10-21T00:00:00,34,3,Cboe Volatility Index | AUD-JPY X-RATE | US Generic Govt 5 Yr,poet_soft_c0_5,,unconstrained,4.540264130476508e-05,3.562515834011951e-05,0.09474988074773559,0.7846494678797595,-9.215290808210462,3.5660564701436224,0.14282332438331286,1.7954261115181833,False,False,-0.00017340972121314624,0.09459508584851482,0.0008977130557590916,-0.00018053442800488513,0.09445710236180005,0.0017954261115181833,-0.0001947838415883627,0.09423185603156034,0.0035908522230363666
18,504,2019-04-12T00:00:00,2021-04-19T00:00:00,2021-04-20T00:00:00,2021-10-21T00:00:00,34,3,Cboe Volatility Index | AUD-JPY X-RATE | US Generic Govt 5 Yr,structured_q0,,unconstrained,3.081870145072308e-05,6.973934176112614e-05,0.1325681489793223,2.262890338602826,-8.124498523688615,2.2569161139261884,0.07915379002445316,1.083159288535941,False,False,-0.00021167121981382052,0.13237682748769086,0.0005415796442679705,-0.00021596947095880444,0.13218966684901012,0.001083159288535941,-0.00022456597324877227,0.13182789862422206,0.002166318577071882
18,504,2019-04-12T00:00:00,2021-04-19T00:00:00,2021-04-20T00:00:00,2021-10-21T00:00:00,34,3,Cboe Volatility Index | AUD-JPY X-RATE | US Generic Govt 5 Yr,residual_aware_qr,0.5,unconstrained,5.6510315487745384e-05,3.554320851933478e-05,0.09464083974095097,0.6289685026982826,-9.15211885877404,2.8593832944129307,0.10174003976980382,1.379597295843976,False,False,0.00013304267552396323,0.09451341265815581,0.0006897986479219879,0.0001275680830801379,0.09439589549555652,0.0013795972958439758,0.0001166188981924873,0.09419073617261146,0.0027591945916879516
19,504,2019-10-14T00:00:00,2021-10-21T00:00:00,2021-10-22T00:00:00,2022-04-25T00:00:00,35,4,BRAZIL IBOVESPA INDEX | Cboe Volatility Index | FTSE 100 INDEX | US Generic Govt 10 Yr,equal_weight,,unconstrained,0.00032220854609895587,0.00013356377995717972,0.18346136527675053,0.4145258764060217,-7.625785686961813,1.0000000000000002,0.006666666666666667,0.13142326803656432,False,False,-1.3708992225830287e-05,0.18345810715022354,6.571163401828217e-05,-1.4230513130737312e-05,0.1834548960402853,0.00013142326803656433,-1.527355494055131e-05,0.18344861488001493,0.00026284653607312866
19,504,2019-10-14T00:00:00,2021-10-21T00:00:00,2021-10-22T00:00:00,2022-04-25T00:00:00,35,4,BRAZIL IBOVESPA INDEX | Cboe Volatility Index | FTSE 100 INDEX | US Generic Govt 10 Yr,sample_covariance,,unconstrained,3.652371547997294e-05,9.263863067976841e-05,0.15279049358942995,2.536396679865853,-7.681152089321747,5.859614688020851,0.19680985549867516,2.834489212209732,False,False,-4.94859913412955e-05,0.15261385981734862,0.001417244606104866,-6.073396440561978e-05,0.15246337204224228,0.002834489212209732,-8.322991053426844e-05,0.15224113115074142,0.005668978424419464
19,504,2019-10-14T00:00:00,2021-10-21T00:00:00,2021-10-22T00:00:00,2022-04-25T00:00:00,35,4,BRAZIL IBOVESPA INDEX | Cboe Volatility Index | FTSE 100 INDEX | US Generic Govt 10 Yr,ridge_10pct,,unconstrained,5.341768914492553e-05,7.167860643232429e-05,0.13439869352395403,1.341851502371354,-8.49551710708478,3.8763148795863227,0.12028864207103279,1.3311315443848988,False,False,3.2191857528702775e-05,0.13435976387269963,0.0006655657721924494,2.690958949542937e-05,0.13432741859388916,0.0013311315443848989,1.6345053428882565e-05,0.1342824992171502,0.0026622630887697977
19,504,2019-10-14T00:00:00,2021-10-21T00:00:00,2021-10-22T00:00:00,2022-04-25T00:00:00,35,4,BRAZIL IBOVESPA INDEX | Cboe Volatility Index | FTSE 100 INDEX | US Generic Govt 10 Yr,ledoit_wolf,,unconstrained,4.722621661741544e-05,7.745836215655383e-05,0.13971223018566256,1.6401559918308126,-8.320405390930231,4.491484927149378,0.14272347838206992,1.698264522184652,False,False,-1.6319428924993722e-05,0.1396431979197253,0.0008491322610923259,-2.3058573854297826e-05,0.13958446292274393,0.0016982645221846517,-3.653686371290625e-05,0.13949793448277087,0.0033965290443693035
19,504,2019-10-14T00:00:00,2021-10-21T00:00:00,2021-10-22T00:00:00,2022-04-25T00:00:00,35,4,BRAZIL IBOVESPA INDEX | Cboe Volatility Index | FTSE 100 INDEX | US Generic Govt 10 Yr,oas_shrinkage,,unconstrained,3.955376264709033e-05,8.7207902463083e-05,0.1482443638749781,2.20479409863421,-7.933055633179126,5.410606631922157,0.177917351014751,2.4001941347287317,False,False,-4.802121661986119e-05,0.1481091626062718,0.0012000970673643658,-5.75457965195784e-05,0.14799330257498008,0.0024001941347287317,-7.659495631901275e-05,0.14781978054692083,0.004800388269457463
19,504,2019-10-14T00:00:00,2021-10-21T00:00:00,2021-10-22T00:00:00,2022-04-25T00:00:00,35,4,BRAZIL IBOVESPA INDEX | Cboe Volatility Index | FTSE 100 INDEX | US Generic Govt 10 Yr,nonlinear_shrinkage_qis,,unconstrained,4.832188761560268e-05,7.575129705126404e-05,0.13816413013846443,1.5676394443416706,-8.369986495866618,4.272725364522727,0.13769872698615127,1.5990392944314404,False,False,2.2503984965783636e-05,0.13810750524778714,0.0007995196472157202,1.6158590940262016e-05,0.13806011763460765,0.0015990392944314404,3.467802889218832e-06,0.13799309045131722,0.003198078588862881
19,504,2019-10-14T00:00:00,2021-10-21T00:00:00,2021-10-22T00:00:00,2022-04-25T00:00:00,35,4,BRAZIL IBOVESPA INDEX | Cboe Volatility Index | FTSE 100 INDEX | US Generic Govt 10 Yr,pca_matched,,unconstrained,3.6440272858618875e-05,7.852448395340067e-05,0.14067043028389786,2.1548818873574382,-8.064954110355657,3.4475260006101154,0.13068903253063213,0.8583108757311011,False,False,0.0012656370127423588,0.14070234077205324,0.0004291554378655506,0.0012622310172037431,0.1407368613362271,0.0008583108757311012,0.0012554190261265122,0.14081372486915272,0.0017166217514622023
19,504,2019-10-14T00:00:00,2021-10-21T00:00:00,2021-10-22T00:00:00,2022-04-25T00:00:00,35,4,BRAZIL IBOVESPA INDEX | Cboe Volatility Index | FTSE 100 INDEX | US Generic Govt 10 Yr,pca_plus_two,,unconstrained,3.5144896928555754e-05,7.421817235163943e-05,0.13675883676243059,2.1117766400770424,-8.144254490012113,3.452683963483777,0.12461454279861697,0.9441867298091073,False,False,0.0012655304626150875,0.13679957162949602,0.0004720933649045537,0.0012617836898777498,0.1368435517369921,0.0009441867298091074,0.0012542901444030743,0.136941234935645,0.0018883734596182148
19,504,2019-10-14T00:00:00,2021-10-21T00:00:00,2021-10-22T00:00:00,2022-04-25T00:00:00,35,4,BRAZIL IBOVESPA INDEX | Cboe Volatility Index | FTSE 100 INDEX | US Generic Govt 10 Yr,poet_soft_c0_5,,unconstrained,4.187338768219733e-05,6.320426318537479e-05,0.12620409788400078,1.509413655877821,-8.571446415794192,3.568205001381634,0.15350801024218697,1.029885482868307,False,False,0.0007965951048958838,0.12622457176087762,0.0005149427414341536,0.0007925082577416446,0.12624924306239332,0.001029885482868307,0.0007843345634331659,0.12631116768271672,0.002059770965736614
19,504,2019-10-14T00:00:00,2021-10-21T00:00:00,2021-10-22T00:00:00,2022-04-25T00:00:00,35,4,BRAZIL IBOVESPA INDEX | Cboe Volatility Index | FTSE 100 INDEX | US Generic Govt 10 Yr,structured_q0,,unconstrained,2.3749358552208488e-05,0.00012278285731139743,0.17590133610200961,5.1699441499223004,-5.478010886254119,2.276572081557903,0.07169587119748769,0.859871579755902,False,False,0.0010156808445043125,0.17588546762286641,0.000429935789877951,0.0010122686556957572,0.17587169976573921,0.000859871579755902,0.001005444278078647,0.17585046781582117,0.001719743159511804
19,504,2019-10-14T00:00:00,2021-10-21T00:00:00,2021-10-22T00:00:00,2022-04-25T00:00:00,35,4,BRAZIL IBOVESPA INDEX | Cboe Volatility Index | FTSE 100 INDEX | US Generic Govt 10 Yr,residual_aware_qr,0.5,unconstrained,5.086317925886196e-05,6.158444161217799e-05,0.12457639939518582,1.2107863194856827,-8.675584970433135,3.0964578164153025,0.12124505231938407,0.9276424048743119,False,False,0.0003930478275173495,0.12456452732506151,0.000463821202437156,0.0003893667068630864,0.124556108519793,0.000927642404874312,0.0003820044655545601,0.12454963321762669,0.001855284809748624
20,504,2020-04-15T00:00:00,2022-04-25T00:00:00,2022-04-26T00:00:00,2022-10-26T00:00:00,36,4,BRAZIL IBOVESPA INDEX | Cboe Volatility Index | FTSE 100 INDEX | US Generic Govt 10 Yr,equal_weight,,unconstrained,0.00014971394572847068,0.00027550965190943036,0.26349275565217434,1.8402404035834417,-6.966543709455356,1.0000000000000002,0.006666666666666667,0.17405373931835363,False,False,-0.0007269006412360873,0.26350976597843107,8.702686965917682e-05,-0.0007275913306778267,0.26352683268605254,0.00017405373931835363,-0.0007289727095613058,0.2635611352015424,0.00034810747863670726
20,504,2020-04-15T00:00:00,2022-04-25T00:00:00,2022-04-26T00:00:00,2022-10-26T00:00:00,36,4,BRAZIL IBOVESPA INDEX | Cboe Volatility Index | FTSE 100 INDEX | US Generic Govt 10 Yr,sample_covariance,,unconstrained,2.7856068684962102e-05,0.00014224087772324244,0.18932696898819537,5.106279688347773,-5.382180020878526,5.038365506457467,0.1358073215160336,4.537771377828582,False,False,-0.0004724644443246504,0.1896386532738169,0.002268885688914291,-0.0004904714736017479,0.19000402052018325,0.004537771377828582,-0.0005264855321559429,0.19089452563581044,0.009075542755657164
20,504,2020-04-15T00:00:00,2022-04-25T00:00:00,2022-04-26T00:00:00,2022-10-26T00:00:00,36,4,BRAZIL IBOVESPA INDEX | Cboe Volatility Index | FTSE 100 INDEX | US Generic Govt 10 Yr,ridge_10pct,,unconstrained,3.396816973281687e-05,0.0001345229846069139,0.18411896187232402,3.960265909674561,-6.329820746496711,3.1147989423542795,0.08055663839858773,2.67260141160844,False,False,-0.0005887971839288122,0.18433835377451047,0.00133630070580422,-0.000599402745085989,0.18457683500904493,0.00267260141160844,-0.0006206138674003413,0.18511076445250665,0.00534520282321688
20,504,2020-04-15T00:00:00,2022-04-25T00:00:00,2022-04-26T00:00:00,2022-10-26T00:00:00,36,4,BRAZIL IBOVESPA INDEX | Cboe Volatility Index | FTSE 100 INDEX | US Generic Govt 10 Yr,ledoit_wolf,,unconstrained,3.109820034038057e-05,0.00013641166044116754,0.18540695356748144,4.3864808557438915,-5.991879751578337,3.93450124404069,0.09122595590946576,3.2446399878104213,False,False,-0.0005405973451083572,0.1856491376940067,0.0016223199939052108,-0.0005534729006155413,0.1859193209715784,0.0032446399878104217,-0.0005792240116299096,0.1865431857358862,0.006489279975620843
20,504,2020-04-15T00:00:00,2022-04-25T00:00:00,2022-04-26T00:00:00,2022-10-26T00:00:00,36,4,BRAZIL IBOVESPA INDEX | Cboe Volatility Index | FTSE 100 INDEX | US Generic Govt 10 Yr,oas_shrinkage,,unconstrained,2.96659916467527e-05,0.00013838390570383206,0.18674245429833486,4.664732173852002,-5.760777056787353,4.385212932026091,0.10771353507648836,3.9708508874136292,False,False,-0.0005147611353923981,0.18702782448165664,0.0019854254437068146,-0.0005305184801837219,0.18735484429308769,0.003970850887413629,-0.0005620331697663699,0.18813293637715028,0.007941701774827259
20,504,2020-04-15T00:00:00,2022-04-25T00:00:00,2022-04-26T00:00:00,2022-10-26T00:00:00,36,4,BRAZIL IBOVESPA INDEX | Cboe Volatility Index | FTSE 100 INDEX | US Generic Govt 10 Yr,nonlinear_shrinkage_qis,,unconstrained,3.326630897351853e-05,0.00013288297407670522,0.1829931951394087,3.9945211289441818,-6.3164442867276325,3.312219366551257,0.08365847094067891,3.0347221183702575,False,False,-0.0005632135454501888,0.18324246596865554,0.0015173610591851289,-0.0005752560935389598,0.18351649173726534,0.0030347221183702577,-0.0005993411897165015,0.18413835604001888,0.0060694442367405154
20,504,2020-04-15T00:00:00,2022-04-25T00:00:00,2022-04-26T00:00:00,2022-10-26T00:00:00,36,4,BRAZIL IBOVESPA INDEX | Cboe Volatility Index | FTSE 100 INDEX | US Generic Govt 10 Yr,pca_matched,,unconstrained,2.099373980627792e-05,0.00014946953699472392,0.19407813715787367,7.119719419882822,-3.651566849262954,2.6675192928089704,0.1079901426467559,2.756896719027909,False,False,-0.0014192752513094331,0.1942882614465369,0.0013784483595139544,-0.001430215317654782,0.1945176964409272,0.002756896719027909,-0.0014520954503454797,0.1950342202096251,0.005513793438055818
20,504,2020-04-15T00:00:00,2022-04-25T00:00:00,2022-04-26T00:00:00,2022-10-26T00:00:00,36,4,BRAZIL IBOVESPA INDEX | Cboe Volatility Index | FTSE 100 INDEX | US Generic Govt 10 Yr,pca_plus_two,,unconstrained,2.540279555382937e-05,0.00014791892911260565,0.19306882227945718,5.822939006817597,-4.757712322004089,2.88281486183626,0.12217437595961285,2.4481233154799478,False,False,-0.001019459456763968,0.1932733925193506,0.0012240616577399738,-0.0010291742318253962,0.19349323420540862,0.0024481233154799477,-0.0010486037819482528,0.19397852061821896,0.004896246630959895
20,504,2020-04-15T00:00:00,2022-04-25T00:00:00,2022-04-26T00:00:00,2022-10-26T00:00:00,36,4,BRAZIL IBOVESPA INDEX | Cboe Volatility Index | FTSE 100 INDEX | US Generic Govt 10 Yr,poet_soft_c0_5,,unconstrained,3.0480368627076746e-05,0.00013216133207464098,0.18249563195542387,4.335949269236776,-6.062478463917987,2.8205612844670167,0.11107143517060158,2.5446396695202087,False,False,-0.0007046238085786574,0.18271351512739217,0.0012723198347601044,-0.0007147215850450074,0.18294883636867906,0.002544639669520209,-0.0007349171379777072,0.18347151969362624,0.005089279339040418
20,504,2020-04-15T00:00:00,2022-04-25T00:00:00,2022-04-26T00:00:00,2022-10-26T00:00:00,36,4,BRAZIL IBOVESPA INDEX | Cboe Volatility Index | FTSE 100 INDEX | US Generic Govt 10 Yr,structured_q0,,unconstrained,1.1865068411427498e-05,0.000132997719621435,0.18307218615781487,11.209182704192592,-0.13272919808283667,1.811437031451589,0.07787968023740867,0.9735380851001206,False,False,-0.0009446288118948628,0.1831228212866703,0.00048676904255006033,-0.0009484920582643077,0.1831760295010815,0.0009735380851001207,-0.0009562185510031975,0.18329015611476,0.0019470761702002413
20,504,2020-04-15T00:00:00,2022-04-25T00:00:00,2022-04-26T00:00:00,2022-10-26T00:00:00,36,4,BRAZIL IBOVESPA INDEX | Cboe Volatility Index | FTSE 100 INDEX | US Generic Govt 10 Yr,residual_aware_qr,0.5,unconstrained,2.9767205966698986e-05,0.00012109282897148652,0.17468655615362794,4.067994460311621,-6.354108781020158,2.292452296994326,0.09025300703742191,1.914565983781657,False,False,-0.0007052546049790596,0.17484573331901018,0.0009572829918908285,-0.0007128520890416851,0.1750152381417587,0.001914565983781657,-0.0007280470571669362,0.17538510915822772,0.003829131967563314
21,504,2020-10-13T00:00:00,2022-10-26T00:00:00,2022-10-27T00:00:00,2023-05-02T00:00:00,37,4,BRAZIL IBOVESPA INDEX | Cboe Volatility Index | FTSE 100 INDEX | US Generic Govt 10 Yr,equal_weight,,unconstrained,0.0001454715055302371,0.00014766327012019558,0.19290190271298333,1.015066624779675,-7.820463704032028,1.0000000000000002,0.006666666666666667,0.15943282744049259,False,False,0.0003805153917267613,0.19290151321415702,7.971641372024629e-05,0.0003798827217766007,0.192901189600169,0.00015943282744049258,0.0003786173818762793,0.19290074002796684,0.00031886565488098515
21,504,2020-10-13T00:00:00,2022-10-26T00:00:00,2022-10-27T00:00:00,2023-05-02T00:00:00,37,4,BRAZIL IBOVESPA INDEX | Cboe Volatility Index | FTSE 100 INDEX | US Generic Govt 10 Yr,sample_covariance,,unconstrained,3.45451851512571e-05,7.81941585672014e-05,0.14037424250529282,2.2635327680203767,-8.009709608305325,5.058493034223972,0.15057199041227293,4.165454066660811,False,False,0.0013650627117003363,0.14021690105114987,0.002082727033330405,0.0013485331320707299,0.1401213107611494,0.00416545406666081,0.001315473972811517,0.14011580756729877,0.00833090813332162
21,504,2020-10-13T00:00:00,2022-10-26T00:00:00,2022-10-27T00:00:00,2023-05-02T00:00:00,37,4,BRAZIL IBOVESPA INDEX | Cboe Volatility Index | FTSE 100 INDEX | US Generic Govt 10 Yr,ridge_10pct,,unconstrained,4.0406370898955435e-05,5.972956101085172e-05,0.12268597872102024,1.4782213715806836,-8.638301718330418,3.2303432484066885,0.10677442916529094,2.4159184867372865,False,False,0.0011745354567048259,0.12250687679363641,0.0012079592433686431,0.0011649484785828525,0.1223513670167291,0.0024159184867372863,0.0011457745223389059,0.12211147077784419,0.004831836973474573
21,504,2020-10-13T00:00:00,2022-10-26T00:00:00,2022-10-27T00:00:00,2023-05-02T00:00:00,37,4,BRAZIL IBOVESPA INDEX | Cboe Volatility Index | FTSE 100 INDEX | US Generic Govt 10 Yr,ledoit_wolf,,unconstrained,3.767916505524544e-05,6.76326763029009e-05,0.1305505052779614,1.7949621814532624,-8.391441085879425,4.047925771667284,0.1304616002073575,3.1773183114551906,False,False,0.0012892282254814342,0.13036511487808947,0.0015886591557275952,0.001276619819483596,0.13021822943688113,0.0031773183114551904,0.0012514030074879201,0.1300404611404875,0.006354636622910381
21,504,2020-10-13T00:00:00,2022-10-26T00:00:00,2022-10-27T00:00:00,2023-05-02T00:00:00,37,4,BRAZIL IBOVESPA INDEX | Cboe Volatility Index | FTSE 100 INDEX | US Generic Govt 10 Yr,oas_shrinkage,,unconstrained,3.637342586875779e-05,7.177969417292971e-05,0.13449343081198534,1.9734103252172188,-8.248261783277488,4.430328086107037,0.13946772277370198,3.547530346147216,False,False,0.0013268792812649926,0.13431576660325248,0.001773765173073608,0.0013128017798913925,0.134184769465157,0.003547530346147216,0.0012846467771441927,0.1340632748648328,0.007095060692294432
21,504,2020-10-13T00:00:00,2022-10-26T00:00:00,2022-10-27T00:00:00,2023-05-02T00:00:00,37,4,BRAZIL IBOVESPA INDEX | Cboe Volatility Index | FTSE 100 INDEX | US Generic Govt 10 Yr,nonlinear_shrinkage_qis,,unconstrained,4.007259795883765e-05,6.11101065943757e-05,0.12409571653277432,1.524984895093342,-8.599832904815809,3.4015123719725757,0.10835119461747224,2.5751335902969066,False,False,0.0012277346536092323,0.12389759699516582,0.0012875667951484533,0.0012175158695207525,0.12372596143727572,0.0025751335902969067,0.0011970783013437929,0.12346256702906071,0.005150267180593813
21,504,2020-10-13T00:00:00,2022-10-26T00:00:00,2022-10-27T00:00:00,2023-05-02T00:00:00,37,4,BRAZIL IBOVESPA INDEX | Cboe Volatility Index | FTSE 100 INDEX | US Generic Govt 10 Yr,pca_matched,,unconstrained,3.353965536527705e-05,7.476739005569264e-05,0.137263914755607,2.2292235636117437,-8.073558513344873,3.0757200511142813,0.12199097011251772,1.8941280281509392,False,False,0.0010442646225833454,0.13721171438230467,0.0009470640140754696,0.0010367482415192543,0.13717257216519188,0.0018941280281509392,0.0010217154793910723,0.13713350319576584,0.0037882560563018784
21,504,2020-10-13T00:00:00,2022-10-26T00:00:00,2022-10-27T00:00:00,2023-05-02T00:00:00,37,4,BRAZIL IBOVESPA INDEX | Cboe Volatility Index | FTSE 100 INDEX | US Generic Govt 10 Yr,pca_plus_two,,unconstrained,3.342501313365303e-05,7.686430133274528e-05,0.13917544300576812,2.299604222304901,-8.006601819742407,3.2697649833571925,0.126785158700482,1.8558850537827243,False,False,0.0009402628899419705,0.13915816979513299,0.0009279425268913622,0.0009328982667126739,0.1391532709459004,0.0018558850537827244,0.0009181690202540808,0.13918059825768078,0.003711770107565449
21,504,2020-10-13T00:00:00,2022-10-26T00:00:00,2022-10-27T00:00:00,2023-05-02T00:00:00,37,4,BRAZIL IBOVESPA INDEX | Cboe Volatility Index | FTSE 100 INDEX | US Generic Govt 10 Yr,poet_soft_c0_5,,unconstrained,3.943341657959578e-05,6.116211040791536e-05,0.12414850713075318,1.5510223488867756,-8.589874615700205,3.259315534786328,0.12236003734158829,2.397311670176685,False,False,0.0008890929533427411,0.12407379670709869,0.0011986558350883425,0.000879579811794421,0.12402221308732642,0.002397311670176685,0.0008605535286977806,0.12398852877721218,0.00479462334035337
21,504,2020-10-13T00:00:00,2022-10-26T00:00:00,2022-10-27T00:00:00,2023-05-02T00:00:00,37,4,BRAZIL IBOVESPA INDEX | Cboe Volatility Index | FTSE 100 INDEX | US Generic Govt 10 Yr,structured_q0,,unconstrained,1.2983692457575964e-05,7.89779653241587e-05,0.14107603361906654,6.082858599910473,-5.168957814383898,1.9517278102130837,0.06839490209659416,0.6834510385728313,False,False,-4.617060059294678e-06,0.14104683846003002,0.00034172551928641565,-7.32916735521854e-06,0.14101929344162,0.0006834510385728313,-1.2753381947066485e-05,0.1409691576379314,0.0013669020771456626
21,504,2020-10-13T00:00:00,2022-10-26T00:00:00,2022-10-27T00:00:00,2023-05-02T00:00:00,37,4,BRAZIL IBOVESPA INDEX | Cboe Volatility Index | FTSE 100 INDEX | US Generic Govt 10 Yr,residual_aware_qr,0.25,unconstrained,2.6895658737494893e-05,5.9890231556653854e-05,0.12285087851650378,2.226762026585415,-8.2967836430183,1.9094636353168213,0.07796795674018667,1.3903801461462064,False,False,0.00040204575805337036,0.12279927112085419,0.0006951900730731033,0.0003965283765210441,0.12275551629275212,0.0013903801461462066,0.00038549361345639163,0.12269159643645809,0.002780760292292413
