fold_id,training_days,training_start,training_end,test_start,test_end,panel_a_fold_id,selected_count,selected_drivers,method,chosen_alpha,portfolio_constraint,predicted_variance,realized_variance,realized_annualized_volatility,realized_to_predicted_ratio,qlike,gross_exposure,max_abs_weight,turnover,initial_formation,eigen_floor_activated,net_mean_return_5bps,net_annualized_volatility_5bps,rebalance_cost_5bps,net_mean_return_10bps,net_annualized_volatility_10bps,rebalance_cost_10bps,net_mean_return_20bps,net_annualized_volatility_20bps,rebalance_cost_20bps
1,252,2010-07-02T00:00:00,2011-09-28T00:00:00,2011-09-29T00:00:00,2012-04-03T00:00:00,14,3,Cboe Volatility Index | S&P/BMV IPC | EUR-SEK X-RATE,equal_weight,,unconstrained,0.00022422578147950764,0.00023049543627625175,0.24100798729837863,1.0279613466184623,-7.3748957141008225,1.0000000000000002,0.006666666666666667,1.0000000000000002,True,False,0.0020695638506004936,0.24100798729837863,0.0,0.0020695638506004936,0.24100798729837863,0.0,0.0020695638506004936,0.24100798729837863,0.0
1,252,2010-07-02T00:00:00,2011-09-28T00:00:00,2011-09-29T00:00:00,2012-04-03T00:00:00,14,3,Cboe Volatility Index | S&P/BMV IPC | EUR-SEK X-RATE,sample_covariance,,unconstrained,9.919073122096356e-06,0.00010017136221958634,0.15888103498950326,10.098863168619886,-1.4221879076854993,6.952027854219484,0.20973542862898015,6.952027854219484,True,False,0.0010089762798199703,0.15888103498950326,0.0,0.0010089762798199703,0.15888103498950326,0.0,0.0010089762798199703,0.15888103498950326,0.0
1,252,2010-07-02T00:00:00,2011-09-28T00:00:00,2011-09-29T00:00:00,2012-04-03T00:00:00,14,3,Cboe Volatility Index | S&P/BMV IPC | EUR-SEK X-RATE,ridge_10pct,,unconstrained,2.0632315789972864e-05,4.362947498101823e-05,0.10485527023100266,2.114618418268966,-8.674033565399117,3.681339254879923,0.09917342960324416,3.681339254879923,True,False,0.0006490626036774892,0.10485527023100266,0.0,0.0006490626036774892,0.10485527023100266,0.0,0.0006490626036774892,0.10485527023100266,0.0
1,252,2010-07-02T00:00:00,2011-09-28T00:00:00,2011-09-29T00:00:00,2012-04-03T00:00:00,14,3,Cboe Volatility Index | S&P/BMV IPC | EUR-SEK X-RATE,ledoit_wolf,,unconstrained,1.596940809554429e-05,5.6242944499255785e-05,0.11905134192361067,3.521917917230034,-7.522917742716775,4.650111117406652,0.13302758575111326,4.650111117406652,True,False,0.0007823118840977474,0.11905134192361067,0.0,0.0007823118840977474,0.11905134192361067,0.0,0.0007823118840977474,0.11905134192361067,0.0
1,252,2010-07-02T00:00:00,2011-09-28T00:00:00,2011-09-29T00:00:00,2012-04-03T00:00:00,14,3,Cboe Volatility Index | S&P/BMV IPC | EUR-SEK X-RATE,oas_shrinkage,,unconstrained,1.3447526134783658e-05,6.85013205964351e-05,0.13138619710723667,5.093971925382478,-6.122743473950592,5.399153252850924,0.15790596386231145,5.399153252850924,True,False,0.0008727073873608683,0.13138619710723667,0.0,0.0008727073873608683,0.13138619710723667,0.0,0.0008727073873608683,0.13138619710723667,0.0
1,252,2010-07-02T00:00:00,2011-09-28T00:00:00,2011-09-29T00:00:00,2012-04-03T00:00:00,14,3,Cboe Volatility Index | S&P/BMV IPC | EUR-SEK X-RATE,nonlinear_shrinkage_qis,,unconstrained,2.162200384855409e-05,4.0360829318512e-05,0.10085102373434304,1.8666553572559381,-8.875143707845261,3.163493733239034,0.08620926152824755,3.163493733239034,True,False,0.0005228094070223299,0.10085102373434304,0.0,0.0005228094070223299,0.10085102373434304,0.0,0.0005228094070223299,0.10085102373434304,0.0
1,252,2010-07-02T00:00:00,2011-09-28T00:00:00,2011-09-29T00:00:00,2012-04-03T00:00:00,14,3,Cboe Volatility Index | S&P/BMV IPC | EUR-SEK X-RATE,pca_matched,,unconstrained,1.000205437792048e-05,5.583520547392781e-05,0.11861901946749437,5.582373716862002,-5.930346331415632,2.61896477856057,0.08528774774396283,2.61896477856057,True,False,0.0002588200758775517,0.11861901946749437,0.0,0.0002588200758775517,0.11861901946749437,0.0,0.0002588200758775517,0.11861901946749437,0.0
1,252,2010-07-02T00:00:00,2011-09-28T00:00:00,2011-09-29T00:00:00,2012-04-03T00:00:00,14,3,Cboe Volatility Index | S&P/BMV IPC | EUR-SEK X-RATE,pca_plus_two,,unconstrained,1.0667128645829129e-05,6.454121535457225e-05,0.1275319029472712,6.050476890030572,-5.397866744193479,2.7301995862825246,0.08861272360015496,2.7301995862825246,True,False,0.0001707821296966294,0.1275319029472712,0.0,0.0001707821296966294,0.1275319029472712,0.0,0.0001707821296966294,0.1275319029472712,0.0
1,252,2010-07-02T00:00:00,2011-09-28T00:00:00,2011-09-29T00:00:00,2012-04-03T00:00:00,14,3,Cboe Volatility Index | S&P/BMV IPC | EUR-SEK X-RATE,poet_soft_c0_5,,unconstrained,1.4351911043477665e-05,4.531589979610198e-05,0.10686256008826338,3.1574819310698095,-7.994145519794164,2.7502278395737423,0.09670797104808479,2.7502278395737423,True,False,0.00045919973076363133,0.10686256008826338,0.0,0.00045919973076363133,0.10686256008826338,0.0,0.00045919973076363133,0.10686256008826338,0.0
1,252,2010-07-02T00:00:00,2011-09-28T00:00:00,2011-09-29T00:00:00,2012-04-03T00:00:00,14,3,Cboe Volatility Index | S&P/BMV IPC | EUR-SEK X-RATE,structured_q0,,unconstrained,1.2352980266902969e-05,5.692723163042105e-05,0.11977337922454265,4.608380358458498,-6.693232848385956,2.501589900029984,0.10241749122966358,2.501589900029984,True,False,0.00018439605748940316,0.11977337922454266,0.0,0.00018439605748940316,0.11977337922454266,0.0,0.00018439605748940316,0.11977337922454266,0.0
1,252,2010-07-02T00:00:00,2011-09-28T00:00:00,2011-09-29T00:00:00,2012-04-03T00:00:00,14,3,Cboe Volatility Index | S&P/BMV IPC | EUR-SEK X-RATE,residual_aware_qr,0.0,unconstrained,1.2352980266902969e-05,5.692723163042105e-05,0.11977337922454265,4.608380358458498,-6.693232848385956,2.501589900029984,0.10241749122966358,2.501589900029984,True,False,0.00018439605748940316,0.11977337922454266,0.0,0.00018439605748940316,0.11977337922454266,0.0,0.00018439605748940316,0.11977337922454266,0.0
2,252,2011-03-23T00:00:00,2012-04-03T00:00:00,2012-04-04T00:00:00,2012-10-04T00:00:00,15,4,S&P/BMV IPC | Cboe Volatility Index | Australian Dollar Spot | EUR-SEK X-RATE,equal_weight,,unconstrained,0.0002790943311605581,0.00010263436180848464,0.16082244611912272,0.3677407612748712,-7.816219967494361,1.0000000000000002,0.006666666666666667,0.12297975983736475,False,False,0.000247844657619101,0.1608318154981313,6.148987991868237e-05,0.00024735664269911133,0.16084123134673245,0.00012297975983736474,0.00024638061285913235,0.16086020242003118,0.0002459595196747295
2,252,2011-03-23T00:00:00,2012-04-03T00:00:00,2012-04-04T00:00:00,2012-10-04T00:00:00,15,4,S&P/BMV IPC | Cboe Volatility Index | Australian Dollar Spot | EUR-SEK X-RATE,sample_covariance,,unconstrained,1.2843037508004749e-05,6.85041702707969e-05,0.1313889299303439,5.333953920799495,-5.928754800836316,6.944248350709167,0.19715069810713615,8.61229917268688,False,False,0.0017618688068224988,0.13185795453013216,0.00430614958634344,0.0017276930164546937,0.1326052832074946,0.00861229917268688,0.0016593414357190834,0.13491463282015895,0.01722459834537376
2,252,2011-03-23T00:00:00,2012-04-03T00:00:00,2012-04-04T00:00:00,2012-10-04T00:00:00,15,4,S&P/BMV IPC | Cboe Volatility Index | Australian Dollar Spot | EUR-SEK X-RATE,ridge_10pct,,unconstrained,2.3538066958164864e-05,3.245944245716966e-05,0.09044213342909793,1.3790190381759517,-9.277872538653202,3.439622797301131,0.09717863428499424,3.076051633192532,False,False,0.0007206403308584146,0.0906235834839384,0.0015380258165962658,0.0007084337767584443,0.09085675737876636,0.0030760516331925316,0.0006840206685585035,0.0914766068356361,0.006152103266385063
2,252,2011-03-23T00:00:00,2012-04-03T00:00:00,2012-04-04T00:00:00,2012-10-04T00:00:00,15,4,S&P/BMV IPC | Cboe Volatility Index | Australian Dollar Spot | EUR-SEK X-RATE,ledoit_wolf,,unconstrained,1.7952033601217634e-05,4.146746239561559e-05,0.10222426582614878,2.3099033411347323,-8.617903815765427,4.607846647985097,0.12552869944961662,4.6500813278741395,False,False,0.001078085592397007,0.10248161125422967,0.00232504066393707,0.0010596328887149667,0.10284349285777307,0.00465008132787414,0.0010227274813508862,0.10387617892520827,0.00930016265574828
2,252,2011-03-23T00:00:00,2012-04-03T00:00:00,2012-04-04T00:00:00,2012-10-04T00:00:00,15,4,S&P/BMV IPC | Cboe Volatility Index | Australian Dollar Spot | EUR-SEK X-RATE,oas_shrinkage,,unconstrained,1.6188400513332255e-05,4.6865448600631576e-05,0.10867425199815804,2.8950017984812444,-8.13621379140333,5.135045543282271,0.14165819716945013,5.801159089383914,False,False,0.0012591883408796705,0.10899260275377114,0.0029005795446919573,0.00123616786830275,0.10946385389480813,0.0058011590893839145,0.0011901269231489094,0.11085662523624831,0.011602318178767829
2,252,2011-03-23T00:00:00,2012-04-03T00:00:00,2012-04-04T00:00:00,2012-10-04T00:00:00,15,4,S&P/BMV IPC | Cboe Volatility Index | Australian Dollar Spot | EUR-SEK X-RATE,nonlinear_shrinkage_qis,,unconstrained,2.3383621660990527e-05,2.9864737266064514e-05,0.08675202470863869,1.2771647480033446,-9.386309961679444,3.0695092307629763,0.08589058059232672,2.3660375650753225,False,False,0.0006858083654030016,0.08688585200980975,0.0011830187825376613,0.0006764193274463534,0.08705163353810318,0.0023660375650753226,0.0006576412515330572,0.0874782975788484,0.004732075130150645
2,252,2011-03-23T00:00:00,2012-04-03T00:00:00,2012-04-04T00:00:00,2012-10-04T00:00:00,15,4,S&P/BMV IPC | Cboe Volatility Index | Australian Dollar Spot | EUR-SEK X-RATE,pca_matched,,unconstrained,1.3020207367270962e-05,3.5458992578609336e-05,0.09452865242776685,2.7233815544092637,-8.525626440075692,2.7072393048943892,0.09477325486921623,1.5308232917494269,False,False,0.000571730051787545,0.09457559498295486,0.0007654116458747134,0.0005656553561853647,0.09463489643308563,0.0015308232917494269,0.0005535059649810042,0.09479047840260318,0.0030616465834988537
2,252,2011-03-23T00:00:00,2012-04-03T00:00:00,2012-04-04T00:00:00,2012-10-04T00:00:00,15,4,S&P/BMV IPC | Cboe Volatility Index | Australian Dollar Spot | EUR-SEK X-RATE,pca_plus_two,,unconstrained,1.4422677105063285e-05,3.4220550048445764e-05,0.09286322529509909,2.3726905760396004,-8.774018215075584,2.9230488392493132,0.0952895614928001,1.8960787476126106,False,False,0.0003899810328833184,0.09291066476269444,0.0009480393738063054,0.00038245691086898266,0.09297741529909503,0.0018960787476126108,0.00036740866684031116,0.09316867154607845,0.0037921574952252215
2,252,2011-03-23T00:00:00,2012-04-03T00:00:00,2012-04-04T00:00:00,2012-10-04T00:00:00,15,4,S&P/BMV IPC | Cboe Volatility Index | Australian Dollar Spot | EUR-SEK X-RATE,poet_soft_c0_5,,unconstrained,1.586966285652763e-05,3.222555031511445e-05,0.09011569607681473,2.030638622033435,-9.020462645693314,2.9967443012795476,0.09454374191780798,1.729911662977488,False,False,0.000613483864693451,0.09021144837004239,0.000864955831488744,0.0006066191358721118,0.09032366660512901,0.001729911662977488,0.0005928896782294334,0.09059724717687051,0.003459823325954976
2,252,2011-03-23T00:00:00,2012-04-03T00:00:00,2012-04-04T00:00:00,2012-10-04T00:00:00,15,4,S&P/BMV IPC | Cboe Volatility Index | Australian Dollar Spot | EUR-SEK X-RATE,structured_q0,,unconstrained,1.1718134066931227e-05,3.598315359197417e-05,0.09522475888747364,3.0707238359321423,-8.283649159864622,2.35193818622959,0.09046352094338866,0.9131006497156713,False,False,0.00083696038365484,0.09522425683051892,0.0004565503248578357,0.0008333369683781904,0.09522813253166464,0.0009131006497156714,0.0008260901378248915,0.09524901446705428,0.0018262012994313427
2,252,2011-03-23T00:00:00,2012-04-03T00:00:00,2012-04-04T00:00:00,2012-10-04T00:00:00,15,4,S&P/BMV IPC | Cboe Volatility Index | Australian Dollar Spot | EUR-SEK X-RATE,residual_aware_qr,0.5,unconstrained,2.0568098226529504e-05,2.8846408345272212e-05,0.08526016011601549,1.4024830116799536,-9.389286300635447,2.810035510036058,0.10822047671301446,1.884387551077104,False,False,0.0007325087272198563,0.08534156803302291,0.0009421937755385519,0.0007250309988425662,0.08544368017650111,0.0018843875510771038,0.0007100755420879858,0.08570970614213093,0.0037687751021542077
3,252,2011-09-29T00:00:00,2012-10-04T00:00:00,2012-10-05T00:00:00,2013-04-12T00:00:00,16,3,Cboe Volatility Index | BRAZIL IBOVESPA INDEX | DAX INDEX,equal_weight,,unconstrained,0.0001667338182862169,5.161744329732157e-05,0.11405084704168153,0.30957992702305037,-8.389531992616165,1.0000000000000002,0.006666666666666667,0.11804162180935426,False,False,0.0008815791461584921,0.11405109756232251,5.9020810904677134e-05,0.0008811107270243279,0.11405140916814775,0.00011804162180935427,0.0008801738887559996,0.11405221563325017,0.00023608324361870854
3,252,2011-09-29T00:00:00,2012-10-04T00:00:00,2012-10-05T00:00:00,2013-04-12T00:00:00,16,3,Cboe Volatility Index | BRAZIL IBOVESPA INDEX | DAX INDEX,sample_covariance,,unconstrained,7.5976128483955355e-06,5.041811944627744e-05,0.11271808240234533,6.636047460213077,-5.151628998693625,5.865018417555113,0.2547049544299,6.719278570902617,False,False,0.00022927371638848323,0.11322938207534572,0.0033596392854513086,0.00020260991253569504,0.11393668651659448,0.006719278570902617,0.00014928230483011868,0.11592396553928397,0.013438557141805235
3,252,2011-09-29T00:00:00,2012-10-04T00:00:00,2012-10-05T00:00:00,2013-04-12T00:00:00,16,3,Cboe Volatility Index | BRAZIL IBOVESPA INDEX | DAX INDEX,ridge_10pct,,unconstrained,1.3987515304748582e-05,2.4683380715532793e-05,0.07886832025797344,1.764672293666989,-9.412673096486573,2.9707715967660944,0.0847828753264745,2.6744677420281597,False,False,0.0005775858035908783,0.07900742195672765,0.0013372338710140798,0.0005669728363606078,0.07919145336389342,0.0026744677420281597,0.000545746901900067,0.07969298427258038,0.005348935484056319
3,252,2011-09-29T00:00:00,2012-10-04T00:00:00,2012-10-05T00:00:00,2013-04-12T00:00:00,16,3,Cboe Volatility Index | BRAZIL IBOVESPA INDEX | DAX INDEX,ledoit_wolf,,unconstrained,1.0881484837226729e-05,3.0279241417852664e-05,0.08735198244630096,2.782638754801562,-8.645809097036837,3.895130074387235,0.12052472122066399,4.002325132000996,False,False,0.00045349924471545006,0.08760413927937216,0.002001162566000498,0.00043761700212814457,0.08794668957341516,0.004002325132000996,0.0004058525169535335,0.0888985151866746,0.008004650264001992
3,252,2011-09-29T00:00:00,2012-10-04T00:00:00,2012-10-05T00:00:00,2013-04-12T00:00:00,16,3,Cboe Volatility Index | BRAZIL IBOVESPA INDEX | DAX INDEX,oas_shrinkage,,unconstrained,1.0188674764363518e-05,3.2589706741549326e-05,0.09062343018706823,3.198620772108353,-8.29561299964377,4.17439198615523,0.13909038993555065,4.521719590553095,False,False,0.0004117364603197242,0.09091861718580321,0.002260859795276548,0.0003937931286111801,0.09132485834175944,0.004521719590553096,0.00035790646519409214,0.09246424820240953,0.009043439181106191
3,252,2011-09-29T00:00:00,2012-10-04T00:00:00,2012-10-05T00:00:00,2013-04-12T00:00:00,16,3,Cboe Volatility Index | BRAZIL IBOVESPA INDEX | DAX INDEX,nonlinear_shrinkage_qis,,unconstrained,1.4498902494296288e-05,2.349241005618336e-05,0.07694210378042834,1.620288850512997,-9.521148750937916,2.5808742120175427,0.07195279224812622,2.1394457162839875,False,False,0.0005923028989099689,0.07703877002847927,0.0010697228581419936,0.000583813034956461,0.07716497954912288,0.0021394457162839872,0.0005668333070494452,0.07750541732915579,0.0042788914325679744
3,252,2011-09-29T00:00:00,2012-10-04T00:00:00,2012-10-05T00:00:00,2013-04-12T00:00:00,16,3,Cboe Volatility Index | BRAZIL IBOVESPA INDEX | DAX INDEX,pca_matched,,unconstrained,5.435551317109452e-06,2.409929787907376e-05,0.07792960326812005,4.433643704773156,-7.688905899471853,2.0391518540622346,0.07094423484774563,1.6600428168085304,False,False,0.0007954501547370788,0.077905670820874,0.0008300214084042653,0.0007888626832418068,0.07789942084975864,0.0016600428168085306,0.0007756877402512628,0.07793997331628731,0.003320085633617061
3,252,2011-09-29T00:00:00,2012-10-04T00:00:00,2012-10-05T00:00:00,2013-04-12T00:00:00,16,3,Cboe Volatility Index | BRAZIL IBOVESPA INDEX | DAX INDEX,pca_plus_two,,unconstrained,7.879112103121735e-06,2.1510217518026048e-05,0.07362455306854204,2.7300306476796563,-9.021264690032206,2.3690871382265506,0.08505709728210599,1.8372498657814966,False,False,0.00044665502093544,0.07360141144520607,0.0009186249328907483,0.00043936434686487843,0.07360119704175856,0.0018372498657814966,0.0004247829987237555,0.07366952928921311,0.0036744997315629933
3,252,2011-09-29T00:00:00,2012-10-04T00:00:00,2012-10-05T00:00:00,2013-04-12T00:00:00,16,3,Cboe Volatility Index | BRAZIL IBOVESPA INDEX | DAX INDEX,poet_soft_c0_5,,unconstrained,8.64600398354556e-06,2.1714781360691412e-05,0.07397381227768537,2.511539597022785,-9.1468737139576,2.2844520134214,0.11014390165350488,1.9872896748352993,False,False,0.0006749417984249773,0.07396068310616565,0.0009936448374176497,0.000667055728286742,0.07397425030656805,0.0019872896748352993,0.0006512835880102712,0.074081386292038,0.003974579349670599
3,252,2011-09-29T00:00:00,2012-10-04T00:00:00,2012-10-05T00:00:00,2013-04-12T00:00:00,16,3,Cboe Volatility Index | BRAZIL IBOVESPA INDEX | DAX INDEX,structured_q0,,unconstrained,6.6962908529450796e-06,2.4720243940221044e-05,0.07892719096062968,3.6916323503703388,-8.222324438530357,1.9746346761982094,0.08826389624917005,0.8938635355803086,False,False,0.0009342068384115344,0.07890567187974994,0.0004469317677901543,0.0009306597608893904,0.07888921110439662,0.0008938635355803086,0.0009235656058451023,0.07887147616529924,0.0017877270711606171
3,252,2011-09-29T00:00:00,2012-10-04T00:00:00,2012-10-05T00:00:00,2013-04-12T00:00:00,16,3,Cboe Volatility Index | BRAZIL IBOVESPA INDEX | DAX INDEX,residual_aware_qr,0.5,unconstrained,1.2278008960203446e-05,2.1292612372724742e-05,0.07325120011253491,1.7342072677858613,-9.573493517396258,2.4354318951384206,0.12066778277074293,1.9978823917532136,False,False,0.0006602389167144301,0.0732793106051605,0.0009989411958766068,0.0006523108119852507,0.0733346298937945,0.0019978823917532135,0.0006364546025268917,0.07352661900018329,0.003995764783506427
4,252,2012-04-04T00:00:00,2013-04-12T00:00:00,2013-04-15T00:00:00,2013-10-16T00:00:00,17,3,Cboe Volatility Index | S&P/BMV IPC | DAX INDEX,equal_weight,,unconstrained,7.691942667665131e-05,7.622208643936285e-05,0.13859280566724752,0.9909341467114686,-8.481817944061676,1.0000000000000002,0.006666666666666667,0.104959973006346,False,False,0.0012527127218891615,0.13861605724586867,5.2479986503173004e-05,0.0012522962140597712,0.1386393446560405,0.00010495997300634601,0.0012514631984009907,0.13868602689880857,0.00020991994601269202
4,252,2012-04-04T00:00:00,2013-04-12T00:00:00,2013-04-15T00:00:00,2013-10-16T00:00:00,17,3,Cboe Volatility Index | S&P/BMV IPC | DAX INDEX,sample_covariance,,unconstrained,5.009802894520948e-06,7.539809255684553e-05,0.13784164582710506,15.050111580099465,2.8459975940470432,5.638959705106396,0.17474608128356334,6.349018442426474,False,False,-0.00047602912823895504,0.13861898515054769,0.003174509221213237,-0.0005012236458676316,0.1395365070481296,0.006349018442426474,-0.0005516126811249845,0.1417807970593671,0.012698036884852947
4,252,2012-04-04T00:00:00,2013-04-12T00:00:00,2013-04-15T00:00:00,2013-10-16T00:00:00,17,3,Cboe Volatility Index | S&P/BMV IPC | DAX INDEX,ridge_10pct,,unconstrained,9.619394054026008e-06,4.7511501114316315e-05,0.1094207397197063,4.939136586719962,-6.612592696697518,3.1853850168952498,0.08936352136789316,2.4835183130199283,False,False,-0.00031058942917933265,0.10974134199561737,0.0012417591565099641,-0.0003204446605802054,0.11008902701178487,0.0024835183130199282,-0.00034015512338195084,0.11086460620432342,0.0049670366260398564
4,252,2012-04-04T00:00:00,2013-04-12T00:00:00,2013-04-15T00:00:00,2013-10-16T00:00:00,17,3,Cboe Volatility Index | S&P/BMV IPC | DAX INDEX,ledoit_wolf,,unconstrained,8.453765648045238e-06,5.038354722883188e-05,0.11267942980715527,5.9598940077647,-5.721004569276059,3.5514671882092825,0.10410021790000212,3.5555427132135975,False,False,-0.00039112637658439523,0.11313939938804707,0.0017777713566067988,-0.0004052356730654016,0.11365313620879934,0.0035555427132135976,-0.00043345426602741424,0.11483894972729464,0.007111085426427195
4,252,2012-04-04T00:00:00,2013-04-12T00:00:00,2013-04-15T00:00:00,2013-10-16T00:00:00,17,3,Cboe Volatility Index | S&P/BMV IPC | DAX INDEX,oas_shrinkage,,unconstrained,7.91476132418193e-06,5.222094802026041e-05,0.11471564366338892,6.597918229158725,-5.148862790800023,3.770301781398471,0.11199830926054351,3.944176118706106,False,False,-0.00042453023403420836,0.11522520690942947,0.001972088059353053,-0.0004401817265687565,0.11579971605660962,0.003944176118706106,-0.00047148471163785253,0.11713964178491705,0.007888352237412213
4,252,2012-04-04T00:00:00,2013-04-12T00:00:00,2013-04-15T00:00:00,2013-10-16T00:00:00,17,3,Cboe Volatility Index | S&P/BMV IPC | DAX INDEX,nonlinear_shrinkage_qis,,unconstrained,1.1150692159638854e-05,4.5488806318184105e-05,0.10706623740555374,4.079460330080297,-7.324548654806898,2.6705515515901252,0.06761197697880898,1.8736042373564974,False,False,-0.00020858471837462364,0.10730518668765193,0.0009368021186782487,-0.00021601965582445103,0.10755992460391328,0.0018736042373564974,-0.00023088953072410574,0.10811631301875581,0.0037472084747129947
4,252,2012-04-04T00:00:00,2013-04-12T00:00:00,2013-04-15T00:00:00,2013-10-16T00:00:00,17,3,Cboe Volatility Index | S&P/BMV IPC | DAX INDEX,pca_matched,,unconstrained,5.5109622273960766e-06,5.3711882385238e-05,0.11634171376200358,9.746370990936152,-2.362400326188604,2.2024719925466547,0.07998506009831256,1.4009987083207047,False,False,-0.0004497702718755212,0.1164672537754942,0.0007004993541603523,-0.00045532979055933363,0.11660107563959893,0.0014009987083207047,-0.00046644882792695817,0.11689344938475307,0.0028019974166414094
4,252,2012-04-04T00:00:00,2013-04-12T00:00:00,2013-04-15T00:00:00,2013-10-16T00:00:00,17,3,Cboe Volatility Index | S&P/BMV IPC | DAX INDEX,pca_plus_two,,unconstrained,5.511633728714899e-06,5.109997643932566e-05,0.11347772496269946,9.271293949215348,-2.8373555270431865,2.1969243993950918,0.07907050096290102,1.4788895384987142,False,False,-0.0004179716954097474,0.11361496042494287,0.0007394447692493572,-0.0004238403046895041,0.11376164343169314,0.0014788895384987143,-0.00043557752324901777,0.11408320396499053,0.0029577790769974286
4,252,2012-04-04T00:00:00,2013-04-12T00:00:00,2013-04-15T00:00:00,2013-10-16T00:00:00,17,3,Cboe Volatility Index | S&P/BMV IPC | DAX INDEX,poet_soft_c0_5,,unconstrained,8.225470301206902e-06,4.1302271315027227e-05,0.10202045075075321,5.021265630120511,-6.687009453348968,2.3086076632026034,0.07317189926607365,1.5169018726725167,False,False,-0.00013905897234158223,0.10218184046029939,0.0007584509363362583,-0.0001450784242172669,0.10235421661862602,0.0015169018726725167,-0.0001571173279686361,0.10273170354376318,0.0030338037453450334
4,252,2012-04-04T00:00:00,2013-04-12T00:00:00,2013-04-15T00:00:00,2013-10-16T00:00:00,17,3,Cboe Volatility Index | S&P/BMV IPC | DAX INDEX,structured_q0,,unconstrained,5.995198091701947e-06,5.845593136901239e-05,0.12137089727356852,9.750458696255961,-2.274093030955397,2.0958399884852916,0.08133706234334032,0.9411838721461971,False,False,-0.0004108315474108413,0.12144592411246899,0.0004705919360730986,-0.00041456640404634207,0.1215245493270937,0.0009411838721461972,-0.00042203611731734365,0.12169256666551198,0.0018823677442923945
4,252,2012-04-04T00:00:00,2013-04-12T00:00:00,2013-04-15T00:00:00,2013-10-16T00:00:00,17,3,Cboe Volatility Index | S&P/BMV IPC | DAX INDEX,residual_aware_qr,0.25,unconstrained,8.582542295872347e-06,4.841205278060521e-05,0.11045287366434842,5.640759009587207,-6.025021373886592,2.1993363411419975,0.08007452437757075,1.5655312296847197,False,False,-0.00030568337958094974,0.11061492863502076,0.0007827656148423598,-0.00031189580509557167,0.11078780826959292,0.0015655312296847196,-0.00032432065612481535,0.11116583636069187,0.003131062459369439
5,252,2012-10-05T00:00:00,2013-10-16T00:00:00,2013-10-17T00:00:00,2014-04-24T00:00:00,18,4,Cboe Volatility Index | S&P/BMV IPC | DAX INDEX | Brazilian Real Spot,equal_weight,,unconstrained,6.369966700394798e-05,6.107449447096945e-05,0.12405955266195466,0.9587882848301887,-8.702542938137167,1.0000000000000002,0.006666666666666667,0.12849936976896004,False,False,0.000658618628748638,0.12404810595833611,6.424968488448002e-05,0.0006581087106146343,0.124036724759665,0.00012849936976896004,0.0006570888743466267,0.12401415894920063,0.0002569987395379201
5,252,2012-10-05T00:00:00,2013-10-16T00:00:00,2013-10-17T00:00:00,2014-04-24T00:00:00,18,4,Cboe Volatility Index | S&P/BMV IPC | DAX INDEX | Brazilian Real Spot,sample_covariance,,unconstrained,8.453407731267833e-06,6.454327876054784e-05,0.1275339415514868,7.635178712818068,-4.0457622032665315,6.893074759000433,0.18625908170269073,7.731744769419262,False,False,0.0007143024380225818,0.12739220066291995,0.003865872384709631,0.0006836209111598069,0.1274849764050835,0.007731744769419262,0.0006222578574342573,0.12837075866048744,0.015463489538838525
5,252,2012-10-05T00:00:00,2013-10-16T00:00:00,2013-10-17T00:00:00,2014-04-24T00:00:00,18,4,Cboe Volatility Index | S&P/BMV IPC | DAX INDEX | Brazilian Real Spot,ridge_10pct,,unconstrained,1.3453090913103617e-05,2.876431846673278e-05,0.08513875882121293,2.138119682125665,-9.0781819885268,3.6333084277210275,0.07335213415081361,3.3046966858091027,False,False,0.0003356886444809965,0.08509472671357707,0.0016523483429045512,0.0003225747687436588,0.08511485061659492,0.0033046966858091024,0.00029634701726898336,0.0853472402488485,0.006609393371618205
5,252,2012-10-05T00:00:00,2013-10-16T00:00:00,2013-10-17T00:00:00,2014-04-24T00:00:00,18,4,Cboe Volatility Index | S&P/BMV IPC | DAX INDEX | Brazilian Real Spot,ledoit_wolf,,unconstrained,1.2524810245003714e-05,3.121218126516866e-05,0.08868748321393781,2.4920282746494737,-8.795770786558139,4.023322321838058,0.0859458127538846,3.8702583425181376,False,False,0.00038139269646714067,0.08865014960302915,0.0019351291712590686,0.000366034528441275,0.08869727882012068,0.0038702583425181372,0.0003353181923895438,0.08904414893701482,0.0077405166850362745
5,252,2012-10-05T00:00:00,2013-10-16T00:00:00,2013-10-17T00:00:00,2014-04-24T00:00:00,18,4,Cboe Volatility Index | S&P/BMV IPC | DAX INDEX | Brazilian Real Spot,oas_shrinkage,,unconstrained,1.1983427282097542e-05,3.311876984625346e-05,0.09135606165578654,2.763714342033914,-8.56827158050964,4.2766306940812795,0.09569340033532128,4.215712946092516,False,False,0.00041228616218303544,0.09132056852997847,0.002107856473046258,0.00039555714255568416,0.09138235446553652,0.004215712946092516,0.00036209910330098165,0.09179666854875214,0.008431425892185032
5,252,2012-10-05T00:00:00,2013-10-16T00:00:00,2013-10-17T00:00:00,2014-04-24T00:00:00,18,4,Cboe Volatility Index | S&P/BMV IPC | DAX INDEX | Brazilian Real Spot,nonlinear_shrinkage_qis,,unconstrained,1.546510921149841e-05,2.5443894134012565e-05,0.08007409894448496,1.6452450342280713,-9.43167905577487,2.9090375634001266,0.06214837447212983,2.427500131539845,False,False,0.00021888701779987607,0.07998094008248835,0.0012137500657699225,0.00020925408076995604,0.07992454559191839,0.002427500131539845,0.00018998820671011605,0.07992231028900887,0.00485500026307969
5,252,2012-10-05T00:00:00,2013-10-16T00:00:00,2013-10-17T00:00:00,2014-04-24T00:00:00,18,4,Cboe Volatility Index | S&P/BMV IPC | DAX INDEX | Brazilian Real Spot,pca_matched,,unconstrained,1.0104207561262025e-05,2.567647366249239e-05,0.08043924019375172,2.541166489981068,-8.961392140661646,2.753147967936596,0.0807736554588786,1.6810360840237766,False,False,4.1827381452799724e-05,0.08036534949613584,0.0008405180420118884,3.5156603341594255e-05,0.08030898653724772,0.0016810360840237768,2.1815047119183315e-05,0.08024898007822125,0.0033620721680475535
5,252,2012-10-05T00:00:00,2013-10-16T00:00:00,2013-10-17T00:00:00,2014-04-24T00:00:00,18,4,Cboe Volatility Index | S&P/BMV IPC | DAX INDEX | Brazilian Real Spot,pca_plus_two,,unconstrained,1.0353297473441239e-05,2.667457606452852e-05,0.08198776230792731,2.5764328836252783,-8.901772608900943,2.8133975769762363,0.08480390391811901,1.7924306620939943,False,False,0.00011150597847497823,0.08193205395419795,0.0008962153310469972,0.00010439315838730365,0.08189592523272714,0.0017924306620939945,9.016751821195449e-05,0.08188249630965912,0.003584861324187989
5,252,2012-10-05T00:00:00,2013-10-16T00:00:00,2013-10-17T00:00:00,2014-04-24T00:00:00,18,4,Cboe Volatility Index | S&P/BMV IPC | DAX INDEX | Brazilian Real Spot,poet_soft_c0_5,,unconstrained,1.2276410200656129e-05,2.3608346140640935e-05,0.0771317264648051,1.923065925198488,-9.384765081720019,2.7902125856343654,0.07301431612013215,1.7788600192425847,False,False,6.774010947044665e-05,0.07706147066799814,0.0008894300096212923,6.068114114011897e-05,0.07701169806306066,0.0017788600192425847,4.6563204479463534e-05,0.07697374501440582,0.0035577200384851694
5,252,2012-10-05T00:00:00,2013-10-16T00:00:00,2013-10-17T00:00:00,2014-04-24T00:00:00,18,4,Cboe Volatility Index | S&P/BMV IPC | DAX INDEX | Brazilian Real Spot,structured_q0,,unconstrained,1.0477808845383205e-05,2.551561642094525e-05,0.08018687759277202,2.4352053752334006,-9.03104560533718,2.5336683398656357,0.07138191035547255,1.5165070349406422,False,False,0.00014366718438234326,0.08006900440183998,0.0007582535174703211,0.00013764929932305497,0.07996533866190127,0.0015165070349406422,0.00012561352920447848,0.07980084342220334,0.0030330140698812845
5,252,2012-10-05T00:00:00,2013-10-16T00:00:00,2013-10-17T00:00:00,2014-04-24T00:00:00,18,4,Cboe Volatility Index | S&P/BMV IPC | DAX INDEX | Brazilian Real Spot,residual_aware_qr,0.5,unconstrained,1.3802157569978662e-05,2.206000294671921e-05,0.07455951141586994,1.59830105075038,-9.592384581620816,2.8353082419368967,0.07353250601772883,2.1780941932656637,False,False,0.0002648012998233407,0.0744958294775265,0.0010890470966328318,0.0002561580688976833,0.07446395484280237,0.0021780941932656637,0.00023887160704636848,0.07449575005560741,0.004356188386531327
6,252,2013-04-15T00:00:00,2014-04-24T00:00:00,2014-04-25T00:00:00,2014-10-27T00:00:00,20,4,Cboe Volatility Index | DAX INDEX | S&P/BMV IPC | Brazilian Real Spot,equal_weight,,unconstrained,6.846335192389551e-05,4.719386533604954e-05,0.10905436288697708,0.6893303352793867,-8.899881628995058,1.0000000000000002,0.006666666666666667,0.08499941137674942,False,False,0.00045639267469138145,0.10906268054767607,4.2499705688374714e-05,0.00045605537543988645,0.10907103069424225,8.499941137674943e-05,0.0004553807769368963,0.1090878284151074,0.00016999882275349886
6,252,2013-04-15T00:00:00,2014-04-24T00:00:00,2014-04-25T00:00:00,2014-10-27T00:00:00,20,4,Cboe Volatility Index | DAX INDEX | S&P/BMV IPC | Brazilian Real Spot,sample_covariance,,unconstrained,8.825185647294427e-06,4.177218693597839e-05,0.10259917693561948,4.733292715353207,-6.904608203492356,5.332809507991863,0.1821031863492765,6.386036424652488,False,False,0.0013192986206459526,0.10318707412931682,0.003193018212326244,0.0012939572062624109,0.1039679512546471,0.006386036424652488,0.0012432743774953275,0.1060905486515116,0.012772072849304976
6,252,2013-04-15T00:00:00,2014-04-24T00:00:00,2014-04-25T00:00:00,2014-10-27T00:00:00,20,4,Cboe Volatility Index | DAX INDEX | S&P/BMV IPC | Brazilian Real Spot,ridge_10pct,,unconstrained,1.259542673875679e-05,2.5795643704114794e-05,0.08062569201834442,2.0480166523251047,-9.234160114808184,3.3141878159178666,0.09837710301378175,2.8203237396208802,False,False,0.0010300244168091424,0.08065324886106237,0.00141016186981044,0.0010188326559376307,0.08073007566110822,0.00282032373962088,0.0009964491341946078,0.08103088869711761,0.00564064747924176
6,252,2013-04-15T00:00:00,2014-04-24T00:00:00,2014-04-25T00:00:00,2014-10-27T00:00:00,20,4,Cboe Volatility Index | DAX INDEX | S&P/BMV IPC | Brazilian Real Spot,ledoit_wolf,,unconstrained,1.1486132276976117e-05,2.798309664775274e-05,0.08397464114382204,2.4362505996770287,-8.93811953954578,3.6918733256076313,0.12018070014230386,3.347225515075859,False,False,0.001085016843519262,0.08407080752759759,0.0016736127575379296,0.0010717342025864213,0.084233395515673,0.0033472255150758592,0.00104516892072074,0.08475615116061495,0.0066944510301517185
6,252,2013-04-15T00:00:00,2014-04-24T00:00:00,2014-04-25T00:00:00,2014-10-27T00:00:00,20,4,Cboe Volatility Index | DAX INDEX | S&P/BMV IPC | Brazilian Real Spot,oas_shrinkage,,unconstrained,1.1129903864069051e-05,2.8993115168848096e-05,0.08547669286156151,2.604974447483531,-8.800900582780544,3.844131016635377,0.12785935783107583,3.621546666030834,False,False,0.0011058513237918032,0.08560679506763925,0.0018107733330154168,0.0010914801068631092,0.0858131534277239,0.0036215466660308336,0.001062737673005722,0.08645225260736358,0.007243093332061667
6,252,2013-04-15T00:00:00,2014-04-24T00:00:00,2014-04-25T00:00:00,2014-10-27T00:00:00,20,4,Cboe Volatility Index | DAX INDEX | S&P/BMV IPC | Brazilian Real Spot,nonlinear_shrinkage_qis,,unconstrained,1.4291608909672978e-05,2.4522909505363783e-05,0.07861153347538562,1.7158956462043937,-9.439942336255733,2.780676806263518,0.06398832704648941,2.040783036836575,False,False,0.0009834332033836156,0.07856133789261494,0.0010203915184182875,0.0009753348579993437,0.07853762934420033,0.002040783036836575,0.0009591381672307994,0.07856974247301615,0.00408156607367315
6,252,2013-04-15T00:00:00,2014-04-24T00:00:00,2014-04-25T00:00:00,2014-10-27T00:00:00,20,4,Cboe Volatility Index | DAX INDEX | S&P/BMV IPC | Brazilian Real Spot,pca_matched,,unconstrained,9.24430188929066e-06,3.0539999927726266e-05,0.08772730465360838,3.303656705879137,-8.28784650234271,2.7460029655955447,0.08400993723733166,1.6354541565862721,False,False,0.0007062960764953323,0.08760633073332767,0.000817727078293136,0.0006998061790485616,0.0875004748422868,0.001635454156586272,0.0006868263841550197,0.0873343291876539,0.003270908313172544
6,252,2013-04-15T00:00:00,2014-04-24T00:00:00,2014-04-25T00:00:00,2014-10-27T00:00:00,20,4,Cboe Volatility Index | DAX INDEX | S&P/BMV IPC | Brazilian Real Spot,pca_plus_two,,unconstrained,9.176627637340953e-06,2.927508621237708e-05,0.0858913367314715,3.1901791561480333,-8.408671624443752,2.7464665561758768,0.0851482613093583,1.6619791969776372,False,False,0.0007196540707152859,0.08576899559938846,0.0008309895984888186,0.0007130589151717238,0.08566260363535533,0.0016619791969776372,0.0006998686040845997,0.08549789644816827,0.0033239583939552743
6,252,2013-04-15T00:00:00,2014-04-24T00:00:00,2014-04-25T00:00:00,2014-10-27T00:00:00,20,4,Cboe Volatility Index | DAX INDEX | S&P/BMV IPC | Brazilian Real Spot,poet_soft_c0_5,,unconstrained,1.1385720313853877e-05,2.5662489406072386e-05,0.0804173322756372,2.2539188297860147,-9.129231761989901,2.807897833535818,0.08012398068887322,1.7822795644201244,False,False,0.0008974163328864818,0.08034853520696383,0.0008911397822100621,0.0008903437949324337,0.08029946083209352,0.0017822795644201242,0.0008761987190243375,0.08026061033472522,0.0035645591288402485
6,252,2013-04-15T00:00:00,2014-04-24T00:00:00,2014-04-25T00:00:00,2014-10-27T00:00:00,20,4,Cboe Volatility Index | DAX INDEX | S&P/BMV IPC | Brazilian Real Spot,structured_q0,,unconstrained,1.0382422763150452e-05,2.9140983650917137e-05,0.0856943865141184,2.806761419342798,-8.668634881264303,2.595049014694056,0.06918451559185243,1.1986830463414107,False,False,0.0006868920432606309,0.08561329741817586,0.0005993415231707053,0.0006821353645053078,0.08554053045568832,0.0011986830463414106,0.0006726220069946617,0.08542004557147173,0.0023973660926828212
6,252,2013-04-15T00:00:00,2014-04-24T00:00:00,2014-04-25T00:00:00,2014-10-27T00:00:00,20,4,Cboe Volatility Index | DAX INDEX | S&P/BMV IPC | Brazilian Real Spot,residual_aware_qr,0.1,unconstrained,1.1388473572805421e-05,2.512208665716669e-05,0.07956610985593053,2.205922198138635,-9.176986606026384,2.5561232012373125,0.0643771183160614,1.7676754433277209,False,False,0.0007138143977739856,0.07948064193563556,0.0008838377216638606,0.0007067998126814154,0.07941475759497321,0.0017676754433277211,0.0006927706424962747,0.07934192029452326,0.0035353508866554422
7,252,2013-10-17T00:00:00,2014-10-27T00:00:00,2014-10-28T00:00:00,2015-05-01T00:00:00,21,3,Cboe Volatility Index | DAX INDEX | BRAZIL IBOVESPA INDEX,equal_weight,,unconstrained,5.392878797754602e-05,6.261407632348545e-05,0.12561348348612236,1.161051057731089,-8.666795065129806,1.0000000000000002,0.006666666666666667,0.09792482030173152,False,False,0.0007922065038344899,0.12560096188051564,4.896241015086577e-05,0.000791817913277737,0.12558847720381666,9.792482030173154e-05,0.0007910407321642313,0.1255636186811711,0.00019584964060346307
7,252,2013-10-17T00:00:00,2014-10-27T00:00:00,2014-10-28T00:00:00,2015-05-01T00:00:00,21,3,Cboe Volatility Index | DAX INDEX | BRAZIL IBOVESPA INDEX,sample_covariance,,unconstrained,4.765071596666067e-06,5.9755344488136476e-05,0.1227124558103634,12.540282611901349,0.2860846164636346,6.090792576054516,0.1929504248483923,6.141991246787191,False,False,0.001066894432040124,0.12295857954241433,0.0030709956233935954,0.0010425214509020796,0.12335721224007001,0.006141991246787191,0.000993775488625991,0.1246055899154424,0.012283982493574382
7,252,2013-10-17T00:00:00,2014-10-27T00:00:00,2014-10-28T00:00:00,2015-05-01T00:00:00,21,3,Cboe Volatility Index | DAX INDEX | BRAZIL IBOVESPA INDEX,ridge_10pct,,unconstrained,8.908827666669618e-06,3.8057768421798514e-05,0.09793139252708105,4.271916558020662,-7.356551342126666,3.389605380931249,0.0818502418073696,2.5979493751336786,False,False,0.0006884797744413811,0.09791415980720754,0.0012989746875668392,0.000678170451524184,0.09793138965707208,0.0025979493751336785,0.0006575518056897898,0.09806912807739432,0.005195898750267357
7,252,2013-10-17T00:00:00,2014-10-27T00:00:00,2014-10-28T00:00:00,2015-05-01T00:00:00,21,3,Cboe Volatility Index | DAX INDEX | BRAZIL IBOVESPA INDEX,ledoit_wolf,,unconstrained,8.062233332982535e-06,3.916828708600673e-05,0.09934992876531767,4.858242805472965,-6.870077145895317,3.734555454687533,0.09517430731392074,3.0852982102561075,False,False,0.0007592870156549801,0.09935578629067614,0.0015426491051280537,0.0007470437687888844,0.09940953303506422,0.0030852982102561074,0.0007225572750566931,0.09966031522632363,0.006170596420512215
7,252,2013-10-17T00:00:00,2014-10-27T00:00:00,2014-10-28T00:00:00,2015-05-01T00:00:00,21,3,Cboe Volatility Index | DAX INDEX | BRAZIL IBOVESPA INDEX,oas_shrinkage,,unconstrained,7.587248207347734e-06,4.0189811968219357e-05,0.10063713338520369,5.297020852606121,-6.4920207347162275,3.9572043205743412,0.10410511269326392,3.3423426177953086,False,False,0.0008015241098234091,0.10065964843684823,0.0016711713088976546,0.0007882608454670784,0.10073762100150674,0.003342342617795309,0.0007617343167544172,0.10105933391228182,0.006684685235590618
7,252,2013-10-17T00:00:00,2014-10-27T00:00:00,2014-10-28T00:00:00,2015-05-01T00:00:00,21,3,Cboe Volatility Index | DAX INDEX | BRAZIL IBOVESPA INDEX,nonlinear_shrinkage_qis,,unconstrained,1.084924714642848e-05,3.886181249337021e-05,0.09896048074018887,3.5819824148962573,-7.849432452914913,2.8194917326411515,0.06517035712142515,1.8874597054426232,False,False,0.000480793483479083,0.09892462537527802,0.0009437298527213116,0.00047330356401304087,0.09890676805501522,0.0018874597054426231,0.0004583237250809565,0.09892507671165357,0.0037749194108852462
7,252,2013-10-17T00:00:00,2014-10-27T00:00:00,2014-10-28T00:00:00,2015-05-01T00:00:00,21,3,Cboe Volatility Index | DAX INDEX | BRAZIL IBOVESPA INDEX,pca_matched,,unconstrained,6.837464920487587e-06,5.3495511997159535e-05,0.11610714458328653,7.823881017197923,-4.069212503490267,2.479542479405403,0.06282041833964554,1.846496393989879,False,False,0.00048618637432070523,0.11613575217132611,0.0009232481969949396,0.00047885900767788826,0.11617902732614079,0.0018464963939898791,0.0004642042743922544,0.11630950929887116,0.0036929927879797582
7,252,2013-10-17T00:00:00,2014-10-27T00:00:00,2014-10-28T00:00:00,2015-05-01T00:00:00,21,3,Cboe Volatility Index | DAX INDEX | BRAZIL IBOVESPA INDEX,pca_plus_two,,unconstrained,7.0674197534937925e-06,5.2565014608907314e-05,0.1150929349762384,7.437652841112444,-4.422362260629404,2.5545738608846955,0.06498382362661245,1.8863114329761048,False,False,0.00048541346462351216,0.1150822049364224,0.0009431557164880524,0.000477928101794242,0.11508693355648582,0.0018863114329761047,0.00046295737613570153,0.11514275293180211,0.0037726228659522095
7,252,2013-10-17T00:00:00,2014-10-27T00:00:00,2014-10-28T00:00:00,2015-05-01T00:00:00,21,3,Cboe Volatility Index | DAX INDEX | BRAZIL IBOVESPA INDEX,poet_soft_c0_5,,unconstrained,9.763320754626626e-06,3.5538268178268984e-05,0.09463426219358285,3.639977531356651,-7.896900442798822,2.7504049344411614,0.07746996040359734,1.8366621790131985,False,False,0.0005671696429964747,0.09464937828966712,0.0009183310895065994,0.0005598813010162637,0.0946823075779052,0.0018366621790131988,0.0005453046170558414,0.09480152144068987,0.0036733243580263975
7,252,2013-10-17T00:00:00,2014-10-27T00:00:00,2014-10-28T00:00:00,2015-05-01T00:00:00,21,3,Cboe Volatility Index | DAX INDEX | BRAZIL IBOVESPA INDEX,structured_q0,,unconstrained,6.4501423079923005e-06,5.3041278361761846e-05,0.11561315732720037,8.223272577418793,-3.72813578672657,2.236285881926336,0.06030115901308331,1.4198402157123677,False,False,0.0003153203626008391,0.11565938069972082,0.0007099201078561839,0.00030968607603055207,0.11571429681227845,0.0014198402157123678,0.0002984175028899777,0.11585015585362318,0.0028396804314247356
7,252,2013-10-17T00:00:00,2014-10-27T00:00:00,2014-10-28T00:00:00,2015-05-01T00:00:00,21,3,Cboe Volatility Index | DAX INDEX | BRAZIL IBOVESPA INDEX,residual_aware_qr,0.5,unconstrained,9.537201752140665e-06,3.511490030794381e-05,0.0940688836842547,3.681887121666701,-7.87842331124901,2.7100180152804816,0.07528803518367586,1.8538182184005403,False,False,0.0006325661795605555,0.09406937104020976,0.0009269091092002702,0.0006252097580589661,0.09408812305592211,0.0018538182184005404,0.0006104969150557874,0.09418036680072094,0.003707636436801081
8,252,2014-04-25T00:00:00,2015-05-01T00:00:00,2015-05-04T00:00:00,2015-11-03T00:00:00,22,2,Cboe Volatility Index | DAX INDEX,equal_weight,,unconstrained,5.471354361086575e-05,0.00011092756660272297,0.1671937402652569,2.0274242770978828,-7.785975004080925,1.0000000000000002,0.006666666666666667,0.11360101370292619,False,False,-0.00030663274682481454,0.1671907781492577,5.6800506851463095e-05,-0.0003070835444982388,0.16718785457566207,0.00011360101370292619,-0.0003079851398450875,0.16718212306374305,0.00022720202740585238
8,252,2014-04-25T00:00:00,2015-05-01T00:00:00,2015-05-04T00:00:00,2015-11-03T00:00:00,22,2,Cboe Volatility Index | DAX INDEX,sample_covariance,,unconstrained,6.127009452069519e-06,7.224890632193458e-05,0.13493229558977907,11.79187120358221,-0.21093257794844966,6.379316950704184,0.21383526043641649,6.51029246605261,False,False,0.00019184523294936813,0.1348883556391538,0.003255146233026305,0.00016601073903646095,0.13500146846955294,0.00651029246605261,0.00011434175121064654,0.1356967362051057,0.01302058493210522
8,252,2014-04-25T00:00:00,2015-05-01T00:00:00,2015-05-04T00:00:00,2015-11-03T00:00:00,22,2,Cboe Volatility Index | DAX INDEX,ridge_10pct,,unconstrained,1.1514447359104807e-05,6.630110533104291e-05,0.12925895923851008,5.758079677060376,-5.613828341913239,3.7320711329555256,0.10661734448084625,3.2213307905999446,False,False,9.523693899181812e-05,0.129252922281423,0.001610665395299972,8.245388029896121e-05,0.12928702280281185,0.003221330790599944,5.68877629132474e-05,0.12947547209899118,0.006442661581199888
8,252,2014-04-25T00:00:00,2015-05-01T00:00:00,2015-05-04T00:00:00,2015-11-03T00:00:00,22,2,Cboe Volatility Index | DAX INDEX,ledoit_wolf,,unconstrained,1.1663467900744061e-05,6.632222516836394e-05,0.12927954494980137,5.6863212324812045,-5.672727770192179,3.669330214944748,0.10342007434869185,3.3513602063184007,False,False,9.531321518631302e-05,0.12927360438364036,0.0016756801031592005,8.201416674854157e-05,0.12931109949838293,0.003351360206318401,5.541606987299875e-05,0.12951620217356458,0.006702720412636802
8,252,2014-04-25T00:00:00,2015-05-01T00:00:00,2015-05-04T00:00:00,2015-11-03T00:00:00,22,2,Cboe Volatility Index | DAX INDEX,oas_shrinkage,,unconstrained,1.0141391004938859e-05,6.62676723286355e-05,0.1292263650607574,6.534377019519623,-4.96450836971568,4.163613606850475,0.12956283615331807,3.7563349903462147,False,False,9.463018242793878e-05,0.12922505916924776,0.0018781674951731074,7.97240911964062e-05,0.12927833716572443,0.003756334990346215,4.991190873334101e-05,0.12954830645011187,0.00751266998069243
8,252,2014-04-25T00:00:00,2015-05-01T00:00:00,2015-05-04T00:00:00,2015-11-03T00:00:00,22,2,Cboe Volatility Index | DAX INDEX,nonlinear_shrinkage_qis,,unconstrained,1.363340155812672e-05,6.472582818484506e-05,0.12771416797904983,4.747592001077876,-6.4553957782547,3.221650669349404,0.08211066322800918,2.6172132134214516,False,False,0.0001255039753450484,0.12770135647302835,0.0013086066067107256,0.00011511820862512201,0.12771536318128085,0.0026172132134214513,9.434667518526919e-05,0.12782377909641857,0.0052344264268429025
8,252,2014-04-25T00:00:00,2015-05-01T00:00:00,2015-05-04T00:00:00,2015-11-03T00:00:00,22,2,Cboe Volatility Index | DAX INDEX,pca_matched,,unconstrained,7.467892319322579e-06,6.41445051629463e-05,0.12713935386442102,8.589371996832023,-3.215525754501215,2.5246899839721353,0.104768560234116,1.45161860397669,False,False,0.0004301781868341835,0.1271104431784058,0.000725809301988345,0.0004244177955485617,0.12708981637224287,0.00145161860397669,0.0004128970129773182,0.12707342891526932,0.00290323720795338
8,252,2014-04-25T00:00:00,2015-05-01T00:00:00,2015-05-04T00:00:00,2015-11-03T00:00:00,22,2,Cboe Volatility Index | DAX INDEX,pca_plus_two,,unconstrained,1.0264956995577272e-05,6.130358722970957e-05,0.12429201093347396,5.972123142466417,-5.514651554458311,2.894905837179816,0.13164674250222347,2.2090311474639135,False,False,0.0005643144146284532,0.12426434799186126,0.0011045155737319568,0.0005555484180115329,0.12425631654128669,0.0022090311474639137,0.0005380164247776923,0.12429915403321108,0.004418062294927827
8,252,2014-04-25T00:00:00,2015-05-01T00:00:00,2015-05-04T00:00:00,2015-11-03T00:00:00,22,2,Cboe Volatility Index | DAX INDEX,poet_soft_c0_5,,unconstrained,1.0937543405365317e-05,6.122952446915732e-05,0.1242169077309029,5.598105735436141,-5.825203602361732,3.0026414200588025,0.13870279659826765,2.206709049118385,False,False,0.0003228401152709957,0.12416093792081599,0.0011033545245591925,0.00031408333333004975,0.12412456005703813,0.002206709049118385,0.0002965697694481578,0.12411063980089987,0.00441341809823677
8,252,2014-04-25T00:00:00,2015-05-01T00:00:00,2015-05-04T00:00:00,2015-11-03T00:00:00,22,2,Cboe Volatility Index | DAX INDEX,structured_q0,,unconstrained,7.987094904106297e-06,6.562217287027952e-05,0.12859544145618243,8.216025182891226,-3.521658272886331,2.354317525972027,0.09664879873812737,1.2885437793700953,False,False,0.0005885364576521755,0.12857075861037884,0.0006442718896850477,0.0005834231886864211,0.12855252903407824,0.0012885437793700954,0.0005731966507549124,0.12853543970084683,0.002577087558740191
8,252,2014-04-25T00:00:00,2015-05-01T00:00:00,2015-05-04T00:00:00,2015-11-03T00:00:00,22,2,Cboe Volatility Index | DAX INDEX,residual_aware_qr,0.5,unconstrained,1.1967173233260714e-05,6.172160383207312e-05,0.12471505188100764,5.15757586432596,-6.175767356237888,2.980227336372325,0.11614502202108004,2.26161333425104,False,False,0.0002502093147570099,0.12468172219123405,0.00113080666712552,0.00024123465866871208,0.12466889919436754,0.00226161333425104,0.00022328534649211653,0.12470478846653395,0.00452322666850208
9,252,2014-10-28T00:00:00,2015-11-03T00:00:00,2015-11-04T00:00:00,2016-05-09T00:00:00,23,2,Cboe Volatility Index | DAX INDEX,equal_weight,,unconstrained,8.672815122802899e-05,0.000126948301268549,0.1788602021682698,1.4637496530367822,-7.888982376865233,1.0000000000000002,0.006666666666666667,0.11569355854469224,False,False,-3.862067127221685e-05,0.1788626115429409,5.7846779272346116e-05,-3.907977269501321e-05,0.1788650583016344,0.00011569355854469223,-3.999797554060604e-05,0.1788700639649289,0.00023138711708938447
9,252,2014-10-28T00:00:00,2015-11-03T00:00:00,2015-11-04T00:00:00,2016-05-09T00:00:00,23,2,Cboe Volatility Index | DAX INDEX,sample_covariance,,unconstrained,1.282824774395682e-05,9.588402683745304e-05,0.15544379937147113,7.474444581304758,-3.7894163822651104,8.045317632852967,0.2629444939883766,7.579951675458391,False,False,0.0004457141268805993,0.15553195174768392,0.003789975837729195,0.00041563495356528816,0.15580454721622175,0.00757995167545839,0.00035547660693466607,0.156898571609415,0.01515990335091678
9,252,2014-10-28T00:00:00,2015-11-03T00:00:00,2015-11-04T00:00:00,2016-05-09T00:00:00,23,2,Cboe Volatility Index | DAX INDEX,ridge_10pct,,unconstrained,2.1756148680639086e-05,5.759306459561144e-05,0.12047179038303567,2.6472086324204898,-8.088405510000213,4.199985317880564,0.11672605439401247,3.175946934007042,False,False,0.0006921865847340854,0.1204576022262586,0.001587973467003521,0.0006795836207102479,0.12048527805932402,0.003175946934007042,0.000654377692662573,0.12066606289956462,0.006351893868014084
9,252,2014-10-28T00:00:00,2015-11-03T00:00:00,2015-11-04T00:00:00,2016-05-09T00:00:00,23,2,Cboe Volatility Index | DAX INDEX,ledoit_wolf,,unconstrained,2.01486024328028e-05,6.088860394803134e-05,0.12387061069884131,3.021976544085363,-7.790399086065167,4.643260580791059,0.123614688886011,3.54295500725543,False,False,0.0007295667446882032,0.12385613199931617,0.0017714775036277149,0.0007155073994213168,0.12389232100071254,0.0035429550072554297,0.0006873887088875434,0.12411646277475456,0.0070859100145108595
9,252,2014-10-28T00:00:00,2015-11-03T00:00:00,2015-11-04T00:00:00,2016-05-09T00:00:00,23,2,Cboe Volatility Index | DAX INDEX,oas_shrinkage,,unconstrained,1.834817097094767e-05,6.517560437102805e-05,0.1281571390968879,3.5521581128836504,-7.353822550155646,5.247450578173513,0.13170868459161836,4.155690275985185,False,False,0.0007473287683320258,0.1281473389608544,0.0020778451379925927,0.000730837933903513,0.1282049079624765,0.004155690275985185,0.0006978562650464879,0.1285216853161938,0.00831138055197037
9,252,2014-10-28T00:00:00,2015-11-03T00:00:00,2015-11-04T00:00:00,2016-05-09T00:00:00,23,2,Cboe Volatility Index | DAX INDEX,nonlinear_shrinkage_qis,,unconstrained,2.4651330710269728e-05,5.474681711636288e-05,0.11745721737434207,2.220846321028641,-8.389833353714586,3.6545959183859225,0.10757158624055209,2.639217562098038,False,False,0.000599319468343013,0.11745277000105388,0.001319608781049019,0.0005888463827791318,0.11747797205373253,0.002639217562098038,0.0005679002116513696,0.11761722577816579,0.005278435124196076
9,252,2014-10-28T00:00:00,2015-11-03T00:00:00,2015-11-04T00:00:00,2016-05-09T00:00:00,23,2,Cboe Volatility Index | DAX INDEX,pca_matched,,unconstrained,1.3691443758262324e-05,0.00011817705281008961,0.17257061542494012,8.631452964102033,-2.5672864993290325,3.1410545009040236,0.11392534112700492,1.582680350734908,False,False,0.0014018440120469597,0.17260800818679217,0.000791340175367454,0.0013955635344646783,0.17265264709634037,0.001582680350734908,0.0013830025793001156,0.17276363997952443,0.003165360701469816
9,252,2014-10-28T00:00:00,2015-11-03T00:00:00,2015-11-04T00:00:00,2016-05-09T00:00:00,23,2,Cboe Volatility Index | DAX INDEX,pca_plus_two,,unconstrained,1.4718316416654924e-05,0.00011108145351338725,0.16730967182256257,7.547157593900476,-3.5792602311728086,3.350852976585003,0.1275809951578094,2.1925385850450496,False,False,0.0013489992811604812,0.16736572615195974,0.0010962692925225248,0.0013402987312198262,0.16743611773096898,0.0021925385850450497,0.0013228976313385162,0.16761983670810526,0.004385077170090099
9,252,2014-10-28T00:00:00,2015-11-03T00:00:00,2015-11-04T00:00:00,2016-05-09T00:00:00,23,2,Cboe Volatility Index | DAX INDEX,poet_soft_c0_5,,unconstrained,1.9731973686196772e-05,6.232260074860679e-05,0.1253207699810726,3.1584575238007586,-7.674812684352777,3.629690106124638,0.15336835828188689,2.293474519565125,False,False,0.0004890153081109175,0.12537239524004662,0.0011467372597825625,0.0004799142187475638,0.12544496647205858,0.002293474519565125,0.00046171204002085645,0.1256527912112997,0.00458694903913025
9,252,2014-10-28T00:00:00,2015-11-03T00:00:00,2015-11-04T00:00:00,2016-05-09T00:00:00,23,2,Cboe Volatility Index | DAX INDEX,structured_q0,,unconstrained,1.3082584671895293e-05,0.00010174279439449325,0.16012240376478334,7.776964334353789,-3.4672642922177452,2.767768979734198,0.09944811516919216,1.2930605010028833,False,False,0.0010950682880699729,0.16015117649980157,0.0006465302505014416,0.0010899370956056757,0.16018516312876213,0.0012930605010028832,0.001079674710677081,0.16026876429173895,0.0025861210020057665
9,252,2014-10-28T00:00:00,2015-11-03T00:00:00,2015-11-04T00:00:00,2016-05-09T00:00:00,23,2,Cboe Volatility Index | DAX INDEX,residual_aware_qr,0.1,unconstrained,1.668906145948451e-05,7.309815942615558e-05,0.13572301269641493,4.380004208362082,-6.6207528472133665,2.699622038887166,0.1082200211308437,2.1885470808362046,False,False,0.000927003398347401,0.13577089977989718,0.0010942735404181024,0.0009183186877091623,0.13583640166398547,0.002188547080836205,0.0009009492664326845,0.1360201411995596,0.00437709416167241
10,252,2015-05-04T00:00:00,2016-05-09T00:00:00,2016-05-10T00:00:00,2016-11-09T00:00:00,24,2,Cboe Volatility Index | DAX INDEX,equal_weight,,unconstrained,0.00011848210790479481,7.862429615269259e-05,0.14075980474012648,0.6635963652492611,-8.377152231684875,1.0000000000000002,0.006666666666666667,0.11865151893372257,False,False,0.0005208817945794249,0.1407496413262294,5.9325759466861286e-05,0.0005204109552185768,0.1407395271934252,0.00011865151893372257,0.0005194692764968806,0.1407194468135481,0.00023730303786744514
10,252,2015-05-04T00:00:00,2016-05-09T00:00:00,2016-05-10T00:00:00,2016-11-09T00:00:00,24,2,Cboe Volatility Index | DAX INDEX,sample_covariance,,unconstrained,1.1204680248280202e-05,0.00011389797069192784,0.1694174979580498,10.16521383637074,-1.2339651512689969,8.638838836195813,0.24525273230761255,7.847705012937058,False,False,-3.9990129748300145e-05,0.1695143242006891,0.003923852506468529,-7.113181630757416e-05,0.16979255012525404,0.007847705012937058,-0.00013341518942612223,0.17088907933975267,0.015695410025874115
10,252,2015-05-04T00:00:00,2016-05-09T00:00:00,2016-05-10T00:00:00,2016-11-09T00:00:00,24,2,Cboe Volatility Index | DAX INDEX,ridge_10pct,,unconstrained,2.2144364445546536e-05,4.5855027840143494e-05,0.10749635815094463,2.0707312667700166,-8.64719625391274,3.7311819308946452,0.10258863282899916,2.7770139256595585,False,False,0.00040461208686333737,0.107435372631394,0.0013885069628297793,0.00039359219033294223,0.10741025731055721,0.0027770139256595586,0.0003715523972721521,0.10746770194201274,0.005554027851319117
10,252,2015-05-04T00:00:00,2016-05-09T00:00:00,2016-05-10T00:00:00,2016-11-09T00:00:00,24,2,Cboe Volatility Index | DAX INDEX,ledoit_wolf,,unconstrained,1.8305607567208416e-05,5.651054331888403e-05,0.11933422357546378,3.0870618804324024,-7.821241240185257,4.75625246619312,0.12169676777405375,3.4697028169193906,False,False,0.0004074800916362373,0.11930496641894152,0.0017348514084596952,0.00039371142966433486,0.11932615784365347,0.0034697028169193905,0.0003661741057205302,0.11951971521740326,0.006939405633838781
10,252,2015-05-04T00:00:00,2016-05-09T00:00:00,2016-05-10T00:00:00,2016-11-09T00:00:00,24,2,Cboe Volatility Index | DAX INDEX,oas_shrinkage,,unconstrained,1.734901087706001e-05,6.03101106220173e-05,0.12328076847890088,3.4762852504613533,-7.485689812702905,5.092400427497622,0.12692411652402127,3.89946074376736,False,False,0.0003922024677381095,0.12326192272164856,0.00194973037188368,0.000376728417167604,0.12330474890862533,0.00389946074376736,0.00034578031602659336,0.12357506830448713,0.00779892148753472
10,252,2015-05-04T00:00:00,2016-05-09T00:00:00,2016-05-10T00:00:00,2016-11-09T00:00:00,24,2,Cboe Volatility Index | DAX INDEX,nonlinear_shrinkage_qis,,unconstrained,2.3770234238998543e-05,4.3859166571303986e-05,0.10513091826845519,1.845129758938034,-8.801946663306454,3.498292466442236,0.09178106981469343,2.4190027196644293,False,False,0.00030681548371327706,0.10506596302308627,0.0012095013598322148,0.0002972162665717516,0.10502882828122093,0.0024190027196644296,0.0002780178322887006,0.1050381162288945,0.004838005439328859
10,252,2015-05-04T00:00:00,2016-05-09T00:00:00,2016-05-10T00:00:00,2016-11-09T00:00:00,24,2,Cboe Volatility Index | DAX INDEX,pca_matched,,unconstrained,1.0755707533752108e-05,9.805372895868556e-05,0.157192683346232,9.116436891853613,-2.3236371190599545,2.6837281980107903,0.0770869928367693,1.2438514718643618,False,False,-0.0002793572742589374,0.15717193192650553,0.0006219257359321809,-0.0002842931927980817,0.15715610023131604,0.0012438514718643618,-0.0002941650298763703,0.15713920150038432,0.0024877029437287237
10,252,2015-05-04T00:00:00,2016-05-09T00:00:00,2016-05-10T00:00:00,2016-11-09T00:00:00,24,2,Cboe Volatility Index | DAX INDEX,pca_plus_two,,unconstrained,1.0830897536381832e-05,9.941544958813832e-05,0.1582804261309997,9.17887453502298,-2.2542330903501675,2.773467968517422,0.08150307479705318,1.371826243409404,False,False,-0.0003411836248886871,0.15825121697404584,0.000685913121704702,-0.00034662737982285135,0.15822794935966375,0.001371826243409404,-0.00035751488969118,0.15819924857560544,0.002743652486818808
10,252,2015-05-04T00:00:00,2016-05-09T00:00:00,2016-05-10T00:00:00,2016-11-09T00:00:00,24,2,Cboe Volatility Index | DAX INDEX,poet_soft_c0_5,,unconstrained,1.8780035109908013e-05,4.33841265106922e-05,0.10456003003392086,2.3101195635040908,-8.572596651144647,3.158049941191769,0.1378959928783403,2.2292454433666613,False,False,0.0002629658365037652,0.10446246498285763,0.0011146227216833307,0.0002541196244269134,0.10438861449000003,0.0022292454433666615,0.0002364272002732097,0.10431224247698037,0.004458490886733323
10,252,2015-05-04T00:00:00,2016-05-09T00:00:00,2016-05-10T00:00:00,2016-11-09T00:00:00,24,2,Cboe Volatility Index | DAX INDEX,structured_q0,,unconstrained,1.43337322947827e-05,8.412768197692907e-05,0.14560280168384854,5.869209794545312,-5.283685102261159,2.575742485897464,0.09300551821553822,1.1428057133332405,False,False,-0.0004115879314327253,0.1456000321627673,0.0005714028566666203,-0.0004161228747396033,0.14560174751118213,0.0011428057133332406,-0.0004251927613533592,0.14561863176814852,0.002285611426666481
10,252,2015-05-04T00:00:00,2016-05-09T00:00:00,2016-05-10T00:00:00,2016-11-09T00:00:00,24,2,Cboe Volatility Index | DAX INDEX,residual_aware_qr,0.5,unconstrained,2.2168897726464057e-05,4.130194639212802e-05,0.10202004945507653,1.8630581863717988,-8.853762068349411,3.023904974252578,0.11541804788548662,2.148099080721363,False,False,0.00020041118090066983,0.10194558755645028,0.0010740495403606814,0.00019188697819939459,0.10189371660364575,0.002148099080721363,0.0001748385727968441,0.101857870557136,0.004296198161442726
11,252,2015-11-04T00:00:00,2016-11-09T00:00:00,2016-11-10T00:00:00,2017-05-19T00:00:00,25,2,Cboe Volatility Index | S&P/BMV IPC,equal_weight,,unconstrained,0.00010245536738941221,2.9034272677439452e-05,0.08553734105473902,0.2833845938698949,-8.902698700450783,1.0000000000000002,0.006666666666666667,0.12146826715076542,False,False,0.0010085071856242686,0.08553045056754639,6.073413357538271e-05,0.0010080251686911306,0.08552364578524571,0.00012146826715076541,0.0010070611348248547,0.08551029341690573,0.00024293653430153083
11,252,2015-11-04T00:00:00,2016-11-09T00:00:00,2016-11-10T00:00:00,2017-05-19T00:00:00,25,2,Cboe Volatility Index | S&P/BMV IPC,sample_covariance,,unconstrained,9.491883215571996e-06,5.358324644390667e-05,0.11620231539803534,5.645164950618038,-5.919908572306899,7.002090019802344,0.32235659708366005,10.33425564416062,False,False,0.002124607748472321,0.11471676555969129,0.005167127822080311,0.00208359879750343,0.11368241436919227,0.010334255644160621,0.0020015808955656474,0.1130114681288074,0.020668511288321242
11,252,2015-11-04T00:00:00,2016-11-09T00:00:00,2016-11-10T00:00:00,2017-05-19T00:00:00,25,2,Cboe Volatility Index | S&P/BMV IPC,ridge_10pct,,unconstrained,1.780960395334838e-05,2.482755567939811e-05,0.07909831876347515,1.3940543396940777,-9.541718358534892,3.610207845021769,0.0865934679516235,3.3864240808953845,False,False,0.0012793056425275736,0.07875844091096638,0.0016932120404476922,0.0012658674517303696,0.07849017687774512,0.0033864240808953844,0.001238991070135962,0.07817124262549355,0.006772848161790769
11,252,2015-11-04T00:00:00,2016-11-09T00:00:00,2016-11-10T00:00:00,2017-05-19T00:00:00,25,2,Cboe Volatility Index | S&P/BMV IPC,ledoit_wolf,,unconstrained,1.5533630949509055e-05,2.904307450873219e-05,0.08555030552955678,1.8696900037817692,-9.202813142062922,4.258474266208395,0.10322082886892389,4.495302875574508,False,False,0.0013895522663544269,0.08500306493875116,0.002247651437787254,0.001371713762879925,0.08457183378469293,0.004495302875574508,0.001336036755930921,0.0840640610188655,0.008990605751149017
11,252,2015-11-04T00:00:00,2016-11-09T00:00:00,2016-11-10T00:00:00,2017-05-19T00:00:00,25,2,Cboe Volatility Index | S&P/BMV IPC,oas_shrinkage,,unconstrained,1.4539227320790898e-05,3.119887991441884e-05,0.08866858371730964,2.1458416754929517,-8.99281855340175,4.566655943157183,0.11993695073020141,4.910666510886748,False,False,0.0014527153457438312,0.08804047160809371,0.002455333255443374,0.001433228573875233,0.08754568058504487,0.004910666510886748,0.0013942550301380367,0.08696455152582823,0.009821333021773496
11,252,2015-11-04T00:00:00,2016-11-09T00:00:00,2016-11-10T00:00:00,2017-05-19T00:00:00,25,2,Cboe Volatility Index | S&P/BMV IPC,nonlinear_shrinkage_qis,,unconstrained,1.9234980269109977e-05,2.1720811756083246e-05,0.07398408317018586,1.1292349382320572,-9.729545109309093,3.17678185764452,0.07846876605112768,3.0959247077134053,False,False,0.001287634689084831,0.0738154601350697,0.0015479623538567026,0.001275349273578032,0.07371149501378318,0.003095924707713405,0.0012507784425644336,0.07369846288074339,0.00619184941542681
11,252,2015-11-04T00:00:00,2016-11-09T00:00:00,2016-11-10T00:00:00,2017-05-19T00:00:00,25,2,Cboe Volatility Index | S&P/BMV IPC,pca_matched,,unconstrained,7.522569814926135e-06,3.8348062731470266e-05,0.09830418001453706,5.097734374678822,-6.69986837299208,2.1731270200160036,0.05558846762479058,1.1870373484120296,False,False,0.0005428281432009045,0.09861583841787475,0.0005935186742060148,0.0005381176775326028,0.09893363645927898,0.0011870373484120296,0.0005286967461959992,0.09958741521120594,0.0023740746968240593
11,252,2015-11-04T00:00:00,2016-11-09T00:00:00,2016-11-10T00:00:00,2017-05-19T00:00:00,25,2,Cboe Volatility Index | S&P/BMV IPC,pca_plus_two,,unconstrained,9.720119791994045e-06,3.534359140577772e-05,0.09437470547904235,3.6361271426807305,-7.905185472607916,2.429220993983617,0.07087779973962491,1.5922453334841098,False,False,0.00043489214523887137,0.09464178817633125,0.0007961226667420549,0.0004285737113758392,0.09492147464811704,0.0015922453334841098,0.0004159368436497749,0.09551821106625832,0.0031844906669682197
11,252,2015-11-04T00:00:00,2016-11-09T00:00:00,2016-11-10T00:00:00,2017-05-19T00:00:00,25,2,Cboe Volatility Index | S&P/BMV IPC,poet_soft_c0_5,,unconstrained,1.4927129734179286e-05,1.9169471032964544e-05,0.06950328553605985,1.2842034184958806,-9.828126794612393,2.938573354021801,0.09923963704424449,2.332308029796516,False,False,0.0008337363585380667,0.06977323134265279,0.0011661540148982582,0.0008244811679436361,0.07008095735953866,0.0023323080297965163,0.0008059707867547748,0.07080771929341673,0.004664616059593033
11,252,2015-11-04T00:00:00,2016-11-09T00:00:00,2016-11-10T00:00:00,2017-05-19T00:00:00,25,2,Cboe Volatility Index | S&P/BMV IPC,structured_q0,,unconstrained,9.979150903221807e-06,4.602079943322212e-05,0.10769048916766964,4.6116949106726235,-6.903317640425268,2.2262531594218595,0.06453262887218855,1.557047046333853,False,False,0.0006194350600769541,0.10809906456515328,0.0007785235231669265,0.0006132563019565818,0.10851727262539768,0.001557047046333853,0.0006008987857158368,0.10938214223974484,0.003114094092667706
11,252,2015-11-04T00:00:00,2016-11-09T00:00:00,2016-11-10T00:00:00,2017-05-19T00:00:00,25,2,Cboe Volatility Index | S&P/BMV IPC,residual_aware_qr,0.75,unconstrained,1.7101820158860742e-05,2.1991161999003754e-05,0.07444308445885989,1.2858959920479436,-9.690429666033628,3.6703456498974445,0.1310990101598549,2.9089056217746796,False,False,0.0014431319381447093,0.07410104222000984,0.0014544528108873397,0.0014315886618678254,0.07381475343283894,0.0029089056217746793,0.0014085021093140583,0.07341191832814506,0.005817811243549359
12,252,2016-05-10T00:00:00,2017-05-19T00:00:00,2017-05-22T00:00:00,2017-11-16T00:00:00,26,3,Cboe Volatility Index | CAD-JPY X-RATE | S&P/BMV IPC,equal_weight,,unconstrained,5.3674509312425494e-05,2.19965916034083e-05,0.07445227386761866,0.40981448894803685,-9.422757867120371,1.0000000000000002,0.006666666666666667,0.11288002587567252,False,False,0.000793034533193108,0.07444397439954564,5.6440012937836256e-05,0.0007925865965824903,0.07443575959605549,0.00011288002587567251,0.0007916907233612549,0.07441958409468306,0.00022576005175134502
12,252,2016-05-10T00:00:00,2017-05-19T00:00:00,2017-05-22T00:00:00,2017-11-16T00:00:00,26,3,Cboe Volatility Index | CAD-JPY X-RATE | S&P/BMV IPC,sample_covariance,,unconstrained,6.571875165833139e-06,4.052315347277075e-05,0.10105362277097357,6.1661477812982,-5.766563571523383,6.922880376985017,0.2515692872728846,6.527478625052115,False,False,0.0006955553161861898,0.10098135229335095,0.0032637393125260574,0.0006696526232296339,0.10111993039974856,0.006527478625052115,0.0006178472373165217,0.1020248885408056,0.01305495725010423
12,252,2016-05-10T00:00:00,2017-05-19T00:00:00,2017-05-22T00:00:00,2017-11-16T00:00:00,26,3,Cboe Volatility Index | CAD-JPY X-RATE | S&P/BMV IPC,ridge_10pct,,unconstrained,1.1322384288460917e-05,1.7892061834299597e-05,0.06714759550604547,1.580237993912121,-9.80849088726657,3.17855719659492,0.07441055765413906,2.651642336990083,False,False,0.0004955228213114179,0.0670702256567491,0.0013258211684950413,0.00048500043108526685,0.06704522327604194,0.0026516423369900826,0.0004639556506329646,0.06715243237856991,0.005303284673980165
12,252,2016-05-10T00:00:00,2017-05-19T00:00:00,2017-05-22T00:00:00,2017-11-16T00:00:00,26,3,Cboe Volatility Index | CAD-JPY X-RATE | S&P/BMV IPC,ledoit_wolf,,unconstrained,1.1295312555817084e-05,1.7864246795402034e-05,0.06709538130483582,1.5815628569040305,-9.809559879472049,3.169063824166022,0.07407726573809335,2.987437850126809,False,False,0.0004936177668285204,0.06701170115440723,0.0014937189250634046,0.0004817628547248426,0.0669945578064534,0.002987437850126809,0.00045805303051748696,0.06715988757105404,0.005974875700253618
12,252,2016-05-10T00:00:00,2017-05-19T00:00:00,2017-05-22T00:00:00,2017-11-16T00:00:00,26,3,Cboe Volatility Index | CAD-JPY X-RATE | S&P/BMV IPC,oas_shrinkage,,unconstrained,1.0312531319101446e-05,1.9547255963453623e-05,0.070184816753984,1.895485730767877,-9.586665038536433,3.6906647699723574,0.09355751712296137,3.2853879262822607,False,False,0.0005240351073215943,0.07010983700838141,0.0016426939631411304,0.000510997853645871,0.0701117947403963,0.003285387926282261,0.00048492334629442456,0.07034624450497169,0.006570775852564522
12,252,2016-05-10T00:00:00,2017-05-19T00:00:00,2017-05-22T00:00:00,2017-11-16T00:00:00,26,3,Cboe Volatility Index | CAD-JPY X-RATE | S&P/BMV IPC,nonlinear_shrinkage_qis,,unconstrained,1.2289514740852066e-05,1.6550518682037623e-05,0.0645811946922127,1.3467186484606577,-9.960045470769302,2.7701093336421194,0.0666932884560588,2.4036888602319166,False,False,0.0004389114547671565,0.06449977197218651,0.0012018444301159583,0.0004293730069090933,0.0644630761071129,0.0024036888602319167,0.000410296111192967,0.06452407717322728,0.004807377720463833
12,252,2016-05-10T00:00:00,2017-05-19T00:00:00,2017-05-22T00:00:00,2017-11-16T00:00:00,26,3,Cboe Volatility Index | CAD-JPY X-RATE | S&P/BMV IPC,pca_matched,,unconstrained,6.74505226502163e-06,2.414248361638617e-05,0.07799939660875149,3.5792878494928533,-8.327413470135772,2.191668534638654,0.07681905287450969,1.6073052720124794,False,False,0.0002515370733614906,0.0779888098926358,0.0008036526360062396,0.0002451588778376316,0.07799478505546062,0.0016073052720124792,0.00023240248678991352,0.07805639526211447,0.0032146105440249585
12,252,2016-05-10T00:00:00,2017-05-19T00:00:00,2017-05-22T00:00:00,2017-11-16T00:00:00,26,3,Cboe Volatility Index | CAD-JPY X-RATE | S&P/BMV IPC,pca_plus_two,,unconstrained,8.057286675223193e-06,2.033334173746191e-05,0.07158213546577387,2.5235966594050296,-9.205337039508105,2.4235691866470175,0.08744264469903874,1.8611286119042907,False,False,0.0003310605188987529,0.07160955379264361,0.0009305643059521454,0.00032367508789913274,0.07166113361252868,0.0018611286119042908,0.0003089042258998923,0.07183654517211398,0.0037222572238085816
12,252,2016-05-10T00:00:00,2017-05-19T00:00:00,2017-05-22T00:00:00,2017-11-16T00:00:00,26,3,Cboe Volatility Index | CAD-JPY X-RATE | S&P/BMV IPC,poet_soft_c0_5,,unconstrained,8.842572338820908e-06,1.743880300166523e-05,0.06629161603415351,1.9721414011062042,-9.663791333983074,2.5643545559851058,0.09234343980494723,2.1289577063752203,False,False,0.00028750754426438665,0.06626922978995195,0.0010644788531876102,0.0002790592993978183,0.0662810360389969,0.0021289577063752204,0.00026216280966468163,0.06640710025327196,0.004257915412750441
12,252,2016-05-10T00:00:00,2017-05-19T00:00:00,2017-05-22T00:00:00,2017-11-16T00:00:00,26,3,Cboe Volatility Index | CAD-JPY X-RATE | S&P/BMV IPC,structured_q0,,unconstrained,6.49900917315256e-06,1.8504900618815688e-05,0.06828788293644454,2.8473418217748523,-9.096519005806817,1.861198753667216,0.07791432345531436,1.3401254608417728,False,False,0.00044308630100070096,0.06822386625891014,0.0006700627304208863,0.00043776834282275743,0.06817296263869244,0.0013401254608417727,0.00042713242646687027,0.06811060459968579,0.0026802509216835454
12,252,2016-05-10T00:00:00,2017-05-19T00:00:00,2017-05-22T00:00:00,2017-11-16T00:00:00,26,3,Cboe Volatility Index | CAD-JPY X-RATE | S&P/BMV IPC,residual_aware_qr,0.25,unconstrained,9.688351360249256e-06,1.641163402311812e-05,0.06430965537013682,1.6939552884564142,-9.850630996341511,1.973905207033658,0.08374355887525713,2.5961676153728988,False,False,0.0004591281877266678,0.06423182513864086,0.0012980838076864494,0.00044882593528471185,0.06420640960015765,0.002596167615372899,0.00042822143040079997,0.06431294301156731,0.005192335230745798
13,252,2016-11-10T00:00:00,2017-11-16T00:00:00,2017-11-17T00:00:00,2018-05-23T00:00:00,27,3,Cboe Volatility Index | CAD-JPY X-RATE | S&P/BMV IPC,equal_weight,,unconstrained,2.5425434078379603e-05,8.192784041028591e-05,0.143686519142862,3.2222789258081086,-7.357481617471329,1.0000000000000002,0.006666666666666667,0.11308174030077581,False,False,0.0004155874436153172,0.14368612044152418,5.65408701503879e-05,0.0004151387065506316,0.14368576623716184,0.0001130817403007758,0.00041424123242126033,0.1436851913206387,0.0002261634806015516
13,252,2016-11-10T00:00:00,2017-11-16T00:00:00,2017-11-17T00:00:00,2018-05-23T00:00:00,27,3,Cboe Volatility Index | CAD-JPY X-RATE | S&P/BMV IPC,sample_covariance,,unconstrained,3.6911848437957545e-06,7.667019767693362e-05,0.1389996036490294,20.771161814289254,8.261598758716774,5.613571762501303,0.15306914515329523,6.865045992506756,False,False,-0.00014122036428820497,0.1391825791135421,0.0034325229962533783,-0.0001684626102902159,0.13953429578167076,0.006865045992506757,-0.00022294710229423765,0.14073828551571607,0.013730091985013513
13,252,2016-11-10T00:00:00,2017-11-16T00:00:00,2017-11-17T00:00:00,2018-05-23T00:00:00,27,3,Cboe Volatility Index | CAD-JPY X-RATE | S&P/BMV IPC,ridge_10pct,,unconstrained,6.465634294013658e-06,6.190519245030807e-05,0.12490039430473242,9.574496427616435,-2.374513010946947,2.5030384031362685,0.08456786796441779,2.454042033985686,False,False,0.0001086808471173708,0.12495654544599744,0.0012270210169928431,9.894258507774503e-05,0.1250367558937058,0.0024540420339856863,7.946606099849361e-05,0.12526915598256821,0.0049080840679713725
13,252,2016-11-10T00:00:00,2017-11-16T00:00:00,2017-11-17T00:00:00,2018-05-23T00:00:00,27,3,Cboe Volatility Index | CAD-JPY X-RATE | S&P/BMV IPC,ledoit_wolf,,unconstrained,6.985632839236246e-06,6.201411083818336e-05,0.12501022330682482,8.87737908151547,-2.994275888096295,2.1102634164014713,0.06693870996900182,2.4116358805256874,False,False,0.00014647806607239348,0.12505886163917082,0.0012058179402628436,0.0001369080824195137,0.12513072286760182,0.002411635880525687,0.00011776811511375426,0.12534394133740914,0.004823271761051374
13,252,2016-11-10T00:00:00,2017-11-16T00:00:00,2017-11-17T00:00:00,2018-05-23T00:00:00,27,3,Cboe Volatility Index | CAD-JPY X-RATE | S&P/BMV IPC,oas_shrinkage,,unconstrained,6.652166624625981e-06,6.186830700652175e-05,0.12486317858217241,9.300474641974306,-2.620093306171743,2.356364629730664,0.07817327886389527,2.9021342643338386,False,False,0.00012182060802191939,0.12492946717090597,0.0014510671321669192,0.00011030420221107085,0.12502940675240237,0.0029021342643338385,8.727139058937374e-05,0.12532988978382115,0.005804268528667677
13,252,2016-11-10T00:00:00,2017-11-16T00:00:00,2017-11-17T00:00:00,2018-05-23T00:00:00,27,3,Cboe Volatility Index | CAD-JPY X-RATE | S&P/BMV IPC,nonlinear_shrinkage_qis,,unconstrained,7.1537619354717335e-06,6.176401842179404e-05,0.12475789611199804,8.633781635301398,-3.2140905595013933,2.0489419655915837,0.05980755505364087,2.1561497772224287,False,False,0.0001127394973181249,0.12479783223680692,0.0010780748886112142,0.00010418334740851224,0.12485637429295357,0.0021561497772224283,8.707104758928656e-05,0.1250291633512734,0.004312299554444857
13,252,2016-11-10T00:00:00,2017-11-16T00:00:00,2017-11-17T00:00:00,2018-05-23T00:00:00,27,3,Cboe Volatility Index | CAD-JPY X-RATE | S&P/BMV IPC,pca_matched,,unconstrained,3.137534437563097e-06,5.7369021607188524e-05,0.12023723817940725,18.284746430304263,5.612673152853382,1.5612974659599224,0.04798980974610204,1.5724836077240925,False,False,-0.00037384800486575393,0.12032535752795935,0.0007862418038620462,-0.00038008801918211943,0.12042367951589725,0.0015724836077240924,-0.00039256804781485026,0.12065082904841473,0.0031449672154481847
13,252,2016-11-10T00:00:00,2017-11-16T00:00:00,2017-11-17T00:00:00,2018-05-23T00:00:00,27,3,Cboe Volatility Index | CAD-JPY X-RATE | S&P/BMV IPC,pca_plus_two,,unconstrained,4.618926787661442e-06,6.087780632292998e-05,0.12385962697093172,13.180076048304796,0.8947278714060545,1.8298145651599718,0.05351363364775431,1.6897508860047734,False,False,-8.487493997400656e-05,0.12389145777079164,0.0008448754430023867,-9.158030063275562e-05,0.12393480012418664,0.0016897508860047733,-0.00010499102195025381,0.12405596802448822,0.0033795017720095466
13,252,2016-11-10T00:00:00,2017-11-16T00:00:00,2017-11-17T00:00:00,2018-05-23T00:00:00,27,3,Cboe Volatility Index | CAD-JPY X-RATE | S&P/BMV IPC,poet_soft_c0_5,,unconstrained,5.4759504306275325e-06,6.232850294750147e-05,0.12532670402899124,11.382225558305272,-0.7329191443870773,1.8717432565989685,0.053774405560833446,1.8933383100125343,False,False,-7.164136617701105e-05,0.1254053968314905,0.0009466691550062672,-7.915461343896557e-05,0.12549832308088021,0.0018933383100125344,-9.418110796287459e-05,0.12572674484484306,0.0037866766200250687
13,252,2016-11-10T00:00:00,2017-11-16T00:00:00,2017-11-17T00:00:00,2018-05-23T00:00:00,27,3,Cboe Volatility Index | CAD-JPY X-RATE | S&P/BMV IPC,structured_q0,,unconstrained,3.192493543304801e-06,5.619436941534068e-05,0.11899992055739303,17.602030717709603,4.947322446210457,1.4054467019275305,0.0415729093678386,1.184142494740792,False,False,-0.0003189402178204406,0.11903680540474337,0.000592071247370396,-0.000323639195974174,0.11907956660449973,0.001184142494740792,-0.00033303715228164053,0.11918269189171941,0.002368284989481584
13,252,2016-11-10T00:00:00,2017-11-16T00:00:00,2017-11-17T00:00:00,2018-05-23T00:00:00,27,3,Cboe Volatility Index | CAD-JPY X-RATE | S&P/BMV IPC,residual_aware_qr,0.25,unconstrained,5.27605810014153e-06,5.804723983982952e-05,0.12094587400832257,11.002009215605947,-1.1503220954066649,1.4580357269001318,0.047729408598892624,1.4137643792759729,False,False,-0.00014229019378687004,0.12098579678519454,0.0007068821896379865,-0.00014790036989510808,0.12103396357047823,0.001413764379275973,-0.00015912072211158392,0.12115498815320443,0.002827528758551946
14,252,2017-05-22T00:00:00,2018-05-23T00:00:00,2018-05-24T00:00:00,2018-11-21T00:00:00,28,3,Cboe Volatility Index | CAD-JPY X-RATE | U.S. Corporate High Yield,equal_weight,,unconstrained,5.179095354934532e-05,6.313365046369364e-05,0.1261335796560567,1.219009231091705,-8.649285834763335,1.0000000000000002,0.006666666666666667,0.14369128025927153,False,False,7.556598282776581e-05,0.12613365614345237,7.184564012963577e-05,7.499577933467345e-05,0.1261338144771757,0.00014369128025927154,7.385537234848878e-05,0.12613437668221317,0.0002873825605185431
14,252,2017-05-22T00:00:00,2018-05-23T00:00:00,2018-05-24T00:00:00,2018-11-21T00:00:00,28,3,Cboe Volatility Index | CAD-JPY X-RATE | U.S. Corporate High Yield,sample_covariance,,unconstrained,6.96873095065293e-06,5.668755540476072e-05,0.11952097707933826,8.134559334572877,-3.739518088273334,6.677398378915348,0.17705763678817185,7.614777220901097,False,False,0.00115548754887533,0.11992411037063522,0.0038073886104505483,0.0011252701789511192,0.12056660137244,0.0076147772209010966,0.0010648354391026979,0.12255319701867354,0.015229554441802193
14,252,2017-05-22T00:00:00,2018-05-23T00:00:00,2018-05-24T00:00:00,2018-11-21T00:00:00,28,3,Cboe Volatility Index | CAD-JPY X-RATE | U.S. Corporate High Yield,ridge_10pct,,unconstrained,1.2154030911215645e-05,3.236318933231263e-05,0.09030793825430179,2.6627535809908247,-8.655096099967846,3.4703226030908936,0.09109720140002894,3.1959700873942998,False,False,0.0011760971804095116,0.09040576148955771,0.00159798504369715,0.001163414759427788,0.09055989142037622,0.0031959700873943,0.0011380499174643414,0.09103582292480228,0.0063919401747886
14,252,2017-05-22T00:00:00,2018-05-23T00:00:00,2018-05-24T00:00:00,2018-11-21T00:00:00,28,3,Cboe Volatility Index | CAD-JPY X-RATE | U.S. Corporate High Yield,ledoit_wolf,,unconstrained,1.2383379026908743e-05,3.2048331841375344e-05,0.08986756714202619,2.588011864268646,-8.711143521281441,3.3588522711940776,0.08912539338595876,2.990574386217756,False,False,0.001166057802740363,0.08995440665463227,0.001495287193108878,0.0011541904440648958,0.09009081231905286,0.002990574386217756,0.0011304557267139612,0.09051134429023272,0.005981148772435512
14,252,2017-05-22T00:00:00,2018-05-23T00:00:00,2018-05-24T00:00:00,2018-11-21T00:00:00,28,3,Cboe Volatility Index | CAD-JPY X-RATE | U.S. Corporate High Yield,oas_shrinkage,,unconstrained,1.1548035576749116e-05,3.313124682296544e-05,0.09137326851649388,2.8689941767820746,-8.500001038614771,3.6959044826863945,0.0948834028868792,3.3184812812630478,False,False,0.0011946086603832045,0.0914825268057481,0.0016592406406315237,0.0011814400838702555,0.09165175142983158,0.0033184812812630474,0.0011551029308443585,0.0921686614472639,0.006636962562526095
14,252,2017-05-22T00:00:00,2018-05-23T00:00:00,2018-05-24T00:00:00,2018-11-21T00:00:00,28,3,Cboe Volatility Index | CAD-JPY X-RATE | U.S. Corporate High Yield,nonlinear_shrinkage_qis,,unconstrained,1.4365716749614259e-05,3.2161456643465146e-05,0.09002603553502296,2.2387644977288534,-8.91190147349623,2.8748695631529313,0.07864616255106595,2.634002509248705,False,False,0.0011073209018586758,0.09008947259323097,0.0013170012546243526,0.0010968685109489587,0.0901913357220001,0.002634002509248705,0.0010759637291295244,0.09050977229757438,0.00526800501849741
14,252,2017-05-22T00:00:00,2018-05-23T00:00:00,2018-05-24T00:00:00,2018-11-21T00:00:00,28,3,Cboe Volatility Index | CAD-JPY X-RATE | U.S. Corporate High Yield,pca_matched,,unconstrained,7.721687910912844e-06,6.66161615642995e-05,0.1295657080951726,8.627150220634112,-3.1443273558820515,2.2237212189478526,0.08300668573297254,1.716720918548829,False,False,0.0014461738484237599,0.12960792952824454,0.0008583604592744145,0.0014393614638263438,0.12966150241959065,0.001716720918548829,0.0014257366946315122,0.12980264337853945,0.003433441837097658
14,252,2017-05-22T00:00:00,2018-05-23T00:00:00,2018-05-24T00:00:00,2018-11-21T00:00:00,28,3,Cboe Volatility Index | CAD-JPY X-RATE | U.S. Corporate High Yield,pca_plus_two,,unconstrained,9.392011532932838e-06,5.3822982407673956e-05,0.11646197476744861,5.7307193692155405,-5.844931697710932,2.429115703959301,0.08887956697765008,2.482481412816965,False,False,0.001311258790236304,0.11650590249239128,0.0012412407064084825,0.0013014076735187764,0.11657624877462956,0.002482481412816965,0.0012817054400837212,0.11679598814109467,0.00496496282563393
14,252,2017-05-22T00:00:00,2018-05-23T00:00:00,2018-05-24T00:00:00,2018-11-21T00:00:00,28,3,Cboe Volatility Index | CAD-JPY X-RATE | U.S. Corporate High Yield,poet_soft_c0_5,,unconstrained,1.3282470290407706e-05,3.538845025965034e-05,0.09443457770028882,2.6642973397205383,-8.564768075650296,2.6788971235471095,0.07351004440431015,2.4062892639510274,False,False,0.0012460127837006741,0.09452688655925283,0.0012031446319755138,0.0012364640167802335,0.094649697980298,0.0024062892639510275,0.0012173664829393522,0.09498632586945657,0.004812578527902055
14,252,2017-05-22T00:00:00,2018-05-23T00:00:00,2018-05-24T00:00:00,2018-11-21T00:00:00,28,3,Cboe Volatility Index | CAD-JPY X-RATE | U.S. Corporate High Yield,structured_q0,,unconstrained,7.250927881212425e-06,6.783573457377932e-05,0.13074633881142672,9.355455699614065,-2.478925414057322,1.9169908851076198,0.08125518385020408,1.344609859065116,False,False,0.0011745352103827282,0.13074855889545348,0.000672304929532558,0.0011691994569737396,0.1307576925827174,0.001344609859065116,0.0011585279501557626,0.13079669387722628,0.002689219718130232
14,252,2017-05-22T00:00:00,2018-05-23T00:00:00,2018-05-24T00:00:00,2018-11-21T00:00:00,28,3,Cboe Volatility Index | CAD-JPY X-RATE | U.S. Corporate High Yield,residual_aware_qr,0.75,unconstrained,1.2390177123613299e-05,3.112380240069704e-05,0.08856183266495592,2.511973968586861,-8.786632598147397,3.3543421297045026,0.08321594151137005,2.946785101075894,False,False,0.0010828109381389767,0.0886389088283675,0.001473392550537947,0.0010711173464680408,0.08876484469666784,0.002946785101075894,0.0010477301631261684,0.08916238709679745,0.005893570202151788
15,252,2017-11-17T00:00:00,2018-11-21T00:00:00,2018-11-23T00:00:00,2019-05-30T00:00:00,29,3,Cboe Volatility Index | CAD-JPY X-RATE | U.S. Corporate High Yield,equal_weight,,unconstrained,7.227077639695543e-05,0.00011098625490328015,0.16723796290204745,1.5357003264179088,-7.999390383304401,1.0000000000000002,0.006666666666666667,0.1215730472569655,False,False,0.0004495105482017098,0.1672400010385197,6.078652362848275e-05,0.0004490281154744996,0.16724208333761972,0.0001215730472569655,0.0004480632500200793,0.16724638041707018,0.000243146094513931
15,252,2017-11-17T00:00:00,2018-11-21T00:00:00,2018-11-23T00:00:00,2019-05-30T00:00:00,29,3,Cboe Volatility Index | CAD-JPY X-RATE | U.S. Corporate High Yield,sample_covariance,,unconstrained,9.003584473089976e-06,9.224436624365844e-05,0.15246501334208423,10.245293584944923,-1.3725942001857074,7.440763530691072,0.17543087179108607,7.36186644862528,False,False,0.000254719692636376,0.15262338954019353,0.00368093322431264,0.000225505936887863,0.1529588665415666,0.00736186644862528,0.00016707842539083692,0.154155887738319,0.01472373289725056
15,252,2017-11-17T00:00:00,2018-11-21T00:00:00,2018-11-23T00:00:00,2019-05-30T00:00:00,29,3,Cboe Volatility Index | CAD-JPY X-RATE | U.S. Corporate High Yield,ridge_10pct,,unconstrained,1.5985738729242142e-05,5.120527779800762e-05,0.11359458616103991,3.2031849553714795,-7.84062860724565,3.7847664055462698,0.10254219581069159,2.38588745504863,False,False,0.00038281004040411455,0.11364608183500068,0.001192943727524315,0.00037334223304281045,0.11372258476989332,0.00238588745504863,0.00035440661832020226,0.11395039448894355,0.00477177491009726
15,252,2017-11-17T00:00:00,2018-11-21T00:00:00,2018-11-23T00:00:00,2019-05-30T00:00:00,29,3,Cboe Volatility Index | CAD-JPY X-RATE | U.S. Corporate High Yield,ledoit_wolf,,unconstrained,1.5202215346379256e-05,5.249054989081344e-05,0.11501138453424942,3.4528224140250208,-7.641246980234688,4.034060157027941,0.10607266306927303,2.567936367173653,False,False,0.00037954018093110234,0.11506886589477781,0.0012839681835868264,0.00036934995725184175,0.11515495439329383,0.002567936367173653,0.00034896950989332073,0.11541267546895179,0.005135872734347306
15,252,2017-11-17T00:00:00,2018-11-21T00:00:00,2018-11-23T00:00:00,2019-05-30T00:00:00,29,3,Cboe Volatility Index | CAD-JPY X-RATE | U.S. Corporate High Yield,oas_shrinkage,,unconstrained,1.4219529154048843e-05,5.47492588035237e-05,0.11745983661868414,3.850286335812638,-7.310607909854357,4.388102128563683,0.11035445280433243,2.9305307769035585,False,False,0.00037253216722442904,0.11752872687159055,0.0014652653884517793,0.0003609030768398911,0.117634085503566,0.0029305307769035586,0.00033764489607081516,0.11795378318888329,0.005861061553807117
15,252,2017-11-17T00:00:00,2018-11-21T00:00:00,2018-11-23T00:00:00,2019-05-30T00:00:00,29,3,Cboe Volatility Index | CAD-JPY X-RATE | U.S. Corporate High Yield,nonlinear_shrinkage_qis,,unconstrained,1.837755866014649e-05,4.9054392413496705e-05,0.11118321315828739,2.6692551127520483,-8.235125162996571,3.230068284243967,0.09046625903830277,1.9907646184755574,False,False,0.00039305452406831234,0.11121946926904315,0.0009953823092377788,0.00038515466447118713,0.11127352310653361,0.0019907646184755576,0.00036935494527693666,0.11143491183621075,0.003981529236951115
15,252,2017-11-17T00:00:00,2018-11-21T00:00:00,2018-11-23T00:00:00,2019-05-30T00:00:00,29,3,Cboe Volatility Index | CAD-JPY X-RATE | U.S. Corporate High Yield,pca_matched,,unconstrained,1.0665405688894042e-05,7.419875261645532e-05,0.13674094360997638,6.956955485877014,-4.491549681609968,2.4131708517500803,0.07768388297990181,1.7049262875199482,False,False,0.0010482496443043898,0.13672738691278094,0.0008524631437599741,0.0010414840637983584,0.13672445932712157,0.0017049262875199482,0.001027952902786295,0.13675049174253165,0.0034098525750398965
15,252,2017-11-17T00:00:00,2018-11-21T00:00:00,2018-11-23T00:00:00,2019-05-30T00:00:00,29,3,Cboe Volatility Index | CAD-JPY X-RATE | U.S. Corporate High Yield,pca_plus_two,,unconstrained,1.582455597508042e-05,5.2833864302918874e-05,0.11538688748872446,3.3387264948298414,-7.715221153944573,2.778228534239446,0.09670230236680528,1.7717990746915002,False,False,0.0006400589810747642,0.11551881630319127,0.0008858995373457501,0.000633028032365671,0.11566416604898176,0.0017717990746915003,0.0006189661349474843,0.11599492186781972,0.0035435981493830006
15,252,2017-11-17T00:00:00,2018-11-21T00:00:00,2018-11-23T00:00:00,2019-05-30T00:00:00,29,3,Cboe Volatility Index | CAD-JPY X-RATE | U.S. Corporate High Yield,poet_soft_c0_5,,unconstrained,1.7847017442829557e-05,4.649641160742782e-05,0.10824553443478309,2.605276302125698,-8.328397851611582,2.9882803522861447,0.08569748083878372,1.857137041327523,False,False,0.0006680916881655379,0.10824900020078713,0.0009285685206637614,0.0006607220967316986,0.10826839484290174,0.0018571370413275228,0.0006459829138640197,0.10835492951687166,0.0037142740826550456
15,252,2017-11-17T00:00:00,2018-11-21T00:00:00,2018-11-23T00:00:00,2019-05-30T00:00:00,29,3,Cboe Volatility Index | CAD-JPY X-RATE | U.S. Corporate High Yield,structured_q0,,unconstrained,7.634421775874065e-06,6.013446470719822e-05,0.12310111740440845,7.876754320442746,-3.9060890350686748,1.7868533385504843,0.06951354240166221,0.6265744207434805,False,False,0.0005299097498801658,0.12309722130326874,0.00031328721037174025,0.000527423343448644,0.12309491977519872,0.0006265744207434805,0.0005224505305856007,0.1230951007340673,0.001253148841486961
15,252,2017-11-17T00:00:00,2018-11-21T00:00:00,2018-11-23T00:00:00,2019-05-30T00:00:00,29,3,Cboe Volatility Index | CAD-JPY X-RATE | U.S. Corporate High Yield,residual_aware_qr,0.5,unconstrained,1.733276813860085e-05,4.290151541363652e-05,0.10397683340165925,2.475168136478612,-8.48774359949239,2.6707475948601083,0.07942816868181587,1.7167275759276825,False,False,0.0004379723758002108,0.10399412438183625,0.0008583637879638413,0.00043115996478462466,0.10402557897566925,0.0017167275759276826,0.0004175351427534526,0.10413092188437495,0.0034334551518553653
16,252,2018-05-24T00:00:00,2019-05-30T00:00:00,2019-05-31T00:00:00,2019-11-27T00:00:00,30,2,Cboe Volatility Index | CAC 40 INDEX,equal_weight,,unconstrained,8.674818172013066e-05,7.085322049501607e-05,0.13362264615230476,0.8167689407439646,-8.535732158611498,1.0000000000000002,0.006666666666666667,0.1289503231077322,False,False,0.0009364293725432462,0.13363249110341632,6.44751615538661e-05,0.0009359176649118662,0.1336423975407919,0.0001289503231077322,0.0009348942496491063,0.13366239481956546,0.0002579006462154644
16,252,2018-05-24T00:00:00,2019-05-30T00:00:00,2019-05-31T00:00:00,2019-11-27T00:00:00,30,2,Cboe Volatility Index | CAC 40 INDEX,sample_covariance,,unconstrained,1.2250055988880358e-05,7.31516311840329e-05,0.13577264473514644,5.971534436286188,-5.338445614176949,5.9643855550686204,0.14873414054369777,7.514507008919492,False,False,0.0006126678972262696,0.13536194144611438,0.003757253504459746,0.0005828484249686525,0.13515904387547806,0.007514507008919492,0.0005232094804534184,0.13537944632269297,0.015029014017838984
16,252,2018-05-24T00:00:00,2019-05-30T00:00:00,2019-05-31T00:00:00,2019-11-27T00:00:00,30,2,Cboe Volatility Index | CAC 40 INDEX,ridge_10pct,,unconstrained,1.7886597179242937e-05,4.614892794287145e-05,0.10784029785568845,2.580084265352966,-8.351374621162226,3.3238797761675793,0.09847548520510699,3.0942043828176202,False,False,0.00043019067120587923,0.1077207406505979,0.00154710219140881,0.00041791208238517436,0.10764553029172085,0.00309420438281762,0.0003933549047437647,0.10762846716839632,0.00618840876563524
16,252,2018-05-24T00:00:00,2019-05-30T00:00:00,2019-05-31T00:00:00,2019-11-27T00:00:00,30,2,Cboe Volatility Index | CAC 40 INDEX,ledoit_wolf,,unconstrained,1.6729794951567937e-05,4.879065285306804e-05,0.110883923627247,2.9163927588063667,-8.081926540566146,3.660887932227237,0.10385956933003816,3.42327223789367,False,False,0.00044521875425058944,0.1107401424253323,0.001711636118946835,0.0004316343406081542,0.11064914171654182,0.00342327223789367,0.00040446551332328385,0.11062592723905415,0.00684654447578734
16,252,2018-05-24T00:00:00,2019-05-30T00:00:00,2019-05-31T00:00:00,2019-11-27T00:00:00,30,2,Cboe Volatility Index | CAC 40 INDEX,oas_shrinkage,,unconstrained,1.5762238310962858e-05,5.155920287678024e-05,0.11398648658919451,3.271058453729893,-7.786835005081928,3.9741269060867404,0.1073755654941149,3.854346236863096,False,False,0.0004644534779531613,0.11381515875583473,0.0019271731184315477,0.0004491584532037045,0.11370891603210687,0.0038543462368630954,0.000418568403704791,0.1136923039836,0.007708692473726191
16,252,2018-05-24T00:00:00,2019-05-30T00:00:00,2019-05-31T00:00:00,2019-11-27T00:00:00,30,2,Cboe Volatility Index | CAC 40 INDEX,nonlinear_shrinkage_qis,,unconstrained,2.0178055726239838e-05,4.338933843238536e-05,0.10456631046833924,2.1503230549592165,-8.660591839290111,2.791032863847545,0.08052035870123082,2.5108578431257786,False,False,0.0004163890048055798,0.10448314501541597,0.0012554289215628894,0.00040642528320587436,0.1044301024933528,0.002510857843125779,0.0003864978400064634,0.10441454380026169,0.005021715686251558
16,252,2018-05-24T00:00:00,2019-05-30T00:00:00,2019-05-31T00:00:00,2019-11-27T00:00:00,30,2,Cboe Volatility Index | CAC 40 INDEX,pca_matched,,unconstrained,6.26786778649029e-06,7.585099618375224e-05,0.13825502174715235,12.101562886703011,0.12148855959751614,1.862341431763125,0.060719194421322634,1.534371958900798,False,False,0.00031232705525794085,0.13813766277200856,0.000767185979450399,0.00030623827764325514,0.13802873255677248,0.001534371958900798,0.00029406072241388377,0.13783623679347,0.003068743917801596
16,252,2018-05-24T00:00:00,2019-05-30T00:00:00,2019-05-31T00:00:00,2019-11-27T00:00:00,30,2,Cboe Volatility Index | CAC 40 INDEX,pca_plus_two,,unconstrained,1.6685830865916965e-05,5.0065283072705876e-05,0.11232297776644759,3.000466891641033,-8.000483758181621,2.7186569267311644,0.09912017527850553,1.9994751416296144,False,False,0.0002814562346581021,0.11224271469050258,0.0009997375708148072,0.00027352180949290526,0.11218021469362245,0.0019994751416296144,0.0002576529591625115,0.11210861432762675,0.003998950283259229
16,252,2018-05-24T00:00:00,2019-05-30T00:00:00,2019-05-31T00:00:00,2019-11-27T00:00:00,30,2,Cboe Volatility Index | CAC 40 INDEX,poet_soft_c0_5,,unconstrained,1.601441569144424e-05,5.679601842318131e-05,0.11963526504606278,3.546555773091664,-7.495465487557058,2.6127796419756484,0.08008147490957862,2.1322772029385195,False,False,0.00036088928452182324,0.11954843911525664,0.0010661386014692597,0.000352427867049845,0.11948057814229446,0.0021322772029385194,0.0003355050321058885,0.11940187137592466,0.004264554405877039
16,252,2018-05-24T00:00:00,2019-05-30T00:00:00,2019-05-31T00:00:00,2019-11-27T00:00:00,30,2,Cboe Volatility Index | CAC 40 INDEX,structured_q0,,unconstrained,6.433464189763777e-06,5.47868470276348e-05,0.11750015085506899,8.515916994580559,-3.4380804159700578,1.6944735921140435,0.060449610633990715,0.6769009902233403,False,False,0.00034568311373684,0.11745558202061909,0.00033845049511167015,0.00034299699869627117,0.11741294749554387,0.0006769009902233403,0.00033762476861513364,0.11733348971210639,0.0013538019804466806
16,252,2018-05-24T00:00:00,2019-05-30T00:00:00,2019-05-31T00:00:00,2019-11-27T00:00:00,30,2,Cboe Volatility Index | CAC 40 INDEX,residual_aware_qr,0.25,unconstrained,1.4328243090887503e-05,4.159061388366133e-05,0.10237594785242604,2.9027015817530475,-8.250576345454395,1.8722637617595974,0.06779625950230793,1.7505051412816202,False,False,0.00036347067072041125,0.10230117484745392,0.0008752525706408101,0.0003565242217470715,0.1022413337154092,0.0017505051412816202,0.00034263132380039197,0.10216654547417807,0.0035010102825632403
17,252,2018-11-23T00:00:00,2019-11-27T00:00:00,2019-11-29T00:00:00,2020-06-01T00:00:00,31,2,Cboe Volatility Index | AUD-JPY X-RATE,equal_weight,,unconstrained,9.06170234550702e-05,0.0009594193458413959,0.4917048659023335,10.58762812174134,1.278759656030676,1.0000000000000002,0.006666666666666667,0.10493390346943274,False,False,-8.420827567540464e-05,0.49170614705087384,5.246695173471637e-05,-8.462468005425162e-05,0.491707439392901,0.00010493390346943274,-8.545748881194558e-05,0.4917100576570623,0.00020986780693886547
17,252,2018-11-23T00:00:00,2019-11-27T00:00:00,2019-11-29T00:00:00,2020-06-01T00:00:00,31,2,Cboe Volatility Index | AUD-JPY X-RATE,sample_covariance,,unconstrained,1.1936624200161564e-05,0.0007330968990314218,0.4298144001262851,61.41576435165809,50.0798651313778,6.660017228859533,0.42003533245249286,6.662488878573753,False,False,-0.0015161721448941087,0.4298224327699858,0.003331244439286876,-0.0015426105928249571,0.42988209735549193,0.006662488878573752,-0.001595487488686653,0.4301562178207163,0.013324977757147504
17,252,2018-11-23T00:00:00,2019-11-27T00:00:00,2019-11-29T00:00:00,2020-06-01T00:00:00,31,2,Cboe Volatility Index | AUD-JPY X-RATE,ridge_10pct,,unconstrained,1.917849967101704e-05,0.0007030365761239995,0.42090998703196375,36.65753777322026,25.79581705803419,3.488712833033928,0.10693216337064591,2.859831260207274,False,False,-0.0008683345290204864,0.420926989988245,0.0014299156301036372,-0.0008796830657673407,0.420953706781063,0.0028598312602072743,-0.0009023801392610492,0.42103627380729775,0.005719662520414549
17,252,2018-11-23T00:00:00,2019-11-27T00:00:00,2019-11-29T00:00:00,2020-06-01T00:00:00,31,2,Cboe Volatility Index | AUD-JPY X-RATE,ledoit_wolf,,unconstrained,1.756086143775652e-05,0.0007045680652216275,0.42136819105842593,40.1214978957,29.1716599815593,4.009220969683793,0.14035767174762187,3.343194463137045,False,False,-0.0009550880286529627,0.4213866221645723,0.0016715972315685225,-0.0009683546733479509,0.42141831378323386,0.003343194463137045,-0.0009948879627379272,0.4215214653429069,0.00668638892627409
17,252,2018-11-23T00:00:00,2019-11-27T00:00:00,2019-11-29T00:00:00,2020-06-01T00:00:00,31,2,Cboe Volatility Index | AUD-JPY X-RATE,oas_shrinkage,,unconstrained,1.652906117877824e-05,0.0007055989711576348,0.42167634594760467,42.68838765407666,31.677997211340177,4.364578826078429,0.16839901349874264,3.7497714812815603,False,False,-0.0010237075964689844,0.4216955368152885,0.00187488574064078,-0.0010385876420296255,0.4217313974490239,0.00374977148128156,-0.001068347733150908,0.4218531090338632,0.00749954296256312
17,252,2018-11-23T00:00:00,2019-11-27T00:00:00,2019-11-29T00:00:00,2020-06-01T00:00:00,31,2,Cboe Volatility Index | AUD-JPY X-RATE,nonlinear_shrinkage_qis,,unconstrained,2.1113356054228293e-05,0.0006915882708217624,0.4174688542239818,32.755961157736486,21.990356428353657,2.8247331069246293,0.10453538546948422,2.219374868496323,False,False,-0.0008760976333193321,0.4174797680239343,0.0011096874342481616,-0.0008849046764482858,0.41749658058043865,0.002219374868496323,-0.0009025187627061936,0.41754789886294585,0.004438749736992646
17,252,2018-11-23T00:00:00,2019-11-27T00:00:00,2019-11-29T00:00:00,2020-06-01T00:00:00,31,2,Cboe Volatility Index | AUD-JPY X-RATE,pca_matched,,unconstrained,9.78858972337418e-06,0.0009404939731770815,0.48683106026693135,96.08064080275786,84.54634763818864,2.4689408941065683,0.08922348666096726,1.841960070770622,False,False,-0.0013189888744349432,0.48684486870734284,0.000920980035385311,-0.0013262982397951437,0.4868621611396981,0.001841960070770622,-0.0013409169705155455,0.48690719642065217,0.003683920141541244
17,252,2018-11-23T00:00:00,2019-11-27T00:00:00,2019-11-29T00:00:00,2020-06-01T00:00:00,31,2,Cboe Volatility Index | AUD-JPY X-RATE,pca_plus_two,,unconstrained,1.3864779836448592e-05,0.0009212496013855605,0.481824552663271,66.44531050999616,55.259151751885824,2.8110464468534673,0.11067214352349028,2.3435342190959307,False,False,-0.0011584132147296777,0.48183818422000746,0.0011717671095479653,-0.0011677129536943442,0.4818575143632633,0.0023435342190959306,-0.001186312431623677,0.4819132674642483,0.004687068438191861
17,252,2018-11-23T00:00:00,2019-11-27T00:00:00,2019-11-29T00:00:00,2020-06-01T00:00:00,31,2,Cboe Volatility Index | AUD-JPY X-RATE,poet_soft_c0_5,,unconstrained,1.6606868722155975e-05,0.0005908519349656045,0.38586874401968907,35.57876833080051,24.573074161059168,2.6736728536467753,0.08288494459758872,2.255704924258678,False,False,-0.0005934635161777427,0.38588892218890736,0.001127852462129339,-0.0006024147261946421,0.3859156917379834,0.002255704924258678,-0.0006203171462284413,0.3859889991524387,0.004511409848517356
17,252,2018-11-23T00:00:00,2019-11-27T00:00:00,2019-11-29T00:00:00,2020-06-01T00:00:00,31,2,Cboe Volatility Index | AUD-JPY X-RATE,structured_q0,,unconstrained,9.46358092775991e-06,0.000693535223137637,0.41805606828592323,73.28465075025264,61.71659103731623,2.0447345597458426,0.07461494885191527,0.8068406673003308,False,False,-0.00013995353694722006,0.41805804995807,0.00040342033365016537,-0.00014315528562698328,0.4180608102066807,0.0008068406673003307,-0.00014955878298650971,0.4180686663672578,0.0016136813346006615
17,252,2018-11-23T00:00:00,2019-11-27T00:00:00,2019-11-29T00:00:00,2020-06-01T00:00:00,31,2,Cboe Volatility Index | AUD-JPY X-RATE,residual_aware_qr,0.5,unconstrained,1.8988342140207884e-05,0.0006697173014363534,0.4108147513928401,35.26991964286469,24.398234304186786,2.5732938674052113,0.09603285218296688,1.6804284058111838,False,False,-0.0005208396113672863,0.4108257787001718,0.000840214202905592,-0.0005275079780570132,0.4108402423897531,0.001680428405811184,-0.0005408447114364669,0.4108794773778427,0.003360856811622368
18,252,2019-05-31T00:00:00,2020-06-01T00:00:00,2020-06-02T00:00:00,2020-12-01T00:00:00,32,2,Cboe Volatility Index | AUD-JPY X-RATE,equal_weight,,unconstrained,0.000513345459063026,0.00020839655609984937,0.22916354888411472,0.4059577277263175,-7.168603802226027,1.0000000000000002,0.006666666666666667,0.19588410529619044,False,False,0.0018173095994539529,0.2291541672523511,9.794205264809521e-05,0.0018165322815757935,0.22914486896209937,0.00019588410529619042,0.0018149776458194745,0.22912652244662587,0.00039176821059238085
18,252,2019-05-31T00:00:00,2020-06-01T00:00:00,2020-06-02T00:00:00,2020-12-01T00:00:00,32,2,Cboe Volatility Index | AUD-JPY X-RATE,sample_covariance,,unconstrained,2.2832370139173554e-05,0.0002397351812410896,0.2457911016956362,10.499793923267536,-0.18753736267225563,9.785160826584608,0.28382327493701065,10.799263924001657,False,False,-0.001077052685154148,0.24628572709741414,0.005399631962000829,-0.0011199069070747896,0.24701554034584458,0.010799263924001658,-0.0012056153509160724,0.24917179831823977,0.021598527848003316
18,252,2019-05-31T00:00:00,2020-06-01T00:00:00,2020-06-02T00:00:00,2020-12-01T00:00:00,32,2,Cboe Volatility Index | AUD-JPY X-RATE,ridge_10pct,,unconstrained,5.712948128932801e-05,9.869335957923321e-05,0.1577045548294873,1.7275381703434,-8.042652094405364,4.153323691429504,0.13231197118381624,4.556353981025975,False,False,0.00014826781551377833,0.1577815298940542,0.0022781769905129874,0.00013018704574780225,0.15792420998393597,0.004556353981025975,9.402550621585014e-05,0.15840589329483756,0.00911270796205195
18,252,2019-05-31T00:00:00,2020-06-01T00:00:00,2020-06-02T00:00:00,2020-12-01T00:00:00,32,2,Cboe Volatility Index | AUD-JPY X-RATE,ledoit_wolf,,unconstrained,5.2591510498129065e-05,0.00010183817066365249,0.16019743758013244,1.9363994245283251,-7.9165564240922155,4.440220046090015,0.138396317617416,5.037200951416743,False,False,5.4489876377324924e-05,0.16029903149782662,0.0025186004757083717,3.450098371297272e-05,0.16047963541978455,0.0050372009514167435,-5.476801615731646e-06,0.1610766939547535,0.010074401902833487
18,252,2019-05-31T00:00:00,2020-06-01T00:00:00,2020-06-02T00:00:00,2020-12-01T00:00:00,32,2,Cboe Volatility Index | AUD-JPY X-RATE,oas_shrinkage,,unconstrained,3.465705350695212e-05,0.00013910296066833982,0.18722699081174604,4.01369841323747,-6.256310875393113,6.290349818743495,0.15281405464497358,6.422037822124388,False,False,-0.000526632842264805,0.18745241495429482,0.003211018911062194,-0.000552117119336727,0.18778741231978635,0.006422037822124388,-0.0006030856734805716,0.18878360268375116,0.012844075644248776
18,252,2019-05-31T00:00:00,2020-06-01T00:00:00,2020-06-02T00:00:00,2020-12-01T00:00:00,32,2,Cboe Volatility Index | AUD-JPY X-RATE,nonlinear_shrinkage_qis,,unconstrained,5.235638183589814e-05,0.00010094346683515052,0.1594921742357848,1.928006926673047,-7.929429794319777,4.472513331353661,0.12826272254590942,4.414300648964701,False,False,6.0457803978929486e-05,0.1595896958606764,0.002207150324482351,4.294073791160921e-05,0.15974815948100277,0.004414300648964702,7.906605776968694e-06,0.16024712001641608,0.008828601297929404
18,252,2019-05-31T00:00:00,2020-06-01T00:00:00,2020-06-02T00:00:00,2020-12-01T00:00:00,32,2,Cboe Volatility Index | AUD-JPY X-RATE,pca_matched,,unconstrained,4.155612478047594e-05,0.00015433311098881264,0.1972104053268508,3.713847520770801,-6.374618119283084,3.3345085477383636,0.10756668716060613,4.563428576583807,False,False,0.0009862859424054774,0.1972283223330464,0.0022817142882919036,0.0009681770988476052,0.19729901969297492,0.004563428576583807,0.0009319594117318606,0.19759848657297802,0.009126857153167614
18,252,2019-05-31T00:00:00,2020-06-01T00:00:00,2020-06-02T00:00:00,2020-12-01T00:00:00,32,2,Cboe Volatility Index | AUD-JPY X-RATE,pca_plus_two,,unconstrained,4.009576644251168e-05,0.00012357616941720585,0.17646867907120478,3.082025370294051,-7.042214433930841,3.4502151840099406,0.11239631343276149,4.540282353310274,False,False,0.0009832016140093151,0.17645776665113216,0.002270141176655137,0.0009651846205437983,0.1765052585441089,0.004540282353310274,0.0009291506336127644,0.17677520909251015,0.009080564706620548
18,252,2019-05-31T00:00:00,2020-06-01T00:00:00,2020-06-02T00:00:00,2020-12-01T00:00:00,32,2,Cboe Volatility Index | AUD-JPY X-RATE,poet_soft_c0_5,,unconstrained,4.725574420739938e-05,0.0001059580191044495,0.16340569394706317,2.2422251703287834,-7.717711170557866,3.6637372281423155,0.11459752468477738,3.819832756459045,False,False,0.0005850088065825696,0.1634427661687898,0.0019099163782295226,0.0005698507400886845,0.16352445056864565,0.003819832756459045,0.0005395346071009142,0.16382135252274918,0.00763966551291809
18,252,2019-05-31T00:00:00,2020-06-01T00:00:00,2020-06-02T00:00:00,2020-12-01T00:00:00,32,2,Cboe Volatility Index | AUD-JPY X-RATE,structured_q0,,unconstrained,4.307862797292779e-05,8.646160403441942e-05,0.14760868611526118,2.007064943868572,-8.045418610668262,2.333994120263547,0.09730387816205072,1.8444415087633257,False,False,-0.00035751340214795665,0.14760983127945324,0.0009222207543816628,-0.0003648326144843191,0.1476224993979673,0.0018444415087633256,-0.0003794710391570439,0.14768238993952196,0.003688883017526651
18,252,2019-05-31T00:00:00,2020-06-01T00:00:00,2020-06-02T00:00:00,2020-12-01T00:00:00,32,2,Cboe Volatility Index | AUD-JPY X-RATE,residual_aware_qr,0.75,unconstrained,5.662736897185172e-05,8.903185215409536e-05,0.14978660401662103,1.5722406633151405,-8.206777475573551,3.866551838766652,0.16448880683802525,3.9373178686195365,False,False,0.00017432179142233792,0.1497680843865998,0.0019686589343097683,0.0001586975141659112,0.149801314850137,0.003937317868619537,0.0001274489596530577,0.15002283495128976,0.007874635737239073
19,252,2019-11-29T00:00:00,2020-12-01T00:00:00,2020-12-02T00:00:00,2021-06-08T00:00:00,33,2,Cboe Volatility Index | AUD-JPY X-RATE,equal_weight,,unconstrained,0.0005824895129363887,7.177675360873467e-05,0.13449067591993558,0.12322411307784886,-7.324975263151315,1.0000000000000002,0.006666666666666667,0.15515323903166583,False,False,0.0014232534946986763,0.1344904395099919,7.757661951583292e-05,0.0014226378072422017,0.13449029259507173,0.00015515323903166585,0.0014214064323292519,0.13449026725129667,0.0003103064780633317
19,252,2019-11-29T00:00:00,2020-12-01T00:00:00,2020-12-02T00:00:00,2021-06-08T00:00:00,33,2,Cboe Volatility Index | AUD-JPY X-RATE,sample_covariance,,unconstrained,2.4591488748275208e-05,0.00013667500931971885,0.1855858355278472,5.557817614002931,-5.0552925467324075,9.880360065482142,0.28732823931002366,13.611357057351814,False,False,-0.0006937188884481831,0.18687943050165998,0.006805678528675907,-0.0007477322101043409,0.18865579710579566,0.013611357057351814,-0.000855758853416657,0.1936000862046502,0.027222714114703627
19,252,2019-11-29T00:00:00,2020-12-01T00:00:00,2020-12-02T00:00:00,2021-06-08T00:00:00,33,2,Cboe Volatility Index | AUD-JPY X-RATE,ridge_10pct,,unconstrained,6.83797911353308e-05,6.622308806422463e-05,0.1291828866072616,0.9684599347950944,-8.621973293432845,4.308425970224657,0.12029069949929391,2.823939356649319,False,False,-0.00028419562860603186,0.12955555045999975,0.0014119696783246596,-0.00029540173716416406,0.12995783066553743,0.002823939356649319,-0.0003178139542804285,0.13085012741438395,0.005647878713298638
19,252,2019-11-29T00:00:00,2020-12-01T00:00:00,2020-12-02T00:00:00,2021-06-08T00:00:00,33,2,Cboe Volatility Index | AUD-JPY X-RATE,ledoit_wolf,,unconstrained,5.804049563298942e-05,6.99444164105196e-05,0.13276292003210435,1.2050968146930183,-8.549272775784676,4.932355493123538,0.13587429044654534,3.357146393643334,False,False,-0.0003513577337089061,0.133193489102068,0.0016785731968216669,-0.0003646797432074908,0.13366483671789992,0.0033571463936433337,-0.00039132376220466007,0.13472811860123388,0.0067142927872866675
19,252,2019-11-29T00:00:00,2020-12-01T00:00:00,2020-12-02T00:00:00,2021-06-08T00:00:00,33,2,Cboe Volatility Index | AUD-JPY X-RATE,oas_shrinkage,,unconstrained,4.0208302749713434e-05,8.164869257960703e-05,0.14344152303311958,2.0306426035401093,-8.090794444062302,6.6052088115757925,0.19211008903362406,6.46549363253386,False,False,-0.00048814061481486837,0.14424306177460294,0.0032327468162669307,-0.0005137973355788916,0.14518420650358363,0.006465493632533861,-0.000565110777106938,0.14747422668974666,0.012930987265067723
19,252,2019-11-29T00:00:00,2020-12-01T00:00:00,2020-12-02T00:00:00,2021-06-08T00:00:00,33,2,Cboe Volatility Index | AUD-JPY X-RATE,nonlinear_shrinkage_qis,,unconstrained,6.236956606822655e-05,6.973166913984833e-05,0.13256085630095252,1.118039991869886,-8.564393132960285,4.564720286949234,0.12999376242038307,3.4382632812782985,False,False,-0.0003504749534121787,0.13300861050534624,0.0017191316406391494,-0.0003641188553220133,0.13349914594586515,0.003438263281278299,-0.0003914066591416822,0.13460664891035126,0.006876526562556598
19,252,2019-11-29T00:00:00,2020-12-01T00:00:00,2020-12-02T00:00:00,2021-06-08T00:00:00,33,2,Cboe Volatility Index | AUD-JPY X-RATE,pca_matched,,unconstrained,5.1951330127635757e-05,6.902768020304333e-05,0.13189001255275898,1.3286989964155649,-8.536504240334411,3.516643533625939,0.12314331113653335,1.3063339676052146,False,False,-0.00030604009696750845,0.13204074628649642,0.0006531669838026073,-0.0003112239619183228,0.13219776267795855,0.0013063339676052145,-0.00032159169181995146,0.13253055321958196,0.002612667935210429
19,252,2019-11-29T00:00:00,2020-12-01T00:00:00,2020-12-02T00:00:00,2021-06-08T00:00:00,33,2,Cboe Volatility Index | AUD-JPY X-RATE,pca_plus_two,,unconstrained,4.8840501582468464e-05,8.12320773805869e-05,0.1430750974135887,1.663211366562737,-8.263739272300455,3.575955795676044,0.11664376368579601,1.1820573813894604,False,False,-0.00022440006350185046,0.14320505914566384,0.0005910286906947302,-0.0002290907673962531,0.14333977706683915,0.0011820573813894604,-0.0002384721751850584,0.14362342746866194,0.002364114762778921
19,252,2019-11-29T00:00:00,2020-12-01T00:00:00,2020-12-02T00:00:00,2021-06-08T00:00:00,33,2,Cboe Volatility Index | AUD-JPY X-RATE,poet_soft_c0_5,,unconstrained,5.922241547749009e-05,5.4656624889803036e-05,0.11736042549441598,0.922904350474822,-8.811306097442992,3.64657857946248,0.13838644246656437,1.8359780164889987,False,False,-0.0003002293994393045,0.11759140068798428,0.0009179890082444993,-0.00030751502648886396,0.11783622691927476,0.0018359780164889986,-0.00032208628058798304,0.11836708384521172,0.003671956032977997
19,252,2019-11-29T00:00:00,2020-12-01T00:00:00,2020-12-02T00:00:00,2021-06-08T00:00:00,33,2,Cboe Volatility Index | AUD-JPY X-RATE,structured_q0,,unconstrained,4.9523256765908726e-05,8.90434174885169e-05,0.14979633242207988,1.7980121523391697,-8.11505601273301,2.342783262237862,0.089247900793003,0.918288361789867,False,False,-0.0005431757327128186,0.14989195177586737,0.00045914418089493345,-0.0005468197341484927,0.14999032122362774,0.0009182883617898669,-0.0005541077370198407,0.15019528863612672,0.0018365767235797338
19,252,2019-11-29T00:00:00,2020-12-01T00:00:00,2020-12-02T00:00:00,2021-06-08T00:00:00,33,2,Cboe Volatility Index | AUD-JPY X-RATE,residual_aware_qr,0.5,unconstrained,7.511478898871349e-05,6.192319373623499e-05,0.12491855275150772,0.8243808518924199,-8.67211224273783,3.1944476855274626,0.13587829473457222,2.457369946525991,False,False,-0.0003917714891999623,0.12526373303619157,0.0012286849732629952,-0.0004015229572417321,0.1256320001983866,0.0024573699465259904,-0.0004210258933252718,0.1264369755822242,0.004914739893051981
20,252,2020-06-02T00:00:00,2021-06-08T00:00:00,2021-06-09T00:00:00,2021-12-15T00:00:00,34,3,Cboe Volatility Index | AUD-JPY X-RATE | US Generic Govt 5 Yr,equal_weight,,unconstrained,0.00013956754738567655,7.734471388473251e-05,0.1396096984415932,0.5541740564588454,-8.322787806786144,1.0000000000000002,0.006666666666666667,0.1654383165735958,False,False,0.0006438685781434948,0.13961429196076658,8.27191582867979e-05,0.0006432120768872504,0.13961898334501777,0.0001654383165735958,0.0006418990743747615,0.13962865966908966,0.0003308766331471916
20,252,2020-06-02T00:00:00,2021-06-08T00:00:00,2021-06-09T00:00:00,2021-12-15T00:00:00,34,3,Cboe Volatility Index | AUD-JPY X-RATE | US Generic Govt 5 Yr,sample_covariance,,unconstrained,1.1792694294637527e-05,9.272908033933241e-05,0.15286506548427528,7.863265003104418,-3.484765342699948,7.322098289452754,0.2268641287561087,11.795578871652175,False,False,0.0011128705027429152,0.15240685357977132,0.0058977894358260875,0.0010660626500776289,0.15240441421290035,0.011795578871652175,0.000972446944747056,0.15376288700890178,0.02359115774330435
20,252,2020-06-02T00:00:00,2021-06-08T00:00:00,2021-06-09T00:00:00,2021-12-15T00:00:00,34,3,Cboe Volatility Index | AUD-JPY X-RATE | US Generic Govt 5 Yr,ridge_10pct,,unconstrained,2.4755760258983043e-05,4.691421690558783e-05,0.10873078064746952,1.8950828580820587,-8.711369500210052,3.3836827871229387,0.09335829071791063,4.2346841026692665,False,False,0.0005213628767088517,0.10867245639453603,0.002117342051334633,0.0005045585747141324,0.10869662113831292,0.004234684102669266,0.0004709499707246938,0.10899201086025224,0.008469368205338532
20,252,2020-06-02T00:00:00,2021-06-08T00:00:00,2021-06-09T00:00:00,2021-12-15T00:00:00,34,3,Cboe Volatility Index | AUD-JPY X-RATE | US Generic Govt 5 Yr,ledoit_wolf,,unconstrained,2.287184049006329e-05,5.04910977650847e-05,0.11279963048167022,2.2075660149440375,-8.478038062051159,3.7425965061568953,0.10754456332581552,4.92071013116994,False,False,0.0005691672709095672,0.11270776815725428,0.00246035506558497,0.0005496406434049247,0.11272328400722016,0.00492071013116994,0.0005105873883956394,0.11307596752061633,0.00984142026233988
20,252,2020-06-02T00:00:00,2021-06-08T00:00:00,2021-06-09T00:00:00,2021-12-15T00:00:00,34,3,Cboe Volatility Index | AUD-JPY X-RATE | US Generic Govt 5 Yr,oas_shrinkage,,unconstrained,1.931988936928073e-05,5.911757998178677e-05,0.12205584850964851,3.059933670002567,-7.7944417854214345,4.504178424479121,0.13929414312386074,6.870488544614506,False,False,0.0006878802840721821,0.12188292746574544,0.0034352442723072528,0.000660616440641172,0.12190352526761374,0.0068704885446145055,0.0006060887537791522,0.1225239700683092,0.013740977089229011
20,252,2020-06-02T00:00:00,2021-06-08T00:00:00,2021-06-09T00:00:00,2021-12-15T00:00:00,34,3,Cboe Volatility Index | AUD-JPY X-RATE | US Generic Govt 5 Yr,nonlinear_shrinkage_qis,,unconstrained,2.6327201816383125e-05,4.2482907807338854e-05,0.10346831769894295,1.6136507063543006,-8.931257157338896,3.0257252513432373,0.0849617741207789,4.428966504980195,False,False,0.0005004186288350332,0.10344259721843391,0.0022144832524900976,0.00048284336492638165,0.10351166511772064,0.004428966504980195,0.0004476928371090785,0.10393315082612399,0.00885793300996039
20,252,2020-06-02T00:00:00,2021-06-08T00:00:00,2021-06-09T00:00:00,2021-12-15T00:00:00,34,3,Cboe Volatility Index | AUD-JPY X-RATE | US Generic Govt 5 Yr,pca_matched,,unconstrained,9.874121435996386e-06,6.774574240178264e-05,0.13065958474313785,6.860938751959606,-4.66465446768211,2.0800592058072374,0.08585291590004777,3.7866621745072706,False,False,0.000420915785758043,0.13071761169754897,0.0018933310872536354,0.0004058893485576172,0.1308304236062737,0.0037866621745072707,0.00037583647415676593,0.13121976847426683,0.007573324349014541
20,252,2020-06-02T00:00:00,2021-06-08T00:00:00,2021-06-09T00:00:00,2021-12-15T00:00:00,34,3,Cboe Volatility Index | AUD-JPY X-RATE | US Generic Govt 5 Yr,pca_plus_two,,unconstrained,1.627460510437453e-05,5.78298991034139e-05,0.12071923862442267,3.553382630947495,-7.472522003156642,2.4010364676652416,0.10710258787451424,3.822220176944853,False,False,0.00042329469903071553,0.12071031999539322,0.0019111100884724266,0.0004081271586460137,0.12076190417429328,0.003822220176944853,0.0003777920778766101,0.12104618083139286,0.007644440353889706
20,252,2020-06-02T00:00:00,2021-06-08T00:00:00,2021-06-09T00:00:00,2021-12-15T00:00:00,34,3,Cboe Volatility Index | AUD-JPY X-RATE | US Generic Govt 5 Yr,poet_soft_c0_5,,unconstrained,2.0836650107677423e-05,4.2897944627631283e-05,0.10397250620314527,2.0587735747323994,-8.720023522660911,2.6891709268288047,0.08923027933994786,3.7376760017250463,False,False,0.0006117023861440922,0.1038739120093829,0.001868838000862523,0.0005968703385181991,0.10384251233476982,0.003737676001725046,0.000567206243266413,0.10398140976831412,0.007475352003450092
20,252,2020-06-02T00:00:00,2021-06-08T00:00:00,2021-06-09T00:00:00,2021-12-15T00:00:00,34,3,Cboe Volatility Index | AUD-JPY X-RATE | US Generic Govt 5 Yr,structured_q0,,unconstrained,1.0501174574148985e-05,5.998467215881228e-05,0.12294770182488444,5.712186930638988,-5.751836512213477,1.7409741691385814,0.08702450021577826,1.762232034763199,False,False,0.0005328158506860581,0.12296573238298096,0.0008811160173815996,0.0005258228664211248,0.12299638514480597,0.0017622320347631991,0.0005118368978912582,0.12309551567923009,0.0035244640695263982
20,252,2020-06-02T00:00:00,2021-06-08T00:00:00,2021-06-09T00:00:00,2021-12-15T00:00:00,34,3,Cboe Volatility Index | AUD-JPY X-RATE | US Generic Govt 5 Yr,residual_aware_qr,0.5,unconstrained,2.440743185602925e-05,3.8432119693550895e-05,0.09841185986848752,1.5746072720902504,-9.046015615687743,2.2895225367342893,0.11439273726050284,3.0764032507032644,False,False,0.0006294229395590187,0.09841007752968074,0.0015382016253516323,0.000617214990151466,0.098456370098545,0.0030764032507032647,0.0005927990913363609,0.09869283910716244,0.006152806501406529
21,252,2020-12-02T00:00:00,2021-12-15T00:00:00,2021-12-16T00:00:00,2022-06-21T00:00:00,35,4,BRAZIL IBOVESPA INDEX | Cboe Volatility Index | FTSE 100 INDEX | US Generic Govt 10 Yr,equal_weight,,unconstrained,7.441612829563684e-05,0.00022039852887512735,0.235670170527651,2.9617037854957813,-6.544134075955276,1.0000000000000002,0.006666666666666667,0.14735313022299248,False,False,-0.0012685378669255527,0.23567067048353083,7.367656511149624e-05,-0.0012691226015692947,0.23567121650453374,0.0001473531302229925,-0.001270292070856779,0.23567244674060117,0.000294706260445985
21,252,2020-12-02T00:00:00,2021-12-15T00:00:00,2021-12-16T00:00:00,2022-06-21T00:00:00,35,4,BRAZIL IBOVESPA INDEX | Cboe Volatility Index | FTSE 100 INDEX | US Generic Govt 10 Yr,sample_covariance,,unconstrained,1.0884319708217222e-05,0.0001639592516182751,0.20326763492451358,15.063803344042944,3.635615980715375,5.841906285893041,0.1751059301338095,7.719056316765307,False,False,-0.001615760680023836,0.20249447429276377,0.0038595281583826534,-0.0016463918558840157,0.20186598688442187,0.007719056316765307,-0.0017076542076043756,0.20104814656077638,0.015438112633530614
21,252,2020-12-02T00:00:00,2021-12-15T00:00:00,2021-12-16T00:00:00,2022-06-21T00:00:00,35,4,BRAZIL IBOVESPA INDEX | Cboe Volatility Index | FTSE 100 INDEX | US Generic Govt 10 Yr,ridge_10pct,,unconstrained,1.6157491837112204e-05,0.00012623613089952722,0.1783578004649106,7.812854381864825,-3.2202723431520157,2.9693792427241874,0.06653732886352415,3.169992195036504,False,False,-0.0011685637026597826,0.17814418146594088,0.001584996097518252,-0.0011811430367670705,0.1779585419252918,0.003169992195036504,-0.0012063017049816459,0.17767153881175557,0.006339984390073008
21,252,2020-12-02T00:00:00,2021-12-15T00:00:00,2021-12-16T00:00:00,2022-06-21T00:00:00,35,4,BRAZIL IBOVESPA INDEX | Cboe Volatility Index | FTSE 100 INDEX | US Generic Govt 10 Yr,ledoit_wolf,,unconstrained,1.686010060864892e-05,0.00012380519228965314,0.17663212747683416,7.34308739688916,-3.6474732412209327,2.68318007355503,0.06511180433349799,3.4254935093053405,False,False,-0.0011332693505053774,0.17642057967616182,0.0017127467546526702,-0.0011468625787169064,0.17624207050342888,0.0034254935093053405,-0.001174049035139965,0.17598455158566553,0.006850987018610681
21,252,2020-12-02T00:00:00,2021-12-15T00:00:00,2021-12-16T00:00:00,2022-06-21T00:00:00,35,4,BRAZIL IBOVESPA INDEX | Cboe Volatility Index | FTSE 100 INDEX | US Generic Govt 10 Yr,oas_shrinkage,,unconstrained,1.4639471580817555e-05,0.00013194306611278878,0.1823448728657397,9.012829826841353,-2.1189593174476187,3.5078465532697,0.08370126750517345,4.3972166493496285,False,False,-0.0012430435459479146,0.18201112782309212,0.0021986083246748143,-0.0012604928183659685,0.18172997594427429,0.0043972166493496286,-0.0012953913632020768,0.18132638448398924,0.008794433298699257
21,252,2020-12-02T00:00:00,2021-12-15T00:00:00,2021-12-16T00:00:00,2022-06-21T00:00:00,35,4,BRAZIL IBOVESPA INDEX | Cboe Volatility Index | FTSE 100 INDEX | US Generic Govt 10 Yr,nonlinear_shrinkage_qis,,unconstrained,1.7338021170877913e-05,0.0001215946891176285,0.17504816953525215,7.013181488200452,-3.9494272242500656,2.526908417878648,0.06715679263868844,2.721399218692736,False,False,-0.0010681922805775672,0.17488278311928926,0.0013606996093463678,-0.0010789914838263478,0.1747384331484114,0.0027213992186927356,-0.0011005898903239093,0.17451304374032134,0.005442798437385471
21,252,2020-12-02T00:00:00,2021-12-15T00:00:00,2021-12-16T00:00:00,2022-06-21T00:00:00,35,4,BRAZIL IBOVESPA INDEX | Cboe Volatility Index | FTSE 100 INDEX | US Generic Govt 10 Yr,pca_matched,,unconstrained,1.2847240970984582e-05,0.00012162880230075777,0.17507272254634917,9.467309173654927,-1.7950723064509173,2.415222082776277,0.0905352934574777,2.2875132984222866,False,False,0.00011499961304660423,0.17491385458953218,0.0011437566492111433,0.00010592217932270631,0.17476981316015508,0.0022875132984222866,8.776731187491033e-05,0.17452635294602908,0.004575026596844573
21,252,2020-12-02T00:00:00,2021-12-15T00:00:00,2021-12-16T00:00:00,2022-06-21T00:00:00,35,4,BRAZIL IBOVESPA INDEX | Cboe Volatility Index | FTSE 100 INDEX | US Generic Govt 10 Yr,pca_plus_two,,unconstrained,1.3125391497929943e-05,0.00012301980405706982,0.17607098177264077,9.372657880450404,-1.868304041067331,2.635416069628216,0.09520175191692005,2.359353557059605,False,False,-0.00021841196920961692,0.175973079019572,0.0011796767785298026,-0.0002277744833249328,0.17589094634483796,0.0023593535570596053,-0.0002464995115555646,0.17577407541105877,0.0047187071141192105
21,252,2020-12-02T00:00:00,2021-12-15T00:00:00,2021-12-16T00:00:00,2022-06-21T00:00:00,35,4,BRAZIL IBOVESPA INDEX | Cboe Volatility Index | FTSE 100 INDEX | US Generic Govt 10 Yr,poet_soft_c0_5,,unconstrained,1.6154448561128994e-05,0.00010624111829143233,0.16362384242353237,6.5765858790792056,-4.456729214445048,2.606010775931531,0.10395403240729578,2.398520623078174,False,False,-0.0004524945408126801,0.16351255880116639,0.001199260311539087,-0.00046201247979314904,0.16341880204905485,0.002398520623078174,-0.00048104835775408686,0.1632839842776159,0.004797041246156348
21,252,2020-12-02T00:00:00,2021-12-15T00:00:00,2021-12-16T00:00:00,2022-06-21T00:00:00,35,4,BRAZIL IBOVESPA INDEX | Cboe Volatility Index | FTSE 100 INDEX | US Generic Govt 10 Yr,structured_q0,,unconstrained,7.0775817811500575e-06,0.00010472190258673998,0.1624497443884061,14.796282943087858,2.9377046781508245,1.6278639315113157,0.06859180254576949,0.8042643440786542,False,False,-0.0002873507402727903,0.16236133943411837,0.0004021321720393271,-0.0002905422654477056,0.16227487937126528,0.0008042643440786542,-0.0002969253157975362,0.16210780629753624,0.0016085286881573084
21,252,2020-12-02T00:00:00,2021-12-15T00:00:00,2021-12-16T00:00:00,2022-06-21T00:00:00,35,4,BRAZIL IBOVESPA INDEX | Cboe Volatility Index | FTSE 100 INDEX | US Generic Govt 10 Yr,residual_aware_qr,0.25,unconstrained,1.3441227750441415e-05,0.0001007331953828432,0.15932597163198625,7.494344806376418,-3.722839070185781,1.7868893211763086,0.06726684507610249,1.7599454882120653,False,False,-0.0005832474222565385,0.15918982069881515,0.0008799727441060327,-0.0005902313329240467,0.15906328991909738,0.0017599454882120653,-0.0006041991542590631,0.158839179032703,0.0035198909764241307
22,252,2021-06-09T00:00:00,2022-06-21T00:00:00,2022-06-22T00:00:00,2022-12-22T00:00:00,36,4,BRAZIL IBOVESPA INDEX | Cboe Volatility Index | FTSE 100 INDEX | US Generic Govt 10 Yr,equal_weight,,unconstrained,0.00014919654357897332,0.0002226130743718713,0.23685120802248733,1.4920793004432897,-7.3181667363804355,1.0000000000000002,0.006666666666666667,0.18341797195815274,False,False,0.0004477490939521689,0.23685242887812505,9.170898597907638e-05,0.00044702124485709665,0.23685372074631936,0.00018341797195815275,0.0004455655466669527,0.2368565175156661,0.0003668359439163055
22,252,2021-06-09T00:00:00,2022-06-21T00:00:00,2022-06-22T00:00:00,2022-12-22T00:00:00,36,4,BRAZIL IBOVESPA INDEX | Cboe Volatility Index | FTSE 100 INDEX | US Generic Govt 10 Yr,sample_covariance,,unconstrained,1.648861380764509e-05,0.0001778508414484149,0.2117035947852576,10.786282189831676,-0.2265582976994569,8.094213943799621,0.21424914426205646,8.531875976000087,False,False,0.0011945277493517438,0.21158776395082252,0.004265937988000044,0.0011606710986533308,0.21164390983462597,0.008531875976000088,0.0010929577972565044,0.2122711679099481,0.017063751952000175
22,252,2021-06-09T00:00:00,2022-06-21T00:00:00,2022-06-22T00:00:00,2022-12-22T00:00:00,36,4,BRAZIL IBOVESPA INDEX | Cboe Volatility Index | FTSE 100 INDEX | US Generic Govt 10 Yr,ridge_10pct,,unconstrained,2.8698043564897893e-05,0.00011920690737222092,0.17332091811953823,4.153833940026115,-6.304847665966617,3.7989205861373163,0.10821059190203335,3.8127579987096203,False,False,0.0007324080778525342,0.17332163145855767,0.0019063789993548103,0.0007172780857941628,0.17336427639127167,0.0038127579987096206,0.0006870181016774197,0.17357520702498297,0.007625515997419241
22,252,2021-06-09T00:00:00,2022-06-21T00:00:00,2022-06-22T00:00:00,2022-12-22T00:00:00,36,4,BRAZIL IBOVESPA INDEX | Cboe Volatility Index | FTSE 100 INDEX | US Generic Govt 10 Yr,ledoit_wolf,,unconstrained,2.639008487465532e-05,0.00012541787736022598,0.1777788094649555,4.7524620688384225,-5.79006012244848,4.304488079620565,0.11380206202774845,4.111599172021471,False,False,0.0008081215444922306,0.17777795652618103,0.0020557995860107352,0.0007918056747619867,0.1778246434165519,0.0041115991720214705,0.0007591739353014989,0.17806044902975,0.008223198344042941
22,252,2021-06-09T00:00:00,2022-06-21T00:00:00,2022-06-22T00:00:00,2022-12-22T00:00:00,36,4,BRAZIL IBOVESPA INDEX | Cboe Volatility Index | FTSE 100 INDEX | US Generic Govt 10 Yr,oas_shrinkage,,unconstrained,2.2937379839322153e-05,0.0001370908718535294,0.18586796310039394,5.976745069134309,-4.705997601641555,5.2073681154029625,0.12411153121656077,5.138404567221036,False,False,0.0009402070267426259,0.18585426642054673,0.002569202283610518,0.0009198165324282567,0.18591159239769353,0.005138404567221036,0.0008790355437995182,0.18623896873261686,0.010276809134442072
22,252,2021-06-09T00:00:00,2022-06-21T00:00:00,2022-06-22T00:00:00,2022-12-22T00:00:00,36,4,BRAZIL IBOVESPA INDEX | Cboe Volatility Index | FTSE 100 INDEX | US Generic Govt 10 Yr,nonlinear_shrinkage_qis,,unconstrained,3.0372221991226362e-05,0.00011248881523843485,0.1683662122876368,3.7036742083252765,-6.6983079092397055,3.3996148828634114,0.10188560034238928,3.266484302766371,False,False,0.0006485145129591003,0.1683703220984294,0.0016332421513831853,0.0006355522736624084,0.1684061139230769,0.0032664843027663706,0.0006096277950690246,0.16857264502896072,0.006532968605532741
22,252,2021-06-09T00:00:00,2022-06-21T00:00:00,2022-06-22T00:00:00,2022-12-22T00:00:00,36,4,BRAZIL IBOVESPA INDEX | Cboe Volatility Index | FTSE 100 INDEX | US Generic Govt 10 Yr,pca_matched,,unconstrained,2.1487625783229942e-05,0.0001250967031224046,0.17755103262680832,5.821802016862959,-4.926231316623328,2.8749734194080845,0.08927485374928422,2.6642892663495905,False,False,0.00020201437531652084,0.17739701528980364,0.0013321446331747953,0.0001914417988627526,0.1772628875932875,0.0026642892663495906,0.0001702966459552162,0.1770544752276941,0.005328578532699181
22,252,2021-06-09T00:00:00,2022-06-21T00:00:00,2022-06-22T00:00:00,2022-12-22T00:00:00,36,4,BRAZIL IBOVESPA INDEX | Cboe Volatility Index | FTSE 100 INDEX | US Generic Govt 10 Yr,pca_plus_two,,unconstrained,2.522761562266274e-05,0.0001082438996883972,0.1651589014297325,4.290690856695882,-6.296880448722954,3.2708796251427446,0.10155393527937212,2.5697475412839306,False,False,9.631367799980991e-05,0.16521814712369645,0.0012848737706419654,8.611626712169914e-05,0.16529734770686622,0.0025697475412839307,6.572144536547745e-05,0.16551549174043162,0.005139495082567861
22,252,2021-06-09T00:00:00,2022-06-21T00:00:00,2022-06-22T00:00:00,2022-12-22T00:00:00,36,4,BRAZIL IBOVESPA INDEX | Cboe Volatility Index | FTSE 100 INDEX | US Generic Govt 10 Yr,poet_soft_c0_5,,unconstrained,2.7986062465666736e-05,9.933543929537424e-05,0.15821672067905562,3.549461072533474,-6.934342868267084,3.3579986121569423,0.10314996864080735,2.8478911868083436,False,False,0.00023699279819539343,0.15821340388643154,0.0014239455934041717,0.00022569164269218574,0.15823571695555907,0.0028478911868083435,0.00020308933168577026,0.15835717689859496,0.005695782373616687
22,252,2021-06-09T00:00:00,2022-06-21T00:00:00,2022-06-22T00:00:00,2022-12-22T00:00:00,36,4,BRAZIL IBOVESPA INDEX | Cboe Volatility Index | FTSE 100 INDEX | US Generic Govt 10 Yr,structured_q0,,unconstrained,1.073810399744237e-05,0.00010999518469223735,0.16648959890168458,10.24344565096746,-1.1982663700514955,1.950900965304222,0.05623625705622798,0.9336529850159995,False,False,0.0002720959020263045,0.16644036104096033,0.0004668264925079997,0.00026839092986354263,0.16639372804388708,0.0009336529850159994,0.0002609809855380188,0.1663082852831693,0.0018673059700319988
22,252,2021-06-09T00:00:00,2022-06-21T00:00:00,2022-06-22T00:00:00,2022-12-22T00:00:00,36,4,BRAZIL IBOVESPA INDEX | Cboe Volatility Index | FTSE 100 INDEX | US Generic Govt 10 Yr,residual_aware_qr,0.1,unconstrained,1.7090134379083565e-05,0.00010064345488522865,0.15925498620475786,5.8889797267132735,-5.0880294711302145,1.9038880942231624,0.06434762726788172,1.2385977677722129,False,False,0.00022862555999347654,0.15919997572509662,0.0006192988838861063,0.00022371048948644406,0.15914976605416487,0.0012385977677722127,0.00021388034847237886,0.15906376688873713,0.0024771955355444254
23,252,2021-12-16T00:00:00,2022-12-22T00:00:00,2022-12-23T00:00:00,2023-06-28T00:00:00,37,4,BRAZIL IBOVESPA INDEX | Cboe Volatility Index | FTSE 100 INDEX | US Generic Govt 10 Yr,equal_weight,,unconstrained,0.00022136277583543806,0.00010408319242939491,0.16195358746322205,0.470192840854014,-7.945514841795874,1.0000000000000002,0.006666666666666667,0.14723091055428256,False,False,0.0005354735945399445,0.16194653915191015,7.361545527714128e-05,0.0005348893448948877,0.16193955746294925,0.00014723091055428257,0.0005337208456047745,0.16192579398646847,0.00029446182110856513
23,252,2021-12-16T00:00:00,2022-12-22T00:00:00,2022-12-23T00:00:00,2023-06-28T00:00:00,37,4,BRAZIL IBOVESPA INDEX | Cboe Volatility Index | FTSE 100 INDEX | US Generic Govt 10 Yr,sample_covariance,,unconstrained,2.2828119078658276e-05,0.00011060341645383746,0.16694927656736652,4.845051669510486,-5.842465819450796,9.46966391507633,0.30457543789965974,9.823929298906016,False,False,0.001701130569272477,0.16705338995611677,0.004911964649453008,0.0016621467228482467,0.16744586836396916,0.009823929298906017,0.0015841790299997863,0.16908641301251834,0.019647858597812033
23,252,2021-12-16T00:00:00,2022-12-22T00:00:00,2022-12-23T00:00:00,2023-06-28T00:00:00,37,4,BRAZIL IBOVESPA INDEX | Cboe Volatility Index | FTSE 100 INDEX | US Generic Govt 10 Yr,ridge_10pct,,unconstrained,4.183934862445397e-05,5.531002710479246e-05,0.11805984427572187,1.3219619550306585,-8.759711351547322,4.230040109862225,0.1173464879819253,3.521099657246915,False,False,0.0008058705172472535,0.11793706143283797,0.0017605498286234575,0.0007918978995597658,0.11786675625983167,0.003521099657246915,0.0007639526641847902,0.11788388440837234,0.00704219931449383
23,252,2021-12-16T00:00:00,2022-12-22T00:00:00,2022-12-23T00:00:00,2023-06-28T00:00:00,37,4,BRAZIL IBOVESPA INDEX | Cboe Volatility Index | FTSE 100 INDEX | US Generic Govt 10 Yr,ledoit_wolf,,unconstrained,3.2702465949366364e-05,7.072192724724424e-05,0.1334987852615354,2.162586985236645,-8.165473086372103,6.17967376809976,0.17901459991215973,5.358573486831009,False,False,0.0013249553306951903,0.13343073121197688,0.0026792867434155044,0.0013036911501918926,0.13347025401576884,0.005358573486831009,0.0012611627891852973,0.13387138972542725,0.010717146973662018
23,252,2021-12-16T00:00:00,2022-12-22T00:00:00,2022-12-23T00:00:00,2023-06-28T00:00:00,37,4,BRAZIL IBOVESPA INDEX | Cboe Volatility Index | FTSE 100 INDEX | US Generic Govt 10 Yr,oas_shrinkage,,unconstrained,3.139492069531591e-05,7.387674108566706e-05,0.13644390332143133,2.3531431024347,-8.015721336995808,6.507681393721944,0.1932682925978027,5.926454827538639,False,False,0.0013847130138818387,0.1363900173987416,0.0029632274137693193,0.0013611953359947808,0.13646485923230506,0.005926454827538639,0.0013141599802206647,0.13699951943086883,0.011852909655077277
23,252,2021-12-16T00:00:00,2022-12-22T00:00:00,2022-12-23T00:00:00,2023-06-28T00:00:00,37,4,BRAZIL IBOVESPA INDEX | Cboe Volatility Index | FTSE 100 INDEX | US Generic Govt 10 Yr,nonlinear_shrinkage_qis,,unconstrained,4.374394575248387e-05,5.371717105249692e-05,0.11634744133512015,1.2279909854598965,-8.809166352076906,3.7619754487469765,0.10827955360795319,2.936907671264368,False,False,0.0005937574426295843,0.11622677075607529,0.0014684538356321839,0.000582103047108694,0.11614311345151233,0.0029369076712643678,0.0005587942560669133,0.11608712334221498,0.0058738153425287355
23,252,2021-12-16T00:00:00,2022-12-22T00:00:00,2022-12-23T00:00:00,2023-06-28T00:00:00,37,4,BRAZIL IBOVESPA INDEX | Cboe Volatility Index | FTSE 100 INDEX | US Generic Govt 10 Yr,pca_matched,,unconstrained,3.533615314215309e-05,8.677373951582143e-05,0.1478748875163968,2.45566457578846,-7.794939374006186,3.4332075027647555,0.14330121553631228,2.68642329875544,False,False,0.0002977235257072832,0.14783301841870636,0.00134321164937772,0.00028706311579158693,0.14781555121746914,0.00268642329875544,0.00026574229596019463,0.14785384501602206,0.00537284659751088
23,252,2021-12-16T00:00:00,2022-12-22T00:00:00,2022-12-23T00:00:00,2023-06-28T00:00:00,37,4,BRAZIL IBOVESPA INDEX | Cboe Volatility Index | FTSE 100 INDEX | US Generic Govt 10 Yr,pca_plus_two,,unconstrained,3.497168124620441e-05,8.096097752003448e-05,0.14283615205909422,2.3150439050973977,-7.945928026132707,3.595372147918529,0.1434129890174012,2.3948652135349606,False,False,0.0003839781406787738,0.1427917881750359,0.0011974326067674802,0.0003744747072917304,0.14276749834885727,0.0023948652135349605,0.00035546784051764343,0.14277917338357593,0.004789730427069921
23,252,2021-12-16T00:00:00,2022-12-22T00:00:00,2022-12-23T00:00:00,2023-06-28T00:00:00,37,4,BRAZIL IBOVESPA INDEX | Cboe Volatility Index | FTSE 100 INDEX | US Generic Govt 10 Yr,poet_soft_c0_5,,unconstrained,3.907905021753105e-05,6.29933727809194e-05,0.12599337260662438,1.6119473843471321,-8.537976650281113,3.5814059989386773,0.1615619989312659,2.8213095748099244,False,False,0.00022521446396419888,0.12593523296610684,0.001410654787404962,0.0002140187910482865,0.12590867980953666,0.002821309574809924,0.0001916274452164617,0.1259503890936301,0.005642619149619848
23,252,2021-12-16T00:00:00,2022-12-22T00:00:00,2022-12-23T00:00:00,2023-06-28T00:00:00,37,4,BRAZIL IBOVESPA INDEX | Cboe Volatility Index | FTSE 100 INDEX | US Generic Govt 10 Yr,structured_q0,,unconstrained,1.614505123004156e-05,8.358862110542645e-05,0.1451355660014714,5.177352484945399,-5.856544495692483,2.0575398966206855,0.07529146814764404,0.8130861115050638,False,False,-0.001239790896903045,0.14510512283483967,0.0004065430557525319,-0.0012430174290915573,0.14507695177486005,0.0008130861115050638,-0.0012494704934685817,0.145027431164251,0.0016261722230101277
23,252,2021-12-16T00:00:00,2022-12-22T00:00:00,2022-12-23T00:00:00,2023-06-28T00:00:00,37,4,BRAZIL IBOVESPA INDEX | Cboe Volatility Index | FTSE 100 INDEX | US Generic Govt 10 Yr,residual_aware_qr,0.25,unconstrained,3.292379972876185e-05,5.848419925761843e-05,0.12140023975643477,1.7763502311225432,-8.544964534584185,2.1325614136326783,0.11139954855622364,1.232843898162428,False,False,-0.0004937090302594824,0.12134773389595692,0.0006164219490812139,-0.0004986012679506031,0.12130147045491793,0.0012328438981624279,-0.0005083857433328447,0.12122769845394142,0.0024656877963248557
1,504,2010-07-02T00:00:00,2012-10-04T00:00:00,2012-10-05T00:00:00,2013-04-12T00:00:00,16,3,Cboe Volatility Index | BRAZIL IBOVESPA INDEX | DAX INDEX,equal_weight,,unconstrained,0.00019515397499071796,5.161744329732157e-05,0.11405084704168153,0.264495987333984,-8.27722570831171,1.0000000000000002,0.006666666666666667,1.0000000000000002,True,False,0.0008820475652926561,0.11405084704168153,0.0,0.0008820475652926561,0.11405084704168153,0.0,0.0008820475652926561,0.11405084704168153,0.0
1,504,2010-07-02T00:00:00,2012-10-04T00:00:00,2012-10-05T00:00:00,2013-04-12T00:00:00,16,3,Cboe Volatility Index | BRAZIL IBOVESPA INDEX | DAX INDEX,sample_covariance,,unconstrained,1.8580217566895118e-05,3.3819634102362804e-05,0.09231764616689177,1.820195806674523,-9.073217308236604,4.104986716423927,0.13079022337022314,4.104986716423927,True,False,1.9748641890743606e-05,0.09231764616689178,0.0,1.9748641890743606e-05,0.09231764616689178,0.0,1.9748641890743606e-05,0.09231764616689178,0.0
1,504,2010-07-02T00:00:00,2012-10-04T00:00:00,2012-10-05T00:00:00,2013-04-12T00:00:00,16,3,Cboe Volatility Index | BRAZIL IBOVESPA INDEX | DAX INDEX,ridge_10pct,,unconstrained,2.3078209627629977e-05,2.6940380039803253e-05,0.08239524118558317,1.1673513879321626,-9.509270303860818,2.922105752781465,0.08427206090716208,2.922105752781465,True,False,0.0001784079476926167,0.08239524118558315,0.0,0.0001784079476926167,0.08239524118558315,0.0,0.0001784079476926167,0.08239524118558315,0.0
1,504,2010-07-02T00:00:00,2012-10-04T00:00:00,2012-10-05T00:00:00,2013-04-12T00:00:00,16,3,Cboe Volatility Index | BRAZIL IBOVESPA INDEX | DAX INDEX,ledoit_wolf,,unconstrained,1.9841334845496378e-05,3.101376641452127e-05,0.08840514202499401,1.5630887062803052,-9.264654471571504,3.681321887881888,0.11503677091350328,3.681321887881888,True,False,5.930776321792919e-05,0.088405142024994,0.0,5.930776321792919e-05,0.088405142024994,0.0,5.930776321792919e-05,0.088405142024994,0.0
1,504,2010-07-02T00:00:00,2012-10-04T00:00:00,2012-10-05T00:00:00,2013-04-12T00:00:00,16,3,Cboe Volatility Index | BRAZIL IBOVESPA INDEX | DAX INDEX,oas_shrinkage,,unconstrained,1.9303744282736016e-05,3.2058117128700257e-05,0.08988128568524409,1.6607201514460022,-9.19449132513699,3.84756660714068,0.12126138395199598,3.84756660714068,True,False,4.248307007704758e-05,0.08988128568524409,0.0,4.248307007704758e-05,0.08988128568524409,0.0,4.248307007704758e-05,0.08988128568524409,0.0
1,504,2010-07-02T00:00:00,2012-10-04T00:00:00,2012-10-05T00:00:00,2013-04-12T00:00:00,16,3,Cboe Volatility Index | BRAZIL IBOVESPA INDEX | DAX INDEX,nonlinear_shrinkage_qis,,unconstrained,2.1881875081506328e-05,2.684268029664526e-05,0.08224570161871443,1.2267084149169467,-9.50314347074194,2.8886137456263166,0.08490324229631645,2.8886137456263166,True,False,0.00018695602526746925,0.08224570161871443,0.0,0.00018695602526746925,0.08224570161871443,0.0,0.00018695602526746925,0.08224570161871443,0.0
1,504,2010-07-02T00:00:00,2012-10-04T00:00:00,2012-10-05T00:00:00,2013-04-12T00:00:00,16,3,Cboe Volatility Index | BRAZIL IBOVESPA INDEX | DAX INDEX,pca_matched,,unconstrained,7.7473778929336e-06,2.9165928637768004e-05,0.08573105631401923,3.7646193384177518,-8.003536769825603,2.310306466739292,0.07708160586045487,2.310306466739292,True,False,0.000783498670293769,0.08573105631401923,0.0,0.000783498670293769,0.08573105631401923,0.0,0.000783498670293769,0.08573105631401923,0.0
1,504,2010-07-02T00:00:00,2012-10-04T00:00:00,2012-10-05T00:00:00,2013-04-12T00:00:00,16,3,Cboe Volatility Index | BRAZIL IBOVESPA INDEX | DAX INDEX,pca_plus_two,,unconstrained,1.2381538187721853e-05,2.663695238425961e-05,0.08192992127930689,2.1513443629059057,-9.147959687723441,2.7273202289986695,0.09715030140712093,2.7273202289986695,True,False,0.00013757437068874853,0.08192992127930687,0.0,0.00013757437068874853,0.08192992127930687,0.0,0.00013757437068874853,0.08192992127930687,0.0
1,504,2010-07-02T00:00:00,2012-10-04T00:00:00,2012-10-05T00:00:00,2013-04-12T00:00:00,16,3,Cboe Volatility Index | BRAZIL IBOVESPA INDEX | DAX INDEX,poet_soft_c0_5,,unconstrained,1.256165921705119e-05,2.490025327201608e-05,0.07921403805227993,1.9822423807052885,-9.302618921675395,2.4852392620343586,0.08098688871576076,2.4852392620343586,True,False,0.0005314632674787288,0.07921403805227993,0.0,0.0005314632674787288,0.07921403805227993,0.0,0.0005314632674787288,0.07921403805227993,0.0
1,504,2010-07-02T00:00:00,2012-10-04T00:00:00,2012-10-05T00:00:00,2013-04-12T00:00:00,16,3,Cboe Volatility Index | BRAZIL IBOVESPA INDEX | DAX INDEX,structured_q0,,unconstrained,9.828264460825478e-06,2.9090921889173718e-05,0.08562074699552542,2.959924613865179,-8.5703235808863,2.244586409389001,0.09130209744172577,2.244586409389001,True,False,0.0008978085964720867,0.08562074699552544,0.0,0.0008978085964720867,0.08562074699552544,0.0,0.0008978085964720867,0.08562074699552544,0.0
1,504,2010-07-02T00:00:00,2012-10-04T00:00:00,2012-10-05T00:00:00,2013-04-12T00:00:00,16,3,Cboe Volatility Index | BRAZIL IBOVESPA INDEX | DAX INDEX,residual_aware_qr,0.5,unconstrained,1.8843439879761138e-05,2.468136767888513e-05,0.07886510416577824,1.3098122124397382,-9.569533509191281,2.5010542243589997,0.10721850963978327,2.5010542243589997,True,False,0.0004661179972660798,0.07886510416577826,0.0,0.0004661179972660798,0.07886510416577826,0.0,0.0004661179972660798,0.07886510416577826,0.0
2,504,2011-03-23T00:00:00,2013-04-12T00:00:00,2013-04-15T00:00:00,2013-10-16T00:00:00,17,3,Cboe Volatility Index | S&P/BMV IPC | DAX INDEX,equal_weight,,unconstrained,0.00017765344697367514,7.622208643936285e-05,0.13859280566724752,0.4290492964690829,-8.20662653604344,1.0000000000000002,0.006666666666666667,0.104959973006346,False,False,0.0012527127218891615,0.13861605724586867,5.2479986503173004e-05,0.0012522962140597712,0.1386393446560405,0.00010495997300634601,0.0012514631984009907,0.13868602689880857,0.00020991994601269202
2,504,2011-03-23T00:00:00,2013-04-12T00:00:00,2013-04-15T00:00:00,2013-10-16T00:00:00,17,3,Cboe Volatility Index | S&P/BMV IPC | DAX INDEX,sample_covariance,,unconstrained,1.8095642623839107e-05,4.655031150118198e-05,0.10830825683343749,2.5724597058441483,-8.347379681845048,4.41985131909505,0.142880915093938,2.5386169136177124,False,False,-0.0002645707544242208,0.10858675795351945,0.0012693084568088562,-0.0002746446310655609,0.10889414163878922,0.0025386169136177123,-0.0002947923843482412,0.10959456177902228,0.005077233827235425
2,504,2011-03-23T00:00:00,2013-04-12T00:00:00,2013-04-15T00:00:00,2013-10-16T00:00:00,17,3,Cboe Volatility Index | S&P/BMV IPC | DAX INDEX,ridge_10pct,,unconstrained,2.2618250971667638e-05,3.985154645018792e-05,0.10021272227340874,1.7619198982320634,-8.934833514241195,3.1200396526815575,0.08717360514147122,1.316725652952156,False,False,-0.00023974753810377102,0.10035610421810813,0.000658362826476078,-0.0002449726399012002,0.10050790699576495,0.001316725652952156,-0.0002554228434960586,0.1008366208164072,0.002633451305904312
2,504,2011-03-23T00:00:00,2013-04-12T00:00:00,2013-04-15T00:00:00,2013-10-16T00:00:00,17,3,Cboe Volatility Index | S&P/BMV IPC | DAX INDEX,ledoit_wolf,,unconstrained,1.9578050988724915e-05,4.287145441333129e-05,0.10394039884548974,2.189771312681796,-8.651330154057781,3.9134043250894854,0.12457758729914906,2.0561292486203637,False,False,-0.0002552026969524405,0.10416554289017611,0.0010280646243101819,-0.0002633619400025213,0.10441044874215318,0.0020561292486203637,-0.0002796804261026828,0.10495898137303086,0.0041122584972407275
2,504,2011-03-23T00:00:00,2013-04-12T00:00:00,2013-04-15T00:00:00,2013-10-16T00:00:00,17,3,Cboe Volatility Index | S&P/BMV IPC | DAX INDEX,oas_shrinkage,,unconstrained,1.88923484135245e-05,4.427168514279894e-05,0.10562416700729682,2.3433659052733797,-8.533387658442766,4.1299477848278165,0.13308578631750978,2.244594119922114,False,False,-0.0002572555910346034,0.10587002410970438,0.0011222970599610571,-0.0002661627105581038,0.10613904821862984,0.0022445941199221143,-0.00028397694960510475,0.10674588174061181,0.0044891882398442285
2,504,2011-03-23T00:00:00,2013-04-12T00:00:00,2013-04-15T00:00:00,2013-10-16T00:00:00,17,3,Cboe Volatility Index | S&P/BMV IPC | DAX INDEX,nonlinear_shrinkage_qis,,unconstrained,2.1682101494131865e-05,4.0751866485358545e-05,0.10133839526216286,1.879516452608978,-8.859507001095334,3.1154398015163105,0.08449553855181159,1.2965412691769327,False,False,-0.0002799479742493015,0.10147464259824558,0.0006482706345884664,-0.000285092979285718,0.10161897876792347,0.0012965412691769327,-0.0002953829893585508,0.10193177823628767,0.0025930825383538654
2,504,2011-03-23T00:00:00,2013-04-12T00:00:00,2013-04-15T00:00:00,2013-10-16T00:00:00,17,3,Cboe Volatility Index | S&P/BMV IPC | DAX INDEX,pca_matched,,unconstrained,8.460608972179228e-06,4.903024093640277e-05,0.11115583977449632,5.795119606357825,-5.884969798051839,2.388820814059023,0.0841716386215017,0.8312849747247439,False,False,-0.00028318089139757284,0.11120902215924935,0.00041564248736237195,-0.0002864796412972742,0.11126528451394234,0.0008312849747247439,-0.0002930771410966769,0.11138703020908847,0.0016625699494494878
2,504,2011-03-23T00:00:00,2013-04-12T00:00:00,2013-04-15T00:00:00,2013-10-16T00:00:00,17,3,Cboe Volatility Index | S&P/BMV IPC | DAX INDEX,pca_plus_two,,unconstrained,1.3446362477539686e-05,5.453058853691216e-05,0.11722503278439236,4.055415628427247,-7.161386307833337,2.810265817957575,0.09468945930693823,0.9784268794442992,False,False,-0.00031840049000833115,0.11730375817328799,0.0004892134397221496,-0.00032228313635533244,0.11738650847099513,0.0009784268794442992,-0.0003300484290493348,0.11756404938310791,0.0019568537588885984
2,504,2011-03-23T00:00:00,2013-04-12T00:00:00,2013-04-15T00:00:00,2013-10-16T00:00:00,17,3,Cboe Volatility Index | S&P/BMV IPC | DAX INDEX,poet_soft_c0_5,,unconstrained,1.3244111089128641e-05,4.0837583912007676e-05,0.10144491680624482,3.0834522330101106,-8.148505317420875,2.5973757763335286,0.07930754347213019,0.9216620376893954,False,False,-0.0002198191305650074,0.1015083204623211,0.00046083101884469765,-0.0002234765196034574,0.10157586603740248,0.0009216620376893953,-0.00023079129768035735,0.10172334943520887,0.0018433240753787906
2,504,2011-03-23T00:00:00,2013-04-12T00:00:00,2013-04-15T00:00:00,2013-10-16T00:00:00,17,3,Cboe Volatility Index | S&P/BMV IPC | DAX INDEX,structured_q0,,unconstrained,9.767329730559778e-06,5.9394767536310626e-05,0.1223416585597493,6.080962676060557,-5.45550476635226,2.299470978310572,0.0958573347246096,0.4094998140569013,False,False,-0.0003608816093304943,0.12235959414992736,0.00020474990702845064,-0.00036250660859262493,0.12237821224391747,0.0004094998140569013,-0.0003657566071168859,0.12241749468632003,0.0008189996281138026
2,504,2011-03-23T00:00:00,2013-04-12T00:00:00,2013-04-15T00:00:00,2013-10-16T00:00:00,17,3,Cboe Volatility Index | S&P/BMV IPC | DAX INDEX,residual_aware_qr,0.5,unconstrained,1.8586627378776813e-05,4.412822967454642e-05,0.10545289886003939,2.3741924113104216,-8.518875782639316,2.6456083331848568,0.09945436811326643,0.918237181188363,False,False,-0.0002785370445339565,0.10552498461033138,0.00045911859059418153,-0.0002821808428720056,0.10560101342106795,0.0009182371811883631,-0.00028946843954810367,0.1057648657693618,0.0018364743623767261
3,504,2011-09-29T00:00:00,2013-10-16T00:00:00,2013-10-17T00:00:00,2014-04-24T00:00:00,18,4,Cboe Volatility Index | S&P/BMV IPC | DAX INDEX | Brazilian Real Spot,equal_weight,,unconstrained,0.00011498977431918743,6.107449447096945e-05,0.12405955266195466,0.5311297881274164,-8.539537564390722,1.0000000000000002,0.006666666666666667,0.12849936976896004,False,False,0.000658618628748638,0.12404810595833611,6.424968488448002e-05,0.0006581087106146343,0.124036724759665,0.00012849936976896004,0.0006570888743466267,0.12401415894920063,0.0002569987395379201
3,504,2011-09-29T00:00:00,2013-10-16T00:00:00,2013-10-17T00:00:00,2014-04-24T00:00:00,18,4,Cboe Volatility Index | S&P/BMV IPC | DAX INDEX | Brazilian Real Spot,sample_covariance,,unconstrained,1.4617573820522366e-05,3.1094004420369904e-05,0.08851942788977578,2.1271658896441097,-9.006120177118325,4.148878500616479,0.11882351587137727,3.343155695340619,False,False,0.0004509425211380312,0.08852931085658386,0.0016715778476703096,0.000437676030283505,0.08860228742844846,0.0033431556953406193,0.00041114304857445245,0.08893676585747157,0.0066863113906812386
3,504,2011-09-29T00:00:00,2013-10-16T00:00:00,2013-10-17T00:00:00,2014-04-24T00:00:00,18,4,Cboe Volatility Index | S&P/BMV IPC | DAX INDEX | Brazilian Real Spot,ridge_10pct,,unconstrained,1.7585996497359037e-05,2.4917111889372047e-05,0.07924084928950317,1.4168723332291095,-9.531535292950498,2.939595870071578,0.0789470323147877,2.1819486894336166,False,False,0.00031911613857093244,0.07918433165446326,0.0010909743447168082,0.00031045761202556097,0.07915785155680785,0.0021819486894336165,0.00029314055893481803,0.07919509031746087,0.004363897378867233
3,504,2011-09-29T00:00:00,2013-10-16T00:00:00,2013-10-17T00:00:00,2014-04-24T00:00:00,18,4,Cboe Volatility Index | S&P/BMV IPC | DAX INDEX | Brazilian Real Spot,ledoit_wolf,,unconstrained,1.563290747422218e-05,2.817900375534834e-05,0.08426807786076398,1.8025440118425824,-9.263588400163465,3.66797311024573,0.10515524289502566,2.905913757481054,False,False,0.0003870768466837176,0.08425476350303429,0.001452956878740527,0.00037554544288418963,0.08429155197481308,0.002905913757481054,0.0003524826352851336,0.08451508659027165,0.005811827514962108
3,504,2011-09-29T00:00:00,2013-10-16T00:00:00,2013-10-17T00:00:00,2014-04-24T00:00:00,18,4,Cboe Volatility Index | S&P/BMV IPC | DAX INDEX | Brazilian Real Spot,oas_shrinkage,,unconstrained,1.5311266345888923e-05,2.896623308742724e-05,0.08543705717094699,1.8918247800714847,-9.195096857999829,3.807606497351971,0.10947572136719849,3.0908441863286704,False,False,0.00040385741283732317,0.08543146184957377,0.0015454220931643353,0.00039159215812966964,0.08548176371169966,0.0030908441863286705,0.0003670616487143628,0.08574955619494887,0.006181688372657341
3,504,2011-09-29T00:00:00,2013-10-16T00:00:00,2013-10-17T00:00:00,2014-04-24T00:00:00,18,4,Cboe Volatility Index | S&P/BMV IPC | DAX INDEX | Brazilian Real Spot,nonlinear_shrinkage_qis,,unconstrained,1.7296099555917823e-05,2.482391179007294e-05,0.07909251400163217,1.4352317821609377,-9.52979775891485,2.896765126165149,0.0731818497278698,2.148967893174986,False,False,0.00034813570100296424,0.07902421863712668,0.0010744839465874928,0.00033960805063322226,0.07898510336971341,0.0021489678931749857,0.00032255274989373824,0.07899455417668888,0.004297935786349971
3,504,2011-09-29T00:00:00,2013-10-16T00:00:00,2013-10-17T00:00:00,2014-04-24T00:00:00,18,4,Cboe Volatility Index | S&P/BMV IPC | DAX INDEX | Brazilian Real Spot,pca_matched,,unconstrained,9.882399275187724e-06,3.0078687953855384e-05,0.08706221548049163,3.0436624868391604,-8.4810927472284,2.5820066924677754,0.08891276470889983,1.3543194826761322,False,False,0.00035392536263772643,0.08697287888198428,0.0006771597413380661,0.0003485510789763132,0.0868940051955842,0.0013543194826761322,0.0003378025116534867,0.08676775690620042,0.0027086389653522645
3,504,2011-09-29T00:00:00,2013-10-16T00:00:00,2013-10-17T00:00:00,2014-04-24T00:00:00,18,4,Cboe Volatility Index | S&P/BMV IPC | DAX INDEX | Brazilian Real Spot,pca_plus_two,,unconstrained,9.582581222183739e-06,3.126312933184328e-05,0.0887598365907943,3.262495626905716,-8.293067936726551,2.5806815094610656,0.08875524593340121,1.7158007681208018,False,False,0.00030299114825805423,0.08864690566747425,0.000857900384060401,0.0002961824150512257,0.08855045538836906,0.001715800768120802,0.00028256494863756847,0.08840720330637152,0.003431601536241604
3,504,2011-09-29T00:00:00,2013-10-16T00:00:00,2013-10-17T00:00:00,2014-04-24T00:00:00,18,4,Cboe Volatility Index | S&P/BMV IPC | DAX INDEX | Brazilian Real Spot,poet_soft_c0_5,,unconstrained,1.2395707862823439e-05,2.5839382758768454e-05,0.08069401746851901,2.084542734043014,-9.213617551325463,2.646876678781644,0.1028326751282031,1.4022730865667337,False,False,0.0002777238121812176,0.08062034142369706,0.0007011365432833669,0.0002721592364408734,0.08055880347390117,0.0014022730865667337,0.00026103008496018503,0.0804722477523826,0.0028045461731334674
3,504,2011-09-29T00:00:00,2013-10-16T00:00:00,2013-10-17T00:00:00,2014-04-24T00:00:00,18,4,Cboe Volatility Index | S&P/BMV IPC | DAX INDEX | Brazilian Real Spot,structured_q0,,unconstrained,8.65361125960319e-06,3.244663801871115e-05,0.09042429308938615,3.7494910558530194,-7.908042781631446,2.231601537693911,0.08374992100984983,0.9091032448763323,False,False,0.0003788711172644638,0.09032843230728393,0.0004545516224381662,0.0003752635647054307,0.09023704923243994,0.0009091032448763324,0.00036804845958736464,0.09006777005388636,0.0018182064897526648
3,504,2011-09-29T00:00:00,2013-10-16T00:00:00,2013-10-17T00:00:00,2014-04-24T00:00:00,18,4,Cboe Volatility Index | S&P/BMV IPC | DAX INDEX | Brazilian Real Spot,residual_aware_qr,0.75,unconstrained,1.600201294600665e-05,2.4119785687127186e-05,0.07796272181726374,1.5072969737314423,-9.53549906078094,2.974390574774949,0.11441922677224922,1.970329965026012,False,False,0.00035457181952849664,0.07791473837042769,0.000985164982513006,0.0003467530498260125,0.07789164985850164,0.001970329965026012,0.0003311155104210442,0.07792022229746975,0.003940659930052024
4,504,2012-04-04T00:00:00,2014-04-24T00:00:00,2014-04-25T00:00:00,2014-10-27T00:00:00,20,4,Cboe Volatility Index | DAX INDEX | S&P/BMV IPC | Brazilian Real Spot,equal_weight,,unconstrained,7.25851578569279e-05,4.719386533604954e-05,0.10905436288697708,0.6501861638032536,-8.880563930462808,1.0000000000000002,0.006666666666666667,0.08499941137674942,False,False,0.00045639267469138145,0.10906268054767607,4.2499705688374714e-05,0.00045605537543988645,0.10907103069424225,8.499941137674943e-05,0.0004553807769368963,0.1090878284151074,0.00016999882275349886
4,504,2012-04-04T00:00:00,2014-04-24T00:00:00,2014-04-25T00:00:00,2014-10-27T00:00:00,20,4,Cboe Volatility Index | DAX INDEX | S&P/BMV IPC | Brazilian Real Spot,sample_covariance,,unconstrained,1.3019296292122949e-05,3.369865177374333e-05,0.09215237515649458,2.5883619988072617,-8.660715972061292,4.119958800841051,0.13245525631206917,2.6801340024838565,False,False,0.0008954940806601528,0.09193475824901866,0.0013400670012419283,0.0008848586282693435,0.09175577594843257,0.0026801340024838567,0.0008635877234877258,0.09151457297009953,0.005360268004967713
4,504,2012-04-04T00:00:00,2014-04-24T00:00:00,2014-04-25T00:00:00,2014-10-27T00:00:00,20,4,Cboe Volatility Index | DAX INDEX | S&P/BMV IPC | Brazilian Real Spot,ridge_10pct,,unconstrained,1.5418556840056233e-05,2.6549264049200585e-05,0.08179495424779298,1.7219033094088043,-9.358035474939143,3.084696404395839,0.07719014871955446,1.6194754700792573,False,False,0.0008592683522089001,0.08168995268460096,0.0008097377350396286,0.0008528418622482681,0.08160088786051486,0.0016194754700792572,0.0008399888823270043,0.0814707681444262,0.0032389509401585144
4,504,2012-04-04T00:00:00,2014-04-24T00:00:00,2014-04-25T00:00:00,2014-10-27T00:00:00,20,4,Cboe Volatility Index | DAX INDEX | S&P/BMV IPC | Brazilian Real Spot,ledoit_wolf,,unconstrained,1.4037934978620769e-05,3.025099527517155e-05,0.087311229571821,2.1549462453874195,-9.018801006091522,3.6492342011268937,0.10485628042813908,2.2497536858050315,False,False,0.0008830600264746102,0.08714652736101816,0.001124876842902516,0.0008741324324833205,0.08701060305774774,0.002249753685805032,0.0008562772445007408,0.08682560017753878,0.004499507371610064
4,504,2012-04-04T00:00:00,2014-04-24T00:00:00,2014-04-25T00:00:00,2014-10-27T00:00:00,20,4,Cboe Volatility Index | DAX INDEX | S&P/BMV IPC | Brazilian Real Spot,oas_shrinkage,,unconstrained,1.3831722650889899e-05,3.0883021569936256e-05,0.08821860028148223,2.232767555381059,-8.955778305669167,3.7392439151524988,0.10972498890982167,2.364826737206866,False,False,0.0008859466853394007,0.08804229037831644,0.001182413368603433,0.0008765624522552465,0.0878974445589441,0.002364826737206866,0.000857793986086938,0.08770273488523268,0.004729653474413732
4,504,2012-04-04T00:00:00,2014-04-24T00:00:00,2014-04-25T00:00:00,2014-10-27T00:00:00,20,4,Cboe Volatility Index | DAX INDEX | S&P/BMV IPC | Brazilian Real Spot,nonlinear_shrinkage_qis,,unconstrained,1.5797754288240098e-05,2.5962352623442635e-05,0.08088580135665062,1.643420460259285,-9.412222301429702,2.9441595867484156,0.07566549284070063,1.5105096913850151,False,False,0.0008623563780158298,0.08078157740650113,0.0007552548456925076,0.0008563622919389052,0.08069135811835917,0.0015105096913850152,0.0008443741197850558,0.08055311444614732,0.0030210193827700303
4,504,2012-04-04T00:00:00,2014-04-24T00:00:00,2014-04-25T00:00:00,2014-10-27T00:00:00,20,4,Cboe Volatility Index | DAX INDEX | S&P/BMV IPC | Brazilian Real Spot,pca_matched,,unconstrained,9.786881372734647e-06,3.013455843369114e-05,0.08714303601143449,3.0790767033963706,-8.455391001099422,2.6558020539475704,0.0835989321678525,1.1386473422943666,False,False,0.0005428589899070757,0.08703013012691653,0.0005693236711471833,0.0005383405480725742,0.08692453561737327,0.0011386473422943667,0.0005293036644035713,0.08673538568763202,0.0022772946845887334
4,504,2012-04-04T00:00:00,2014-04-24T00:00:00,2014-04-25T00:00:00,2014-10-27T00:00:00,20,4,Cboe Volatility Index | DAX INDEX | S&P/BMV IPC | Brazilian Real Spot,pca_plus_two,,unconstrained,9.694667351500774e-06,3.0038959109220856e-05,0.08700469927264651,3.098503333852987,-8.445431247351294,2.711856622712073,0.08230441752953953,1.18069337792204,False,False,0.0004906555633315107,0.08690202272898011,0.00059034668896102,0.00048597027214928034,0.08680725459375709,0.00118069337792204,0.0004765996897848196,0.08664154518530783,0.00236138675584408
4,504,2012-04-04T00:00:00,2014-04-24T00:00:00,2014-04-25T00:00:00,2014-10-27T00:00:00,20,4,Cboe Volatility Index | DAX INDEX | S&P/BMV IPC | Brazilian Real Spot,poet_soft_c0_5,,unconstrained,1.2244194731337939e-05,2.4905725913870087e-05,0.07922274250677808,2.0340844343259317,-9.276374198456072,2.6187462431124473,0.08245943237227871,1.2398946488643166,False,False,0.0007050314508261089,0.07914446719576501,0.0006199473244321583,0.0007001112339655363,0.07907583565064656,0.0012398946488643165,0.0006902708002443909,0.07896760090291462,0.002479789297728633
4,504,2012-04-04T00:00:00,2014-04-24T00:00:00,2014-04-25T00:00:00,2014-10-27T00:00:00,20,4,Cboe Volatility Index | DAX INDEX | S&P/BMV IPC | Brazilian Real Spot,structured_q0,,unconstrained,9.245906056224494e-06,3.717570588079666e-05,0.09678986456215732,4.020774779100138,-7.570554913827279,2.3912778784899835,0.0839320783130183,0.7328453783688285,False,False,0.000716517417356073,0.09672405790289833,0.0003664226891844142,0.0007136093007752444,0.09666098455320167,0.0007328453783688284,0.0007077930676135871,0.09654305897899763,0.0014656907567376569
4,504,2012-04-04T00:00:00,2014-04-24T00:00:00,2014-04-25T00:00:00,2014-10-27T00:00:00,20,4,Cboe Volatility Index | DAX INDEX | S&P/BMV IPC | Brazilian Real Spot,residual_aware_qr,0.5,unconstrained,1.4087645997200688e-05,2.5054680815989045e-05,0.07945929502348507,1.7784859742335648,-9.391726340819533,2.658621511927671,0.0792518855488542,1.4982477963394536,False,False,0.0007706298714261312,0.07937077911471836,0.0007491238981697268,0.0007646844436628794,0.07929631980984249,0.0014982477963394537,0.0007527935881363757,0.07918972212968892,0.0029964955926789073
5,504,2012-10-05T00:00:00,2014-10-27T00:00:00,2014-10-28T00:00:00,2015-05-01T00:00:00,21,3,Cboe Volatility Index | DAX INDEX | BRAZIL IBOVESPA INDEX,equal_weight,,unconstrained,5.876236780774115e-05,6.261407632348545e-05,0.12561348348612236,1.0655471972869834,-8.676461713931936,1.0000000000000002,0.006666666666666667,0.09792482030173152,False,False,0.0007922065038344899,0.12560096188051564,4.896241015086577e-05,0.000791817913277737,0.12558847720381666,9.792482030173154e-05,0.0007910407321642313,0.1255636186811711,0.00019584964060346307
5,504,2012-10-05T00:00:00,2014-10-27T00:00:00,2014-10-28T00:00:00,2015-05-01T00:00:00,21,3,Cboe Volatility Index | DAX INDEX | BRAZIL IBOVESPA INDEX,sample_covariance,,unconstrained,1.3704652595111286e-05,3.4966316733367565e-05,0.09386965333273915,2.5514194169242,-8.64635576037631,3.896936672360039,0.12677217686183476,2.719789044296469,False,False,0.0008444706566778975,0.09384486041519416,0.0013598945221482345,0.0008336778430100545,0.09385947521870873,0.002719789044296469,0.0008120922156743681,0.09400680491132578,0.005439578088592938
5,504,2012-10-05T00:00:00,2014-10-27T00:00:00,2014-10-28T00:00:00,2015-05-01T00:00:00,21,3,Cboe Volatility Index | DAX INDEX | BRAZIL IBOVESPA INDEX,ridge_10pct,,unconstrained,1.543865135313807e-05,3.581958880611404e-05,0.09500808586189251,2.320124212069426,-8.758512152707926,2.997225587915823,0.07057230240061664,1.6980547213312969,False,False,0.0006528332327418567,0.09498104450629671,0.0008490273606656483,0.0006460949203556215,0.09496917732459373,0.0016980547213312966,0.0006326182955831508,0.09499098095938406,0.0033961094426625932
5,504,2012-10-05T00:00:00,2014-10-27T00:00:00,2014-10-28T00:00:00,2015-05-01T00:00:00,21,3,Cboe Volatility Index | DAX INDEX | BRAZIL IBOVESPA INDEX,ledoit_wolf,,unconstrained,1.453819320791328e-05,3.473668665690722e-05,0.09356091618587656,2.389340006707278,-8.749391350427771,3.4386731756907976,0.09525707953749292,2.2288821627532798,False,False,0.0007646848122111066,0.09353267501472026,0.0011144410813766399,0.0007558400417239906,0.09353098667807035,0.0022288821627532798,0.0007381505007497581,0.09360725165919512,0.0044577643255065596
5,504,2012-10-05T00:00:00,2014-10-27T00:00:00,2014-10-28T00:00:00,2015-05-01T00:00:00,21,3,Cboe Volatility Index | DAX INDEX | BRAZIL IBOVESPA INDEX,oas_shrinkage,,unconstrained,1.437622572493833e-05,3.4674929256390525e-05,0.09347770949595638,2.411963328889598,-8.73797137820456,3.5172809631266775,0.10041242409391728,2.320816096186679,False,False,0.0007818168391526519,0.09344965722125179,0.0011604080480933393,0.0007726072514693715,0.09345041939060958,0.0023208160961866787,0.0007541880761028104,0.09353835761526125,0.004641632192373357
5,504,2012-10-05T00:00:00,2014-10-27T00:00:00,2014-10-28T00:00:00,2015-05-01T00:00:00,21,3,Cboe Volatility Index | DAX INDEX | BRAZIL IBOVESPA INDEX,nonlinear_shrinkage_qis,,unconstrained,1.5943846156218636e-05,3.789273744796613e-05,0.09771883051330212,2.3766371725298345,-8.66980045157836,2.839519309275383,0.06904340938000816,1.5391325397009104,False,False,0.0005487562062140321,0.09770398219099598,0.0007695662698504552,0.0005426485374056953,0.09770125569328279,0.0015391325397009104,0.0005304331997890213,0.09773216771923174,0.003078265079401821
5,504,2012-10-05T00:00:00,2014-10-27T00:00:00,2014-10-28T00:00:00,2015-05-01T00:00:00,21,3,Cboe Volatility Index | DAX INDEX | BRAZIL IBOVESPA INDEX,pca_matched,,unconstrained,9.169752981451088e-06,5.906429696679737e-05,0.12200083129074546,6.441209167387037,-5.158391042354231,2.66934707851343,0.0729904995319224,1.0267762372328468,False,False,0.00045966659426934517,0.12200461667590609,0.0005133881186164234,0.00045559208539143703,0.12201272234598314,0.0010267762372328467,0.00044744306763562074,0.12204189063878186,0.0020535524744656935
5,504,2012-10-05T00:00:00,2014-10-27T00:00:00,2014-10-28T00:00:00,2015-05-01T00:00:00,21,3,Cboe Volatility Index | DAX INDEX | BRAZIL IBOVESPA INDEX,pca_plus_two,,unconstrained,1.0474222661136714e-05,5.177625249817929e-05,0.11422616000523339,4.9432071642212225,-6.523386139649167,2.7902082288634142,0.07677495222183921,1.0295797531359474,False,False,0.00043030092103382733,0.114242060530447,0.0005147898765679737,0.0004262152870928117,0.11426259752610005,0.0010295797531359474,0.0004180440192107805,0.11431757036936241,0.0020591595062718947
5,504,2012-10-05T00:00:00,2014-10-27T00:00:00,2014-10-28T00:00:00,2015-05-01T00:00:00,21,3,Cboe Volatility Index | DAX INDEX | BRAZIL IBOVESPA INDEX,poet_soft_c0_5,,unconstrained,1.273300337701137e-05,3.8848868950411346e-05,0.09894399918895365,3.0510373554561774,-8.220275888699573,2.688273500563705,0.07193289286809329,1.1113746528333834,False,False,0.0005308151310986234,0.09894800142190747,0.0005556873264166918,0.0005264049142223006,0.09895824447156942,0.0011113746528333835,0.0005175844804696547,0.09899744409206727,0.002222749305666767
5,504,2012-10-05T00:00:00,2014-10-27T00:00:00,2014-10-28T00:00:00,2015-05-01T00:00:00,21,3,Cboe Volatility Index | DAX INDEX | BRAZIL IBOVESPA INDEX,structured_q0,,unconstrained,8.814696556246966e-06,5.955907517902026e-05,0.12251076256849071,6.7567924543937705,-4.882297711881301,2.441140672263161,0.06280104979402411,0.889830535030411,False,False,0.0003174973370656358,0.12255215136293146,0.0004449152675152055,0.0003139662635139278,0.1225967555061458,0.000889830535030411,0.0003069041164105118,0.12269559555941102,0.001779661070060822
5,504,2012-10-05T00:00:00,2014-10-27T00:00:00,2014-10-28T00:00:00,2015-05-01T00:00:00,21,3,Cboe Volatility Index | DAX INDEX | BRAZIL IBOVESPA INDEX,residual_aware_qr,0.5,unconstrained,1.389162389693835e-05,3.624865317237148e-05,0.0955754183848421,2.6093891859799423,-8.574835310825001,2.6102938919411534,0.07156255569273146,1.2367450400913809,False,False,0.0005755169576910088,0.09557943179992535,0.0006183725200456904,0.0005706092392779476,0.09559144577445068,0.0012367450400913808,0.0005607938024518256,0.09563946133390043,0.0024734900801827615
6,504,2013-04-15T00:00:00,2015-05-01T00:00:00,2015-05-04T00:00:00,2015-11-03T00:00:00,22,2,Cboe Volatility Index | DAX INDEX,equal_weight,,unconstrained,6.14935276186069e-05,0.00011092756660272297,0.1671937402652569,1.8038901149193165,-7.892688515744681,1.0000000000000002,0.006666666666666667,0.11360101370292619,False,False,-0.00030663274682481454,0.1671907781492577,5.6800506851463095e-05,-0.0003070835444982388,0.16718785457566207,0.00011360101370292619,-0.0003079851398450875,0.16718212306374305,0.00022720202740585238
6,504,2013-04-15T00:00:00,2015-05-01T00:00:00,2015-05-04T00:00:00,2015-11-03T00:00:00,22,2,Cboe Volatility Index | DAX INDEX,sample_covariance,,unconstrained,1.3711102049358899e-05,8.210893729584358e-05,0.14384523696859963,5.98850019497031,-5.2088044897648675,4.289247383802049,0.1651777843559185,2.645472746888765,False,False,0.00029745653795369004,0.14381041065251612,0.0013227363734443823,0.0002869586302279409,0.14379991220996136,0.0026454727468887647,0.00026596281477644283,0.14385190790827465,0.005290945493777529
6,504,2013-04-15T00:00:00,2015-05-01T00:00:00,2015-05-04T00:00:00,2015-11-03T00:00:00,22,2,Cboe Volatility Index | DAX INDEX,ridge_10pct,,unconstrained,1.6383709888871145e-05,7.427563309312898e-05,0.13681176681655896,4.533505146083043,-6.485717870158983,3.182525198235968,0.10305798085694609,1.6484954991334875,False,False,0.0002940396097713154,0.13679992014746853,0.0008242477495667437,0.00028749796096523014,0.13679800547760082,0.0016484954991334874,0.0002744146633530596,0.13682397164047522,0.003296990998266975
6,504,2013-04-15T00:00:00,2015-05-01T00:00:00,2015-05-04T00:00:00,2015-11-03T00:00:00,22,2,Cboe Volatility Index | DAX INDEX,ledoit_wolf,,unconstrained,1.5135227983066912e-05,7.753596087105698e-05,0.1397821953594461,5.122880273610887,-5.97560527869174,3.65806719330664,0.12379642452424314,2.0590706502236333,False,False,0.00030476034892972724,0.13976430310267085,0.0010295353251118166,0.000296589433651062,0.13976157725207147,0.0020590706502236333,0.00028024760309373155,0.13980162338198215,0.0041181413004472665
6,504,2013-04-15T00:00:00,2015-05-01T00:00:00,2015-05-04T00:00:00,2015-11-03T00:00:00,22,2,Cboe Volatility Index | DAX INDEX,oas_shrinkage,,unconstrained,1.4737789800835175e-05,7.867233758418418e-05,0.1408028020716009,5.3381367659162775,-5.786958862199037,3.8177838158517625,0.131759915385302,2.190140620251727,False,False,0.00030413464597585924,0.14078179967283727,0.0010950703101258634,0.00029544361176851106,0.14077783164606505,0.002190140620251727,0.0002780615433538149,0.14082099828671563,0.004380281240503454
6,504,2013-04-15T00:00:00,2015-05-01T00:00:00,2015-05-04T00:00:00,2015-11-03T00:00:00,22,2,Cboe Volatility Index | DAX INDEX,nonlinear_shrinkage_qis,,unconstrained,1.7155272869525838e-05,7.133932952322029e-05,0.13408024104934893,4.1584491290689725,-6.814755846589219,3.0854590490237648,0.09563069971664563,1.5997257340090774,False,False,0.0002804148219218588,0.13406780604751678,0.0007998628670045386,0.00027406670392975926,0.13406491457261177,0.0015997257340090772,0.0002613704679455602,0.13408776263540265,0.0031994514680181545
6,504,2013-04-15T00:00:00,2015-05-01T00:00:00,2015-05-04T00:00:00,2015-11-03T00:00:00,22,2,Cboe Volatility Index | DAX INDEX,pca_matched,,unconstrained,8.609395655759546e-06,6.661056044011486e-05,0.12956026100200996,7.736961234387397,-3.925695198569433,2.6639228945592217,0.08309494540972705,0.9421224805352632,False,False,0.00042464281680573197,0.1295508573934698,0.0004710612402676316,0.0004209042355337666,0.1295448789671968,0.0009421224805352632,0.00041342707298983614,0.12954319928663074,0.0018842449610705263
6,504,2013-04-15T00:00:00,2015-05-01T00:00:00,2015-05-04T00:00:00,2015-11-03T00:00:00,22,2,Cboe Volatility Index | DAX INDEX,pca_plus_two,,unconstrained,1.386728419337887e-05,6.072090711790295e-05,0.12369991347495576,4.378716572845244,-6.807261574335135,2.9768405241208864,0.11245843300831443,1.5475822826766297,False,False,0.00044384429432657607,0.12369181369287206,0.0007737911413383149,0.000437703094792145,0.12369339499938732,0.0015475822826766298,0.00042542069572328294,0.12372559712090296,0.0030951645653532595
6,504,2013-04-15T00:00:00,2015-05-01T00:00:00,2015-05-04T00:00:00,2015-11-03T00:00:00,22,2,Cboe Volatility Index | DAX INDEX,poet_soft_c0_5,,unconstrained,1.3593025204616604e-05,6.089240494149487e-05,0.12387447697268679,4.479680131896906,-6.726273617480958,2.835886934635787,0.09905131321039234,1.2101817425270256,False,False,0.000412006819387799,0.12385726953901652,0.0006050908712635128,0.00040720451088570764,0.12384597260272297,0.0012101817425270256,0.0003975998938815249,0.1238411158459576,0.002420363485054051
6,504,2013-04-15T00:00:00,2015-05-01T00:00:00,2015-05-04T00:00:00,2015-11-03T00:00:00,22,2,Cboe Volatility Index | DAX INDEX,structured_q0,,unconstrained,9.914485167625085e-06,6.619828140574554e-05,0.12915868888405407,6.676925759283038,-4.844587962654168,2.5271680628525255,0.08212952184681802,0.7818659364299497,False,False,0.0004837725368400768,0.12914674510526303,0.00039093296821497486,0.0004806698942351959,0.12913716716213894,0.0007818659364299497,0.0004744646090254346,0.1291251107587008,0.0015637318728598994
6,504,2013-04-15T00:00:00,2015-05-01T00:00:00,2015-05-04T00:00:00,2015-11-03T00:00:00,22,2,Cboe Volatility Index | DAX INDEX,residual_aware_qr,0.75,unconstrained,1.5387229107912448e-05,7.091781770385291e-05,0.13368354446741354,4.608875139669261,-6.473097531624217,3.2085525667041246,0.10945682480724586,1.6333079975912623,False,False,0.0003240462743308203,0.1336651577441281,0.0008166539987956312,0.00031756489338799785,0.13365674851338166,0.0016333079975912625,0.0003046021315023528,0.13366986782752407,0.003266615995182525
7,504,2013-10-17T00:00:00,2015-11-03T00:00:00,2015-11-04T00:00:00,2016-05-09T00:00:00,23,2,Cboe Volatility Index | DAX INDEX,equal_weight,,unconstrained,7.021346339412711e-05,0.000126948301268549,0.1788602021682698,1.8080336039821017,-7.755936875097911,1.0000000000000002,0.006666666666666667,0.11569355854469224,False,False,-3.862067127221685e-05,0.1788626115429409,5.7846779272346116e-05,-3.907977269501321e-05,0.1788650583016344,0.00011569355854469223,-3.999797554060604e-05,0.1788700639649289,0.00023138711708938447
7,504,2013-10-17T00:00:00,2015-11-03T00:00:00,2015-11-04T00:00:00,2016-05-09T00:00:00,23,2,Cboe Volatility Index | DAX INDEX,sample_covariance,,unconstrained,1.8384560789601756e-05,6.5809062079788e-05,0.12877842848903917,3.5795830443232224,-7.324416288778739,4.870188944386051,0.18572068318475474,3.390097648750664,False,False,0.0007928395458238398,0.12884368954186384,0.0016950488243753319,0.0007793867773764166,0.128953486914786,0.0033900976487506638,0.00075248124048157,0.12930619079970398,0.0067801952975013275
7,504,2013-10-17T00:00:00,2015-11-03T00:00:00,2015-11-04T00:00:00,2016-05-09T00:00:00,23,2,Cboe Volatility Index | DAX INDEX,ridge_10pct,,unconstrained,2.1530188832016337e-05,5.29655924948127e-05,0.11553064229325828,2.460061679349999,-8.285992796630097,3.4847465173295493,0.10665814048390765,2.008580956793285,False,False,0.0007340133570866216,0.11555877163990931,0.0010042904783966425,0.0007260427977342673,0.11560434461825647,0.002008580956793285,0.0007101016790295587,0.11574773116731221,0.00401716191358657
7,504,2013-10-17T00:00:00,2015-11-03T00:00:00,2015-11-04T00:00:00,2016-05-09T00:00:00,23,2,Cboe Volatility Index | DAX INDEX,ledoit_wolf,,unconstrained,2.007319551396772e-05,5.790289677984081e-05,0.12079540549424835,2.8845878943165624,-7.931537295079508,4.10545658576147,0.1423815661034569,2.5845819445557816,False,False,0.0007819847298464098,0.12083485533763273,0.0012922909722778908,0.0007717284522886487,0.12090192142493639,0.0025845819445557815,0.0007512158971731267,0.1211186999404947,0.005169163889111563
7,504,2013-10-17T00:00:00,2015-11-03T00:00:00,2015-11-04T00:00:00,2016-05-09T00:00:00,23,2,Cboe Volatility Index | DAX INDEX,oas_shrinkage,,unconstrained,1.9568426866226187e-05,5.991589760893786e-05,0.12287719966475612,3.0618658320638303,-7.779727332688951,4.320921405891205,0.154841566105118,2.800396273411316,False,False,0.0007909420099763623,0.12292229183496427,0.001400198136705658,0.0007798293263517143,0.12299925073656358,0.002800396273411316,0.0007576039591024181,0.12324850523723313,0.005600792546822632
7,504,2013-10-17T00:00:00,2015-11-03T00:00:00,2015-11-04T00:00:00,2016-05-09T00:00:00,23,2,Cboe Volatility Index | DAX INDEX,nonlinear_shrinkage_qis,,unconstrained,2.2052858072594754e-05,5.423887997852643e-05,0.11691106771639997,2.459494356694268,-8.262573989972061,3.45568575688658,0.10526338440182234,1.9782296701469082,False,False,0.0007361276993193171,0.11693582849393465,0.000989114835073454,0.000728277581580639,0.11697731236938631,0.001978229670146908,0.0007125773461032826,0.11711037116435377,0.003956459340293816
7,504,2013-10-17T00:00:00,2015-11-03T00:00:00,2015-11-04T00:00:00,2016-05-09T00:00:00,23,2,Cboe Volatility Index | DAX INDEX,pca_matched,,unconstrained,1.0090431410429273e-05,0.00010190261339607772,0.16024811567008077,10.098935243814568,-1.4049877244614137,2.7957029585098696,0.09476746619554138,0.8309623596972802,False,False,0.0013498865433651138,0.16027204390014513,0.0004154811798486401,0.0013465890736837755,0.1602981223673307,0.0008309623596972802,0.0013399941343210987,0.1603567257303067,0.0016619247193945604
7,504,2013-10-17T00:00:00,2015-11-03T00:00:00,2015-11-04T00:00:00,2016-05-09T00:00:00,23,2,Cboe Volatility Index | DAX INDEX,pca_plus_two,,unconstrained,1.405721143701058e-05,9.122855276224402e-05,0.15162320170767232,6.4898044090062275,-4.6825706153179265,3.126221027361548,0.11643343229067019,1.70325516451565,False,False,0.0010740360455787808,0.15165274869046974,0.0008516275822578249,0.0010672770965132426,0.1516918526250487,0.0017032551645156499,0.001053759198382166,0.15179870000159845,0.0034065103290312998
7,504,2013-10-17T00:00:00,2015-11-03T00:00:00,2015-11-04T00:00:00,2016-05-09T00:00:00,23,2,Cboe Volatility Index | DAX INDEX,poet_soft_c0_5,,unconstrained,1.7045666800764855e-05,5.7457829556687675e-05,0.1203302665512102,3.3708173595244446,-7.608797173593725,3.1579076406145132,0.11958353158350926,1.4041661592280699,False,False,0.0008152306106014449,0.12035670723868758,0.0007020830796140349,0.000809658522668,0.12039133103756154,0.0014041661592280698,0.0007985143468011107,0.12048509808319471,0.0028083323184561397
7,504,2013-10-17T00:00:00,2015-11-03T00:00:00,2015-11-04T00:00:00,2016-05-09T00:00:00,23,2,Cboe Volatility Index | DAX INDEX,structured_q0,,unconstrained,1.0944042942159018e-05,9.593411663768275e-05,0.155484395978169,8.765875384874638,-2.656839888408749,2.6056465429023277,0.09077496025741194,0.78838625667522,False,False,0.001187360178061048,0.15550446925487776,0.00039419312833761,0.0011842316611694796,0.155526538174924,0.00078838625667522,0.001177974627386343,0.15557665947119126,0.00157677251335044
7,504,2013-10-17T00:00:00,2015-11-03T00:00:00,2015-11-04T00:00:00,2016-05-09T00:00:00,23,2,Cboe Volatility Index | DAX INDEX,residual_aware_qr,0.1,unconstrained,1.3990904578192099e-05,7.152443954400249e-05,0.13425408286189522,5.112209803466822,-6.064893308997414,2.5530895752437965,0.0986950159591915,2.2196679280490064,False,False,0.001025109512942447,0.1343138528666014,0.0011098339640245032,0.0010163013068787603,0.13439192797323907,0.0022196679280490064,0.0009986848947513872,0.13460285861185553,0.004439335856098013
8,504,2014-04-25T00:00:00,2016-05-09T00:00:00,2016-05-10T00:00:00,2016-11-09T00:00:00,24,2,Cboe Volatility Index | DAX INDEX,equal_weight,,unconstrained,8.658471488423052e-05,7.862429615269259e-05,0.14075980474012648,0.9080620783682024,-8.446325182097645,1.0000000000000002,0.006666666666666667,0.11865151893372257,False,False,0.0005208817945794249,0.1407496413262294,5.9325759466861286e-05,0.0005204109552185768,0.1407395271934252,0.00011865151893372257,0.0005194692764968806,0.1407194468135481,0.00023730303786744514
8,504,2014-04-25T00:00:00,2016-05-09T00:00:00,2016-05-10T00:00:00,2016-11-09T00:00:00,24,2,Cboe Volatility Index | DAX INDEX,sample_covariance,,unconstrained,1.8004676417104205e-05,5.3785804464661364e-05,0.11642174506978782,2.9873241383869336,-7.937554894473365,5.56759802760439,0.17579354252789814,3.702457151518614,False,False,1.1139698115541275e-05,0.11633345803899668,0.0018512285757593069,-3.552592168262744e-06,0.11630405144484939,0.0037024571515186138,-3.2937172735870814e-05,0.11642196869883709,0.0074049143030372275
8,504,2014-04-25T00:00:00,2016-05-09T00:00:00,2016-05-10T00:00:00,2016-11-09T00:00:00,24,2,Cboe Volatility Index | DAX INDEX,ridge_10pct,,unconstrained,2.3425573575032698e-05,3.660781403887459e-05,0.09604774405365488,1.5627286103206328,-9.09895363422521,3.405353391856453,0.1047043391084788,1.9466765242997413,False,False,0.00021343814671537548,0.0959705651453955,0.0009733382621498705,0.00020571323987291615,0.09591308127855691,0.001946676524299741,0.0001902634261879976,0.09585732825850492,0.003893353048599482
8,504,2014-04-25T00:00:00,2016-05-09T00:00:00,2016-05-10T00:00:00,2016-11-09T00:00:00,24,2,Cboe Volatility Index | DAX INDEX,ledoit_wolf,,unconstrained,2.074239913790237e-05,4.272063115363854e-05,0.10375740479944992,2.0595800355406126,-8.723750649460722,4.370212473447728,0.14122386733199407,2.6965303294158938,False,False,0.00014336975074522693,0.1036806997309472,0.001348265164707947,0.00013266923356500512,0.10363902362767712,0.002696530329415894,0.00011126819920456153,0.10366089180375283,0.005393060658831788
8,504,2014-04-25T00:00:00,2016-05-09T00:00:00,2016-05-10T00:00:00,2016-11-09T00:00:00,24,2,Cboe Volatility Index | DAX INDEX,oas_shrinkage,,unconstrained,2.000487543257616e-05,4.508099222849231e-05,0.10658522431172185,2.2535002719927926,-8.566034270496157,4.671168600650256,0.15080358892156634,2.94568612137053,False,False,0.00011342040125983899,0.10650749229072455,0.001472843060685265,0.00010173117061947975,0.1064704600030594,0.00294568612137053,7.835270933876126e-05,0.10651861777101981,0.00589137224274106
8,504,2014-04-25T00:00:00,2016-05-09T00:00:00,2016-05-10T00:00:00,2016-11-09T00:00:00,24,2,Cboe Volatility Index | DAX INDEX,nonlinear_shrinkage_qis,,unconstrained,2.31773765500379e-05,3.8045979935340574e-05,0.09791622410870338,1.6415136481561095,-9.030820255607983,3.612247014070987,0.11110930252389639,2.058156071878714,False,False,0.00014415895242573647,0.09783375222046874,0.0010290780359393569,0.00013599166642621778,0.0977728756342091,0.0020581560718787137,0.00011965709442718035,0.09771605549511331,0.004116312143757427
8,504,2014-04-25T00:00:00,2016-05-09T00:00:00,2016-05-10T00:00:00,2016-11-09T00:00:00,24,2,Cboe Volatility Index | DAX INDEX,pca_matched,,unconstrained,1.0089909913326094e-05,0.00010531733036437353,0.16291091814799316,10.43788609304403,-1.0660885589071611,2.6880537534322357,0.09634268053222513,0.9202093191910348,False,False,-0.0003975541240097695,0.16289639482168045,0.00046010465959551734,-0.00040120574829227354,0.16288446956407662,0.0009202093191910347,-0.0004085089968572818,0.16286841541343605,0.0018404186383820693
8,504,2014-04-25T00:00:00,2016-05-09T00:00:00,2016-05-10T00:00:00,2016-11-09T00:00:00,24,2,Cboe Volatility Index | DAX INDEX,pca_plus_two,,unconstrained,1.3162654292680855e-05,9.519380510492113e-05,0.15488330732018904,7.232113142852503,-4.006013815579385,3.0021489423855288,0.12165197604102183,1.4485757722042436,False,False,-0.00041985721433562286,0.1548440176131796,0.0007242878861021218,-0.00042560553089198897,0.15481149526604615,0.0014485757722042436,-0.00043710216400472113,0.15476676882861265,0.002897151544408487
8,504,2014-04-25T00:00:00,2016-05-09T00:00:00,2016-05-10T00:00:00,2016-11-09T00:00:00,24,2,Cboe Volatility Index | DAX INDEX,poet_soft_c0_5,,unconstrained,1.760526506651318e-05,4.712605071392638e-05,0.10897598258290424,2.676815744374359,-8.270496804776268,3.112665017250303,0.14216398235989305,1.5802887055275017,False,False,0.00011904319434728678,0.10890225590929166,0.0007901443527637508,0.00011277220742059033,0.10883995230038034,0.0015802887055275017,0.00010023023356719748,0.10874968920948677,0.0031605774110550033
8,504,2014-04-25T00:00:00,2016-05-09T00:00:00,2016-05-10T00:00:00,2016-11-09T00:00:00,24,2,Cboe Volatility Index | DAX INDEX,structured_q0,,unconstrained,1.219751012636444e-05,9.438822725293776e-05,0.15422656472780658,7.7383192368843625,-3.5759594781724067,2.586073397318052,0.1059020609057122,0.7864811167902983,False,False,-0.0006047261815800264,0.15422439870927396,0.0003932405583951492,-0.0006078471383926863,0.15422423804085064,0.0007864811167902984,-0.0006140890520180061,0.15422993270117796,0.0015729622335805967
8,504,2014-04-25T00:00:00,2016-05-09T00:00:00,2016-05-10T00:00:00,2016-11-09T00:00:00,24,2,Cboe Volatility Index | DAX INDEX,residual_aware_qr,0.5,unconstrained,2.103306021114521e-05,4.024713340123865e-05,0.10070887556274342,1.9135177191149815,-8.855897343261585,2.8786836623624947,0.13314919261855546,1.9021843236531764,False,False,0.00010053859118232052,0.10062625181197832,0.0009510921618265882,9.29902406916333e-05,0.10056155227294553,0.0019021843236531764,7.789353971025886e-05,0.10048605472791325,0.003804368647306353
9,504,2014-10-28T00:00:00,2016-11-09T00:00:00,2016-11-10T00:00:00,2017-05-19T00:00:00,25,2,Cboe Volatility Index | S&P/BMV IPC,equal_weight,,unconstrained,9.44037047713809e-05,2.9034272677439452e-05,0.08553734105473902,0.3075543777413424,-8.960375862382017,1.0000000000000002,0.006666666666666667,0.12146826715076542,False,False,0.0010085071856242686,0.08553045056754639,6.073413357538271e-05,0.0010080251686911306,0.08552364578524571,0.00012146826715076541,0.0010070611348248547,0.08551029341690573,0.00024293653430153083
9,504,2014-10-28T00:00:00,2016-11-09T00:00:00,2016-11-10T00:00:00,2017-05-19T00:00:00,25,2,Cboe Volatility Index | S&P/BMV IPC,sample_covariance,,unconstrained,2.0857806198513225e-05,3.19876455418552e-05,0.08978244080301843,1.5336054634612208,-9.244176818317463,5.226041101348423,0.1803732272360243,3.0960587672435858,False,False,0.0014997475937075283,0.08992780043628014,0.0015480293836217928,0.0014874616462184664,0.09012611988739762,0.0030960587672435856,0.0014628897512403427,0.09068015557402033,0.006192117534487171
9,504,2014-10-28T00:00:00,2016-11-09T00:00:00,2016-11-10T00:00:00,2017-05-19T00:00:00,25,2,Cboe Volatility Index | S&P/BMV IPC,ridge_10pct,,unconstrained,2.6243057629490297e-05,2.0573361692118036e-05,0.07200338288173512,0.7839544454987206,-9.764154629664125,3.2885700124945068,0.11186491002205645,1.5042468664749027,False,False,0.0010679361100162756,0.07212173642612807,0.0007521234332374514,0.001061966876419153,0.07225555578958155,0.0015042468664749028,0.0010500284092249078,0.07256923985443224,0.0030084937329498056
9,504,2014-10-28T00:00:00,2016-11-09T00:00:00,2016-11-10T00:00:00,2017-05-19T00:00:00,25,2,Cboe Volatility Index | S&P/BMV IPC,ledoit_wolf,,unconstrained,2.3505243509908838e-05,2.4756665871980806e-05,0.07898531382313527,1.0532401360379193,-9.605046897584382,4.205999431691739,0.12670968051575482,2.17375922696218,False,False,0.0012386567699123714,0.0791184333868345,0.00108687961348109,0.00123003074123395,0.07928113541449552,0.00217375922696218,0.0012127786838771071,0.07969452918608155,0.00434751845392436
9,504,2014-10-28T00:00:00,2016-11-09T00:00:00,2016-11-10T00:00:00,2017-05-19T00:00:00,25,2,Cboe Volatility Index | S&P/BMV IPC,oas_shrinkage,,unconstrained,2.280511757700159e-05,2.6219536531830114e-05,0.08128544276819305,1.149721611533013,-9.5388039805255,4.452914073277764,0.1324666564584857,2.3780579200842085,False,False,0.0012956684638668915,0.08142216289439644,0.0011890289600421042,0.0012862317260887797,0.08159331574493917,0.0023780579200842083,0.0012673582505325555,0.08203801423956208,0.004756115840168417
9,504,2014-10-28T00:00:00,2016-11-09T00:00:00,2016-11-10T00:00:00,2017-05-19T00:00:00,25,2,Cboe Volatility Index | S&P/BMV IPC,nonlinear_shrinkage_qis,,unconstrained,2.6065372700174524e-05,2.1077598875457487e-05,0.07288041517866982,0.8086436790261725,-9.746259161945352,3.476223907615795,0.10778594300556257,1.6640523179701379,False,False,0.0011771396334717943,0.07302997453741,0.000832026158985069,0.0011705362512576271,0.07319814557330785,0.001664052317970138,0.001157329486829293,0.07358979816927624,0.003328104635940276
9,504,2014-10-28T00:00:00,2016-11-09T00:00:00,2016-11-10T00:00:00,2017-05-19T00:00:00,25,2,Cboe Volatility Index | S&P/BMV IPC,pca_matched,,unconstrained,1.0482745630668881e-05,5.7356771438814444e-05,0.12022440019638791,5.471540897740417,-5.994239027984491,2.584025895308552,0.07495780306100212,0.7007832579186806,False,False,0.00039815319645402286,0.12041993374666589,0.00035039162895934026,0.00039537231050990106,0.12061718609591317,0.0007007832579186805,0.0003898105386216577,0.12101681349923808,0.001401566515837361
9,504,2014-10-28T00:00:00,2016-11-09T00:00:00,2016-11-10T00:00:00,2017-05-19T00:00:00,25,2,Cboe Volatility Index | S&P/BMV IPC,pca_plus_two,,unconstrained,1.6735825868768428e-05,3.476538379563992e-05,0.09359955510845797,2.0773031500355987,-8.920655724691088,3.0189547304887046,0.09936098462909473,1.413611886720544,False,False,0.00046933775799496254,0.09379536647666133,0.000706805943360272,0.0004637281870159127,0.09400139960153477,0.001413611886720544,0.00045250904505781314,0.09444386021260824,0.002827223773441088
9,504,2014-10-28T00:00:00,2016-11-09T00:00:00,2016-11-10T00:00:00,2017-05-19T00:00:00,25,2,Cboe Volatility Index | S&P/BMV IPC,poet_soft_c0_5,,unconstrained,2.0168372903264227e-05,2.1856093230810044e-05,0.07421411923727271,1.0836815312589079,-9.727713347142199,3.1199671226417083,0.11460949602016998,1.2986193598356783,False,False,0.0008524089064381525,0.0744630639344149,0.0006493096799178392,0.0008472556550102331,0.07472246448745604,0.0012986193598356784,0.0008369491521543945,0.07527219641382259,0.0025972387196713568
9,504,2014-10-28T00:00:00,2016-11-09T00:00:00,2016-11-10T00:00:00,2017-05-19T00:00:00,25,2,Cboe Volatility Index | S&P/BMV IPC,structured_q0,,unconstrained,1.2289655374233942e-05,5.9628389459767156e-05,0.12258203026488557,4.851917132255957,-6.454835543676183,2.518756745117396,0.08076890418632804,0.8469101159119292,False,False,0.0005170836839423063,0.12280966935546285,0.0004234550579559646,0.0005137229295140843,0.12303980204502658,0.0008469101159119292,0.0005070014206576404,0.12350749231392834,0.0016938202318238585
9,504,2014-10-28T00:00:00,2016-11-09T00:00:00,2016-11-10T00:00:00,2017-05-19T00:00:00,25,2,Cboe Volatility Index | S&P/BMV IPC,residual_aware_qr,0.5,unconstrained,2.3996583168541203e-05,1.9213837946038753e-05,0.06958367022801948,0.8006905737825006,-9.83690853194656,2.7321470511045067,0.1040180124067132,1.1083992686976993,False,False,0.001016642115668015,0.06972645181591589,0.0005541996343488496,0.0010122437058715957,0.06987773287830366,0.0011083992686976992,0.0010034468862787566,0.07020557056086614,0.0022167985373953984
10,504,2015-05-04T00:00:00,2017-05-19T00:00:00,2017-05-22T00:00:00,2017-11-16T00:00:00,26,3,Cboe Volatility Index | CAD-JPY X-RATE | S&P/BMV IPC,equal_weight,,unconstrained,8.61272682798391e-05,2.19965916034083e-05,0.07445227386761866,0.2553963691491806,-9.104288122761739,1.0000000000000002,0.006666666666666667,0.11288002587567252,False,False,0.000793034533193108,0.07444397439954564,5.6440012937836256e-05,0.0007925865965824903,0.07443575959605549,0.00011288002587567251,0.0007916907233612549,0.07441958409468306,0.00022576005175134502
10,504,2015-05-04T00:00:00,2017-05-19T00:00:00,2017-05-22T00:00:00,2017-11-16T00:00:00,26,3,Cboe Volatility Index | CAD-JPY X-RATE | S&P/BMV IPC,sample_covariance,,unconstrained,1.8995524051099523e-05,3.161885890983309e-05,0.08926338804503187,1.6645425956544162,-9.206764587153783,4.847347718212443,0.12893409933852953,2.541670172365393,False,False,0.00033229662231905907,0.08924543574678313,0.0012708350861826965,0.00032221062957157735,0.08926367259559484,0.002541670172365393,0.00030203864407661384,0.08940858121170212,0.005083340344730786
10,504,2015-05-04T00:00:00,2017-05-19T00:00:00,2017-05-22T00:00:00,2017-11-16T00:00:00,26,3,Cboe Volatility Index | CAD-JPY X-RATE | S&P/BMV IPC,ridge_10pct,,unconstrained,2.3079303032438088e-05,2.1939573037649332e-05,0.0743557153518654,0.9506167931853549,-9.725957521496284,3.158812525610265,0.10083827602824605,1.3711595322248638,False,False,0.00034525147450636295,0.07432784435096014,0.0006855797661124319,0.00033981036525150234,0.07431261376574165,0.0013711595322248638,0.00032892814674178125,0.07432009847784246,0.0027423190644497277
10,504,2015-05-04T00:00:00,2017-05-19T00:00:00,2017-05-22T00:00:00,2017-11-16T00:00:00,26,3,Cboe Volatility Index | CAD-JPY X-RATE | S&P/BMV IPC,ledoit_wolf,,unconstrained,2.0953496182548523e-05,2.6236595873526886e-05,0.08131188203533832,1.2521345194592626,-9.521070523838267,3.9691231284012582,0.11974373147670718,1.877270579028583,False,False,0.00036135224028976536,0.08128806554710595,0.0009386352895142915,0.0003539027538650488,0.08128592243112763,0.001877270579028583,0.0003390037810156155,0.08134664584441917,0.003754541158057166
10,504,2015-05-04T00:00:00,2017-05-19T00:00:00,2017-05-22T00:00:00,2017-11-16T00:00:00,26,3,Cboe Volatility Index | CAD-JPY X-RATE | S&P/BMV IPC,oas_shrinkage,,unconstrained,2.0444468472453344e-05,2.742031467237341e-05,0.08312592434035304,1.3412094674566495,-9.456588734952504,4.174779800805459,0.12293092323051996,2.0292908143352655,False,False,0.00035975205054122373,0.08310338047641856,0.0010146454071676327,0.0003516993092144964,0.08310561002115213,0.0020292908143352655,0.0003355938265610419,0.08318435923521997,0.004058581628670531
10,504,2015-05-04T00:00:00,2017-05-19T00:00:00,2017-05-22T00:00:00,2017-11-16T00:00:00,26,3,Cboe Volatility Index | CAD-JPY X-RATE | S&P/BMV IPC,nonlinear_shrinkage_qis,,unconstrained,2.3198652328558555e-05,2.215633000702613e-05,0.07472211962846466,0.9550697037582101,-9.716346666507317,3.2400822520955765,0.09556183135521772,1.480992694252479,False,False,0.0002748862952568887,0.07469535478212219,0.0007404963471262395,0.0002690093401209661,0.07468326606170925,0.001480992694252479,0.00025725542984912105,0.07470313684818888,0.002961985388504958
10,504,2015-05-04T00:00:00,2017-05-19T00:00:00,2017-05-22T00:00:00,2017-11-16T00:00:00,26,3,Cboe Volatility Index | CAD-JPY X-RATE | S&P/BMV IPC,pca_matched,,unconstrained,9.130849440068263e-06,2.746030491991561e-05,0.08318651837779205,3.0074206239140784,-8.59643120542848,2.4555724365489104,0.06262210910106741,0.6180803007063365,False,False,0.0001237925685197972,0.08315713722418551,0.0003090401503531682,0.00012133986891381965,0.08313004346253783,0.0006180803007063364,0.0001164344697018646,0.08308272687737571,0.0012361606014126727
10,504,2015-05-04T00:00:00,2017-05-19T00:00:00,2017-05-22T00:00:00,2017-11-16T00:00:00,26,3,Cboe Volatility Index | CAD-JPY X-RATE | S&P/BMV IPC,pca_plus_two,,unconstrained,1.696097823611982e-05,3.6233902020309435e-05,0.095555969510638,2.1363096818994975,-8.84828556834789,3.1569452473232498,0.0985167476652814,1.409945045555397,False,False,0.0001903293480727543,0.09556216519237307,0.0007049725227776985,0.00018473432805070906,0.09557876055077462,0.001409945045555397,0.0001735442880066186,0.09564312525138746,0.002819890091110794
10,504,2015-05-04T00:00:00,2017-05-19T00:00:00,2017-05-22T00:00:00,2017-11-16T00:00:00,26,3,Cboe Volatility Index | CAD-JPY X-RATE | S&P/BMV IPC,poet_soft_c0_5,,unconstrained,1.8188208001645465e-05,2.0437587737831695e-05,0.07176539632673666,1.1236724220430474,-9.791064663821665,2.9754483667927283,0.10878125120878042,1.0582121046244537,False,False,0.0003149812734719419,0.07176152813167472,0.0005291060523122269,0.00031078201908851154,0.07176546204485183,0.0010582121046244538,0.00030238351032165075,0.07179672852241978,0.0021164242092489077
10,504,2015-05-04T00:00:00,2017-05-19T00:00:00,2017-05-22T00:00:00,2017-11-16T00:00:00,26,3,Cboe Volatility Index | CAD-JPY X-RATE | S&P/BMV IPC,structured_q0,,unconstrained,1.2520118476967905e-05,2.542192764845343e-05,0.08003952628177072,2.030486188706583,-9.257687540613908,2.3315983109387073,0.07599946648030417,0.919834070826572,False,False,0.0002963285828196657,0.07999815971570663,0.00045991703541328597,0.0002926784476179729,0.07996206252409331,0.0009198340708265719,0.0002853781772145874,0.07990570378687092,0.0018396681416531439
10,504,2015-05-04T00:00:00,2017-05-19T00:00:00,2017-05-22T00:00:00,2017-11-16T00:00:00,26,3,Cboe Volatility Index | CAD-JPY X-RATE | S&P/BMV IPC,residual_aware_qr,0.5,unconstrained,2.1156700053504242e-05,1.9696004491948327e-05,0.07045135294634858,0.9309582516242189,-9.832595663614574,2.6163382246861913,0.09464183916130872,1.0069165373615707,False,False,0.00039401853917595144,0.07042252329778713,0.0005034582686807853,0.0003900228386308659,0.07040088297881619,0.0010069165373615707,0.0003820314375406947,0.07037919465350403,0.0020138330747231413
11,504,2015-11-04T00:00:00,2017-11-16T00:00:00,2017-11-17T00:00:00,2018-05-23T00:00:00,27,3,Cboe Volatility Index | CAD-JPY X-RATE | S&P/BMV IPC,equal_weight,,unconstrained,6.392228023877052e-05,8.192784041028591e-05,0.143686519142862,1.2816789404924036,-8.376163643327686,1.0000000000000002,0.006666666666666667,0.11308174030077581,False,False,0.0004155874436153172,0.14368612044152418,5.65408701503879e-05,0.0004151387065506316,0.14368576623716184,0.0001130817403007758,0.00041424123242126033,0.1436851913206387,0.0002261634806015516
11,504,2015-11-04T00:00:00,2017-11-16T00:00:00,2017-11-17T00:00:00,2018-05-23T00:00:00,27,3,Cboe Volatility Index | CAD-JPY X-RATE | S&P/BMV IPC,sample_covariance,,unconstrained,1.3371872212414648e-05,5.805368990405181e-05,0.12095259342329563,4.341478065439025,-6.88087908036853,4.539247426156654,0.13270694107125083,3.5162484663513363,False,False,-0.00016017825337971513,0.12107685324879341,0.001758124233175668,-0.0001741316203096808,0.12125198114965284,0.003516248466351336,-0.000202038354169612,0.12175389941483988,0.007032496932702672
11,504,2015-11-04T00:00:00,2017-11-16T00:00:00,2017-11-17T00:00:00,2018-05-23T00:00:00,27,3,Cboe Volatility Index | CAD-JPY X-RATE | S&P/BMV IPC,ridge_10pct,,unconstrained,1.6439084490986384e-05,5.418761555840212e-05,0.11685580482251334,3.296267233623223,-7.7195816241598525,2.9807224648590562,0.08428269974154244,1.9945818482583142,False,False,-1.6750419449362454e-05,0.1169548124884765,0.0009972909241291572,-2.4665426783720975e-05,0.11707072889694274,0.0019945818482583143,-4.049544145243769e-05,0.1173530802118257,0.003989163696516629
11,504,2015-11-04T00:00:00,2017-11-16T00:00:00,2017-11-17T00:00:00,2018-05-23T00:00:00,27,3,Cboe Volatility Index | CAD-JPY X-RATE | S&P/BMV IPC,ledoit_wolf,,unconstrained,1.5288202187567226e-05,5.426669867929679e-05,0.11694104526291353,3.5495801280956316,-7.538848997771706,3.5391431077608684,0.09850498231662175,2.6355863621063214,False,False,-8.967641189914164e-05,0.11706719707493338,0.0013177931810531608,-0.00010013508793924617,0.11722284551337213,0.0026355863621063216,-0.00012105244001945504,0.1176221416877346,0.005271172724212643
11,504,2015-11-04T00:00:00,2017-11-16T00:00:00,2017-11-17T00:00:00,2018-05-23T00:00:00,27,3,Cboe Volatility Index | CAD-JPY X-RATE | S&P/BMV IPC,oas_shrinkage,,unconstrained,1.479469117839253e-05,5.4748170240739655e-05,0.11745866890385909,3.700528086770659,-7.420714058935941,3.778063148531564,0.10359699247165804,2.8184375346168538,False,False,-0.00011520056702377077,0.11758760296550078,0.001409218767308427,-0.00012638484295478993,0.11775013134521181,0.002818437534616854,-0.00014875339481682849,0.1181753879769769,0.005636875069233708
11,504,2015-11-04T00:00:00,2017-11-16T00:00:00,2017-11-17T00:00:00,2018-05-23T00:00:00,27,3,Cboe Volatility Index | CAD-JPY X-RATE | S&P/BMV IPC,nonlinear_shrinkage_qis,,unconstrained,1.6494551043490706e-05,5.604447877527716e-05,0.11884110674076477,3.397757151892544,-7.614723319494805,3.0653590182792114,0.08185116924120692,2.1419423941547975,False,False,2.409595879621212e-05,0.11893755474181249,0.0010709711970773989,1.559618739083593e-05,0.11905319450469741,0.0021419423941547978,-1.4033554199164525e-06,0.1193418169002646,0.0042838847883095955
11,504,2015-11-04T00:00:00,2017-11-16T00:00:00,2017-11-17T00:00:00,2018-05-23T00:00:00,27,3,Cboe Volatility Index | CAD-JPY X-RATE | S&P/BMV IPC,pca_matched,,unconstrained,6.434995587666807e-06,5.484364988703796e-05,0.11756104699913814,8.52271755899107,-3.431041843602612,2.052324985400192,0.05441300172049498,0.8516984870561489,False,False,-0.0004116738171276053,0.11760501398339065,0.00042584924352807445,-0.00041505357302862176,0.11765204735509834,0.0008516984870561489,-0.00042181308483065465,0.11775529832415375,0.0017033969741122978
11,504,2015-11-04T00:00:00,2017-11-16T00:00:00,2017-11-17T00:00:00,2018-05-23T00:00:00,27,3,Cboe Volatility Index | CAD-JPY X-RATE | S&P/BMV IPC,pca_plus_two,,unconstrained,1.028246900370191e-05,6.599993902934662e-05,0.12896505199237254,6.418685921210676,-5.066384230106703,2.5593489616299245,0.07114700724509017,1.5027043039164698,False,False,-0.00022507620448708015,0.12897866473142428,0.000751352151958235,-0.000231039316804209,0.12900102866501476,0.00150270430391647,-0.00024296554143846672,0.1290719901402648,0.00300540860783294
11,504,2015-11-04T00:00:00,2017-11-16T00:00:00,2017-11-17T00:00:00,2018-05-23T00:00:00,27,3,Cboe Volatility Index | CAD-JPY X-RATE | S&P/BMV IPC,poet_soft_c0_5,,unconstrained,1.2558581831257931e-05,5.881430107611483e-05,0.121742366788152,4.6831960699358435,-6.6019102448874145,2.56764217483893,0.07921211243340488,1.6082558897505441,False,False,4.793268120122929e-05,0.12181396018417767,0.0008041279448752722,4.155071338475895e-05,0.1218961213793566,0.0016082558897505443,2.878677775181814e-05,0.12209205908456292,0.0032165117795010887
11,504,2015-11-04T00:00:00,2017-11-16T00:00:00,2017-11-17T00:00:00,2018-05-23T00:00:00,27,3,Cboe Volatility Index | CAD-JPY X-RATE | S&P/BMV IPC,structured_q0,,unconstrained,8.4765693180732e-06,5.603948597107984e-05,0.11883581305613271,6.611104548109578,-5.067100203455958,1.9803458017070965,0.05835894042298889,0.8679563658776528,False,False,-0.0004875695851459906,0.11887049190764128,0.0004339781829388264,-0.0004910138564391558,0.11890832845629515,0.0008679563658776529,-0.0004979023990254865,0.1189934623449561,0.0017359127317553057
11,504,2015-11-04T00:00:00,2017-11-16T00:00:00,2017-11-17T00:00:00,2018-05-23T00:00:00,27,3,Cboe Volatility Index | CAD-JPY X-RATE | S&P/BMV IPC,residual_aware_qr,0.25,unconstrained,1.2993990304244918e-05,5.365390708856495e-05,0.11627890860477821,4.1291324552579605,-7.121891136419953,2.007793196566679,0.06763242624883868,1.5354186308416433,False,False,-0.00020016527724981553,0.11634391057097115,0.0007677093154208217,-0.00020625820832458395,0.1164190017907121,0.0015354186308416434,-0.00021844407047412088,0.11659937140079715,0.003070837261683287
12,504,2016-05-10T00:00:00,2018-05-23T00:00:00,2018-05-24T00:00:00,2018-11-21T00:00:00,28,3,Cboe Volatility Index | CAD-JPY X-RATE | U.S. Corporate High Yield,equal_weight,,unconstrained,5.263434074568588e-05,6.313365046369364e-05,0.1261335796560567,1.1994764172831085,-8.652665368074159,1.0000000000000002,0.006666666666666667,0.14369128025927153,False,False,7.556598282776581e-05,0.12613365614345237,7.184564012963577e-05,7.499577933467345e-05,0.1261338144771757,0.00014369128025927154,7.385537234848878e-05,0.12613437668221317,0.0002873825605185431
12,504,2016-05-10T00:00:00,2018-05-23T00:00:00,2018-05-24T00:00:00,2018-11-21T00:00:00,28,3,Cboe Volatility Index | CAD-JPY X-RATE | U.S. Corporate High Yield,sample_covariance,,unconstrained,1.4456469696517708e-05,3.647478353998987e-05,0.09587306948292335,2.5230768165187634,-8.62129169722536,4.444098000425823,0.14515400237852452,3.462380523695068,False,False,0.001223355651423308,0.09601623904024333,0.001731190261847534,0.0012096160461705498,0.09622150978694788,0.003462380523695068,0.0011821368356650333,0.09681665535870064,0.006924761047390136
12,504,2016-05-10T00:00:00,2018-05-23T00:00:00,2018-05-24T00:00:00,2018-11-21T00:00:00,28,3,Cboe Volatility Index | CAD-JPY X-RATE | U.S. Corporate High Yield,ridge_10pct,,unconstrained,1.699914963355564e-05,3.238609306985592e-05,0.09033988849674153,1.9051595972734465,-9.077187639441282,3.0957887598023603,0.06977047153080795,2.1599204101268867,False,False,0.0011052880384774726,0.09042240280902676,0.0010799602050634435,0.001096716925738874,0.09053061174039512,0.002159920410126887,0.0010795747002616766,0.09082372429761384,0.004319840820253774
12,504,2016-05-10T00:00:00,2018-05-23T00:00:00,2018-05-24T00:00:00,2018-11-21T00:00:00,28,3,Cboe Volatility Index | CAD-JPY X-RATE | U.S. Corporate High Yield,ledoit_wolf,,unconstrained,1.628982184438272e-05,3.3152328741754566e-05,0.09140233499710032,2.035156004679487,-8.989814067232619,3.472852921708415,0.08108173505582662,2.5632147248513504,False,False,0.0011458381188402885,0.09150364527800665,0.0012816073624256753,0.00113566663183691,0.09164069742821732,0.0025632147248513507,0.001115323657830153,0.09202134690516538,0.005126429449702701
12,504,2016-05-10T00:00:00,2018-05-23T00:00:00,2018-05-24T00:00:00,2018-11-21T00:00:00,28,3,Cboe Volatility Index | CAD-JPY X-RATE | U.S. Corporate High Yield,oas_shrinkage,,unconstrained,1.5808961994093924e-05,3.3826703288568215e-05,0.0923272940615027,2.1397169087512227,-8.91521665516958,3.7126819526186674,0.09278459202056,2.7799479055152565,False,False,0.0011682965128616218,0.09243823603332964,0.0013899739527576283,0.0011572649735540213,0.09259078703383673,0.0027799479055152566,0.0011352018949388211,0.09301984143074497,0.005559895811030513
12,504,2016-05-10T00:00:00,2018-05-23T00:00:00,2018-05-24T00:00:00,2018-11-21T00:00:00,28,3,Cboe Volatility Index | CAD-JPY X-RATE | U.S. Corporate High Yield,nonlinear_shrinkage_qis,,unconstrained,1.7596227431050754e-05,3.2381061502325856e-05,0.09033287053219395,1.840227493603851,-9.10759853580115,3.0116062321795427,0.0850755645003177,2.195271677293621,False,False,0.001123675058740478,0.09041811102518414,0.0010976358386468107,0.001114963663195662,0.09052989186934923,0.0021952716772936213,0.0010975408721060301,0.09083265941342092,0.004390543354587243
12,504,2016-05-10T00:00:00,2018-05-23T00:00:00,2018-05-24T00:00:00,2018-11-21T00:00:00,28,3,Cboe Volatility Index | CAD-JPY X-RATE | U.S. Corporate High Yield,pca_matched,,unconstrained,8.946247941797317e-06,7.191259105128718e-05,0.13461787750861462,8.038296224197852,-3.5859801137589535,2.1851891819331684,0.07540817313195693,1.1497456602383709,False,False,0.001551975683985786,0.13463594581348182,0.0005748728301191854,0.0015474132012070624,0.13465892016624995,0.001149745660238371,0.0015382882356496147,0.13471957643969018,0.002299491320476742
12,504,2016-05-10T00:00:00,2018-05-23T00:00:00,2018-05-24T00:00:00,2018-11-21T00:00:00,28,3,Cboe Volatility Index | CAD-JPY X-RATE | U.S. Corporate High Yield,pca_plus_two,,unconstrained,1.5456813839254196e-05,4.137236205057311e-05,0.10210697937332405,2.6766423197453326,-8.40081830690377,2.7784992669146416,0.0945163138086077,1.9559453092646537,False,False,0.001322936384256537,0.10215286193050935,0.0009779726546323268,0.0013151746965213596,0.10221743924837783,0.0019559453092646535,0.0012996513210510054,0.10240252645544712,0.003911890618529307
12,504,2016-05-10T00:00:00,2018-05-23T00:00:00,2018-05-24T00:00:00,2018-11-21T00:00:00,28,3,Cboe Volatility Index | CAD-JPY X-RATE | U.S. Corporate High Yield,poet_soft_c0_5,,unconstrained,1.5612275269378566e-05,3.8793797927417776e-05,0.09887384425473342,2.484826667353652,-8.582626409537717,2.674035839093987,0.07210522993429963,1.6410021804991624,False,False,0.0012897420378958353,0.09894395688233232,0.0008205010902495811,0.0012832301244811559,0.099027617448431,0.0016410021804991622,0.0012702062976517974,0.09923543978812169,0.0032820043609983244
12,504,2016-05-10T00:00:00,2018-05-23T00:00:00,2018-05-24T00:00:00,2018-11-21T00:00:00,28,3,Cboe Volatility Index | CAD-JPY X-RATE | U.S. Corporate High Yield,structured_q0,,unconstrained,7.787039926733376e-06,5.568283219325983e-05,0.11845705429691167,7.1507058801762815,-4.6123438738487215,1.9018668838639918,0.0620841739267887,0.9895826627463903,False,False,0.0012330520883375774,0.11846900329307929,0.0004947913313731951,0.0012291251730092187,0.1184850836335789,0.0009895826627463902,0.0012212713423525013,0.11852963118982747,0.0019791653254927805
12,504,2016-05-10T00:00:00,2018-05-23T00:00:00,2018-05-24T00:00:00,2018-11-21T00:00:00,28,3,Cboe Volatility Index | CAD-JPY X-RATE | U.S. Corporate High Yield,residual_aware_qr,0.0,unconstrained,7.787039926733376e-06,5.568283219325983e-05,0.11845705429691167,7.1507058801762815,-4.6123438738487215,1.9018668838639918,0.0620841739267887,1.580145357053261,False,False,0.0012307085855823912,0.11847810273905737,0.0007900726785266306,0.0012244381674988466,0.11850968232149307,0.0015801453570532611,0.0012118973313317574,0.11860439845376138,0.0031602907141065222
13,504,2016-11-10T00:00:00,2018-11-21T00:00:00,2018-11-23T00:00:00,2019-05-30T00:00:00,29,3,Cboe Volatility Index | CAD-JPY X-RATE | U.S. Corporate High Yield,equal_weight,,unconstrained,4.885851030577025e-05,0.00011098625490328015,0.16723796290204745,2.2715849134305786,-7.654997068203485,1.0000000000000002,0.006666666666666667,0.1215730472569655,False,False,0.0004495105482017098,0.1672400010385197,6.078652362848275e-05,0.0004490281154744996,0.16724208333761972,0.0001215730472569655,0.0004480632500200793,0.16724638041707018,0.000243146094513931
13,504,2016-11-10T00:00:00,2018-11-21T00:00:00,2018-11-23T00:00:00,2019-05-30T00:00:00,29,3,Cboe Volatility Index | CAD-JPY X-RATE | U.S. Corporate High Yield,sample_covariance,,unconstrained,1.3317411612662172e-05,4.699776008847952e-05,0.10882754955569311,3.529046143155486,-7.69739209195349,4.156752902403438,0.15621185047805508,2.558197107962846,False,False,0.00028088313194378126,0.10894599201409592,0.001279098553981423,0.0002707315561185319,0.1090943040768731,0.002558197107962846,0.0002504284044680331,0.10948002699812615,0.005116394215925692
13,504,2016-11-10T00:00:00,2018-11-21T00:00:00,2018-11-23T00:00:00,2019-05-30T00:00:00,29,3,Cboe Volatility Index | CAD-JPY X-RATE | U.S. Corporate High Yield,ridge_10pct,,unconstrained,1.5769275037987422e-05,4.5648534170962794e-05,0.10725404706155672,2.8947769672986032,-8.162670161705734,2.9566943750645702,0.07726894922768415,1.6373166272908715,False,False,0.0003618716088498576,0.10730806025022632,0.0008186583136454358,0.00035537432064632236,0.10737453042499318,0.0016373166272908716,0.0003423797442392519,0.1075447450126921,0.003274633254581743
13,504,2016-11-10T00:00:00,2018-11-21T00:00:00,2018-11-23T00:00:00,2019-05-30T00:00:00,29,3,Cboe Volatility Index | CAD-JPY X-RATE | U.S. Corporate High Yield,ledoit_wolf,,unconstrained,1.5143623536210948e-05,4.56109865736943e-05,0.10720992778922558,3.0118938485647617,-8.086037154741591,3.2650281387311066,0.0890588978129034,1.8678885220082333,False,False,0.0003470448980476312,0.10727875111271434,0.0009339442610041166,0.000339632642007916,0.10736378007301674,0.0018678885220082331,0.00032480812992848556,0.10758229388094424,0.0037357770440164663
13,504,2016-11-10T00:00:00,2018-11-21T00:00:00,2018-11-23T00:00:00,2019-05-30T00:00:00,29,3,Cboe Volatility Index | CAD-JPY X-RATE | U.S. Corporate High Yield,oas_shrinkage,,unconstrained,1.4737675119494004e-05,4.5757241062793976e-05,0.10738167789629702,3.1047801428509834,-8.020323266742349,3.461210650643343,0.09906189080667928,2.0238786737960606,False,False,0.0003358293302452087,0.10746089177339867,0.0010119393368980302,0.0003277980656666529,0.10755909007857202,0.0020238786737960604,0.0003117355365095413,0.1078122224461663,0.004047757347592121
13,504,2016-11-10T00:00:00,2018-11-21T00:00:00,2018-11-23T00:00:00,2019-05-30T00:00:00,29,3,Cboe Volatility Index | CAD-JPY X-RATE | U.S. Corporate High Yield,nonlinear_shrinkage_qis,,unconstrained,1.639063106607863e-05,4.4592536151369316e-05,0.10600622203505353,2.7206113035913657,-8.298189359241945,2.822667045171297,0.09479607587947185,1.6047039709242732,False,False,0.00034673901906185674,0.10605450674920641,0.0008023519854621366,0.00034037114616136357,0.10611490361077551,0.0016047039709242731,0.0003276354003603772,0.10627194703138024,0.0032094079418485463
13,504,2016-11-10T00:00:00,2018-11-21T00:00:00,2018-11-23T00:00:00,2019-05-30T00:00:00,29,3,Cboe Volatility Index | CAD-JPY X-RATE | U.S. Corporate High Yield,pca_matched,,unconstrained,1.2184154311563751e-05,5.469295987195114e-05,0.11739942882199933,4.48885974958829,-6.826514527764527,2.3689478747109867,0.0883824718123029,1.4391267433257475,False,False,0.0004001576905188833,0.11751411018182802,0.0007195633716628738,0.00039444687010886046,0.11763748289429393,0.0014391267433257475,0.00038302522928881493,0.11791019132718054,0.002878253486651495
13,504,2016-11-10T00:00:00,2018-11-21T00:00:00,2018-11-23T00:00:00,2019-05-30T00:00:00,29,3,Cboe Volatility Index | CAD-JPY X-RATE | U.S. Corporate High Yield,pca_plus_two,,unconstrained,1.334826016935628e-05,5.372714641749775e-05,0.11635824378706235,4.025029909204171,-7.199094596799594,2.42860403131321,0.09518918888299914,1.541846422715345,False,False,0.0006968480963490785,0.11644407737342806,0.0007709232113576725,0.0006907296581637001,0.11654004763976888,0.001541846422715345,0.0006784927817929435,0.11676229559286135,0.00308369284543069
13,504,2016-11-10T00:00:00,2018-11-21T00:00:00,2018-11-23T00:00:00,2019-05-30T00:00:00,29,3,Cboe Volatility Index | CAD-JPY X-RATE | U.S. Corporate High Yield,poet_soft_c0_5,,unconstrained,1.6206699381031384e-05,4.470296927303167e-05,0.10613740272309277,2.75830187393695,-8.271783985234954,2.7916431095064542,0.10160080092044245,1.7266798646365733,False,False,0.000473142626946363,0.10622217603628106,0.0008633399323182866,0.00046629072272161477,0.1063209035435475,0.0017266798646365731,0.00045258691427211797,0.10656006051635125,0.0034533597292731462
13,504,2016-11-10T00:00:00,2018-11-21T00:00:00,2018-11-23T00:00:00,2019-05-30T00:00:00,29,3,Cboe Volatility Index | CAD-JPY X-RATE | U.S. Corporate High Yield,structured_q0,,unconstrained,6.038401912701671e-06,5.704302447643123e-05,0.1198951298763243,9.446708798306759,-2.570662366709101,1.6667987298137446,0.0659871817364461,0.5932914005288964,False,False,0.0005266167625382089,0.11989737038476445,0.0002966457002644482,0.0005242624315837293,0.11990107871486418,0.0005932914005288964,0.0005195537696747696,0.1199128982414286,0.0011865828010577928
13,504,2016-11-10T00:00:00,2018-11-21T00:00:00,2018-11-23T00:00:00,2019-05-30T00:00:00,29,3,Cboe Volatility Index | CAD-JPY X-RATE | U.S. Corporate High Yield,residual_aware_qr,0.5,unconstrained,1.4692330450159048e-05,4.324361293432151e-05,0.10439056690836113,2.94327799670837,-8.184906941708306,2.158933660072614,0.06992807553492403,1.6622320783884055,False,False,0.0004419598001356069,0.10442776463321105,0.0008311160391942028,0.0004353636410943831,0.1044781728812868,0.0016622320783884056,0.00042217132301193544,0.10461853956017916,0.003324464156776811
14,504,2017-05-22T00:00:00,2019-05-30T00:00:00,2019-05-31T00:00:00,2019-11-27T00:00:00,30,2,Cboe Volatility Index | CAC 40 INDEX,equal_weight,,unconstrained,6.916110163020075e-05,7.085322049501607e-05,0.13362264615230476,1.0244663376512269,-8.554605630905895,1.0000000000000002,0.006666666666666667,0.1289503231077322,False,False,0.0009364293725432462,0.13363249110341632,6.44751615538661e-05,0.0009359176649118662,0.1336423975407919,0.0001289503231077322,0.0009348942496491063,0.13366239481956546,0.0002579006462154644
14,504,2017-05-22T00:00:00,2019-05-30T00:00:00,2019-05-31T00:00:00,2019-11-27T00:00:00,30,2,Cboe Volatility Index | CAC 40 INDEX,sample_covariance,,unconstrained,1.671815386032245e-05,4.705211161835245e-05,0.10889045930578499,2.814432263960809,-8.184583107495586,4.366272241212596,0.17833952637681316,2.5031481442766204,False,False,0.00042024534315007045,0.1086698909481587,0.0012515740721383102,0.0004103122155934172,0.10847775818192773,0.0025031481442766203,0.0003904459604801107,0.1081793830406586,0.005006296288553241
14,504,2017-05-22T00:00:00,2019-05-30T00:00:00,2019-05-31T00:00:00,2019-11-27T00:00:00,30,2,Cboe Volatility Index | CAC 40 INDEX,ridge_10pct,,unconstrained,1.967602333490256e-05,4.331651771244891e-05,0.10447852632736129,2.20148741314061,-8.634622339933632,3.1007259832523992,0.11320506517103134,1.5563323769413149,False,False,0.00041061107103272605,0.10436761427474134,0.0007781661884706574,0.0004044351489020066,0.10426819997359106,0.0015563323769413149,0.00039208330464056754,0.10410399257376485,0.0031126647538826297
14,504,2017-05-22T00:00:00,2019-05-30T00:00:00,2019-05-31T00:00:00,2019-11-27T00:00:00,30,2,Cboe Volatility Index | CAC 40 INDEX,ledoit_wolf,,unconstrained,1.8442768022938785e-05,4.4763307887837375e-05,0.1062090089763341,2.427146935436241,-8.473691305961081,3.5691438254835157,0.1242869563278115,1.8453235070553986,False,False,0.00040761036794562794,0.1060643923312388,0.0009226617535276993,0.000400287655616043,0.10593565156405355,0.0018453235070553986,0.0003856422309568732,0.10572602249327676,0.003690647014110797
14,504,2017-05-22T00:00:00,2019-05-30T00:00:00,2019-05-31T00:00:00,2019-11-27T00:00:00,30,2,Cboe Volatility Index | CAC 40 INDEX,oas_shrinkage,,unconstrained,1.7993416580084158e-05,4.5294465522519544e-05,0.10683728427695514,2.5172798796118183,-8.408224732908389,3.751227715521905,0.12702844857664017,1.9889169222580692,False,False,0.0004088961079500576,0.10667709650126814,0.0009944584611290346,0.0004010035804807795,0.10653523508553625,0.0019889169222580693,0.0003852185255422234,0.10630677532443822,0.0039778338445161385
14,504,2017-05-22T00:00:00,2019-05-30T00:00:00,2019-05-31T00:00:00,2019-11-27T00:00:00,30,2,Cboe Volatility Index | CAC 40 INDEX,nonlinear_shrinkage_qis,,unconstrained,2.0412730232837662e-05,4.307544831503747e-05,0.10418739355310432,2.1102247383714805,-8.689127082347563,2.9976100168042423,0.11216508757322859,1.4492403778336422,False,False,0.00040423177162956093,0.10407768665365215,0.0007246201889168211,0.00039848081774926874,0.10397796420701318,0.0014492403778336423,0.0003869789099886843,0.10380858488858886,0.0028984807556672845
14,504,2017-05-22T00:00:00,2019-05-30T00:00:00,2019-05-31T00:00:00,2019-11-27T00:00:00,30,2,Cboe Volatility Index | CAC 40 INDEX,pca_matched,,unconstrained,6.4836570167951016e-06,7.985125867467664e-05,0.14185385855174512,12.315774641970103,0.36954878962562177,1.8901244056438373,0.07111643078347905,1.6860153660315738,False,False,0.000246169774603886,0.14170883456951155,0.0008430076830157869,0.00023947923743709412,0.14157370183722104,0.0016860153660315739,0.00022609816310351018,0.14133322153346742,0.0033720307320631478
14,504,2017-05-22T00:00:00,2019-05-30T00:00:00,2019-05-31T00:00:00,2019-11-27T00:00:00,30,2,Cboe Volatility Index | CAC 40 INDEX,pca_plus_two,,unconstrained,1.7602224984093908e-05,4.79190430519414e-05,0.10988902970310199,2.7223287451014295,-8.225156499258226,2.7653546473817254,0.10852294841216925,1.2443529967663234,False,False,0.00012596573961073647,0.10978295132201438,0.0006221764983831618,0.00012102783089340983,0.10968382910545608,0.0012443529967663236,0.00011115201345875646,0.10950652739861125,0.002488705993532647
14,504,2017-05-22T00:00:00,2019-05-30T00:00:00,2019-05-31T00:00:00,2019-11-27T00:00:00,30,2,Cboe Volatility Index | CAC 40 INDEX,poet_soft_c0_5,,unconstrained,1.715060981143081e-05,6.0140870116648834e-05,0.12310767347893269,3.50663158790804,-7.466845239558608,2.6976219513469264,0.08282395968418944,1.6188739553798577,False,False,0.0003569383198003057,0.12300690899656538,0.0008094369776899289,0.0003505142168027666,0.12291672304965887,0.0016188739553798577,0.0003376660108076883,0.12276817728007205,0.0032377479107597155
14,504,2017-05-22T00:00:00,2019-05-30T00:00:00,2019-05-31T00:00:00,2019-11-27T00:00:00,30,2,Cboe Volatility Index | CAC 40 INDEX,structured_q0,,unconstrained,7.104925167900689e-06,6.0932297130688494e-05,0.1239150470158225,8.576064587699566,-3.278657741086283,1.7693925223416098,0.07159283093371165,0.3352260997070853,False,False,0.0002947733517377627,0.12388734713124872,0.00016761304985354265,0.0002934430894373377,0.12386009469575526,0.0003352260997070853,0.0002907825648364878,0.12380693334907024,0.0006704521994141706
14,504,2017-05-22T00:00:00,2019-05-30T00:00:00,2019-05-31T00:00:00,2019-11-27T00:00:00,30,2,Cboe Volatility Index | CAC 40 INDEX,residual_aware_qr,0.5,unconstrained,1.7936344652882882e-05,4.08349581833163e-05,0.10144165545867097,2.276659986947394,-8.652021489166808,2.340262673403747,0.09377788831817,0.9708672275763306,False,False,0.00034642635548157375,0.10137875965768364,0.00048543361378816527,0.0003425737077530962,0.1013204764124145,0.0009708672275763305,0.0003348684122961412,0.1012177788304797,0.001941734455152661
15,504,2017-11-17T00:00:00,2019-11-27T00:00:00,2019-11-29T00:00:00,2020-06-01T00:00:00,31,2,Cboe Volatility Index | AUD-JPY X-RATE,equal_weight,,unconstrained,8.133212050749377e-05,0.0009594193458413959,0.4917048659023335,11.796315402264682,2.3793458690212095,1.0000000000000002,0.006666666666666667,0.10493390346943274,False,False,-8.420827567540464e-05,0.49170614705087384,5.246695173471637e-05,-8.462468005425162e-05,0.491707439392901,0.00010493390346943274,-8.545748881194558e-05,0.4917100576570623,0.00020986780693886547
15,504,2017-11-17T00:00:00,2019-11-27T00:00:00,2019-11-29T00:00:00,2020-06-01T00:00:00,31,2,Cboe Volatility Index | AUD-JPY X-RATE,sample_covariance,,unconstrained,1.937369315495726e-05,0.0006175318998328647,0.394484522836932,31.874764139890036,21.023169704823594,4.712519854604128,0.1817507350575707,2.4798247131461575,False,False,-0.0006005876485663613,0.39450347938235036,0.0012399123565730787,-0.0006104282228248779,0.394530228578606,0.0024798247131461574,-0.0006301093713419108,0.39460709812308753,0.004959649426292315
15,504,2017-11-17T00:00:00,2019-11-27T00:00:00,2019-11-29T00:00:00,2020-06-01T00:00:00,31,2,Cboe Volatility Index | AUD-JPY X-RATE,ridge_10pct,,unconstrained,2.3243553420931522e-05,0.0006251466736929105,0.3969092613817589,26.89548634719281,16.226003610596855,3.2360359401532377,0.11657722005027486,1.515683516417341,False,False,-0.0008341555792087209,0.3969152892452608,0.0007578417582086705,-0.000840170196337361,0.39692421090077956,0.001515683516417341,-0.0008521994305946417,0.3969507347441082,0.003031367032834682
15,504,2017-11-17T00:00:00,2019-11-27T00:00:00,2019-11-29T00:00:00,2020-06-01T00:00:00,31,2,Cboe Volatility Index | AUD-JPY X-RATE,ledoit_wolf,,unconstrained,2.1383011117863098e-05,0.0006136317807399192,0.3932368354394838,28.697164181301808,17.944250357084243,3.886802314427814,0.13524270679932768,1.9171230828285517,False,False,-0.0007810994114296428,0.39324652380882524,0.0009585615414142759,-0.0007887070427107085,0.3932608848969155,0.0019171230828285517,-0.0008039223052728398,0.39330362301536115,0.0038342461656571034
15,504,2017-11-17T00:00:00,2019-11-27T00:00:00,2019-11-29T00:00:00,2020-06-01T00:00:00,31,2,Cboe Volatility Index | AUD-JPY X-RATE,oas_shrinkage,,unconstrained,2.0913758641689387e-05,0.0006130959171193271,0.3930650978070559,29.315434285312286,18.540330977943775,4.053917256622588,0.1387176442366574,2.0329665611284407,False,False,-0.000752229553084511,0.3930762769279291,0.0010164832805642202,-0.0007602968807080364,0.3930927127358283,0.0020329665611284404,-0.0007764315359550876,0.3931413515646872,0.004065933122256881
15,504,2017-11-17T00:00:00,2019-11-27T00:00:00,2019-11-29T00:00:00,2020-06-01T00:00:00,31,2,Cboe Volatility Index | AUD-JPY X-RATE,nonlinear_shrinkage_qis,,unconstrained,2.3868173716302677e-05,0.0006284090895113841,0.3979435771021676,26.328327293937946,15.685362663816452,3.184814771472939,0.11718707699295274,1.509891524863304,False,False,-0.000752493480451269,0.3979510128282584,0.000754945762431652,-0.0007584851134864406,0.3979613127398461,0.001509891524863304,-0.0007704683795567843,0.3979905041681795,0.003019783049726608
15,504,2017-11-17T00:00:00,2019-11-27T00:00:00,2019-11-29T00:00:00,2020-06-01T00:00:00,31,2,Cboe Volatility Index | AUD-JPY X-RATE,pca_matched,,unconstrained,9.254298277310432e-06,0.0009218266106841179,0.4819754204234877,99.61064394739041,88.02022151164894,2.278561700552996,0.07627906518215775,1.2712723641934698,False,False,-0.0011989411022329676,0.4819837846655256,0.0006356361820967349,-0.0012039858338369102,0.48199382527376194,0.0012712723641934698,-0.0012140752970447948,0.48201893515230887,0.0025425447283869396
15,504,2017-11-17T00:00:00,2019-11-27T00:00:00,2019-11-29T00:00:00,2020-06-01T00:00:00,31,2,Cboe Volatility Index | AUD-JPY X-RATE,pca_plus_two,,unconstrained,2.2327284514548167e-05,0.0008305779204509381,0.45749932891058587,37.20013152113256,26.490430414574483,2.892927664373522,0.1257061092044111,1.2554338135231822,False,False,-0.0007466798814659957,0.4575095271039743,0.0006277169067615911,-0.0007516617616783893,0.4575214475215649,0.0012554338135231822,-0.0007616255221031764,0.4575504544714825,0.0025108676270463644
15,504,2017-11-17T00:00:00,2019-11-27T00:00:00,2019-11-29T00:00:00,2020-06-01T00:00:00,31,2,Cboe Volatility Index | AUD-JPY X-RATE,poet_soft_c0_5,,unconstrained,2.0347436216966442e-05,0.0005714805415810521,0.3794905749533513,28.086120309571513,17.283564671134883,2.672191644476194,0.09079018208685691,1.4269193095161719,False,False,-0.000812483366321999,0.37950040993736484,0.0007134596547580859,-0.0008181457445343645,0.3795129271916133,0.0014269193095161718,-0.0008294705009590965,0.3795460073924264,0.0028538386190323436
15,504,2017-11-17T00:00:00,2019-11-27T00:00:00,2019-11-29T00:00:00,2020-06-01T00:00:00,31,2,Cboe Volatility Index | AUD-JPY X-RATE,structured_q0,,unconstrained,8.405412543521852e-06,0.0007676345583552377,0.43982258776183825,91.32622038246801,79.63958567326767,1.8744729222846894,0.07331889917422209,0.3280915202684047,False,False,-0.0002766703056134259,0.4398233272117406,0.00016404576013420236,-0.0002779722560906814,0.43982418903209203,0.0003280915202684047,-0.00028057615704519265,0.43982627978116284,0.0006561830405368094
15,504,2017-11-17T00:00:00,2019-11-27T00:00:00,2019-11-29T00:00:00,2020-06-01T00:00:00,31,2,Cboe Volatility Index | AUD-JPY X-RATE,residual_aware_qr,0.5,unconstrained,2.133833158843544e-05,0.0006543206271797752,0.40606501702227854,30.66409500986441,19.90908951235724,2.453805722464863,0.08901716112945962,0.9443348061285127,False,False,-0.0006064832080710525,0.4060690011941201,0.00047216740306425635,-0.0006102305684128324,0.40607408336472717,0.0009443348061285127,-0.0006177252890963923,0.406087541528434,0.0018886696122570254
16,504,2018-05-24T00:00:00,2020-06-01T00:00:00,2020-06-02T00:00:00,2020-12-01T00:00:00,32,2,Cboe Volatility Index | AUD-JPY X-RATE,equal_weight,,unconstrained,0.0002994570030078779,0.00020839655609984937,0.22916354888411472,0.6959147857843452,-7.417624927508554,1.0000000000000002,0.006666666666666667,0.19588410529619044,False,False,0.0018173095994539529,0.2291541672523511,9.794205264809521e-05,0.0018165322815757935,0.22914486896209937,0.00019588410529619042,0.0018149776458194745,0.22912652244662587,0.00039176821059238085
16,504,2018-05-24T00:00:00,2020-06-01T00:00:00,2020-06-02T00:00:00,2020-12-01T00:00:00,32,2,Cboe Volatility Index | AUD-JPY X-RATE,sample_covariance,,unconstrained,3.475411112529983e-05,0.00010808401112666017,0.16503687710302314,3.1099633288557516,-7.157249358331272,5.919599245479031,0.27098771568983077,5.498027972470956,False,False,-4.300506518282051e-05,0.16544721490923692,0.002749013986235478,-6.48226365021498e-05,0.16594764038730458,0.005498027972470956,-0.00010845777914080817,0.1672153735236514,0.010996055944941912
16,504,2018-05-24T00:00:00,2020-06-01T00:00:00,2020-06-02T00:00:00,2020-12-01T00:00:00,32,2,Cboe Volatility Index | AUD-JPY X-RATE,ridge_10pct,,unconstrained,4.9553749812477154e-05,8.87105295933299e-05,0.14951606421224153,1.790188026719089,-8.12226459598692,3.876999204722743,0.14412051187189012,3.520034760147436,False,False,0.0002579904473879014,0.14960700913519479,0.0017600173800737182,0.00024402205548255438,0.14973927858765057,0.0035200347601474363,0.00021608527167186044,0.15012732004945498,0.007040069520294873
16,504,2018-05-24T00:00:00,2020-06-01T00:00:00,2020-06-02T00:00:00,2020-12-01T00:00:00,32,2,Cboe Volatility Index | AUD-JPY X-RATE,ledoit_wolf,,unconstrained,4.53808344129645e-05,9.148379401889278e-05,0.1518351609238156,2.015912558733329,-7.984508132808,4.320726337680254,0.15600852603925083,4.09614808002981,False,False,0.00018798074267376713,0.1519855948451392,0.002048074040014905,0.00017172618680063296,0.15219101293175677,0.00409614808002981,0.00013921707505436463,0.15276585501348613,0.00819229616005962
16,504,2018-05-24T00:00:00,2020-06-01T00:00:00,2020-06-02T00:00:00,2020-12-01T00:00:00,32,2,Cboe Volatility Index | AUD-JPY X-RATE,oas_shrinkage,,unconstrained,3.736650975743261e-05,0.00010095319973166072,0.15949986311084566,2.701702684757171,-7.493033030982563,5.39914676653976,0.20522449476821453,4.837908018497879,False,False,1.8725864145645002e-05,0.15980635546920224,0.0024189540092489394,-4.721835468068429e-07,0.16018533490402606,0.004837908018497879,-3.88682789317107e-05,0.16115861168498963,0.009675816036995757
16,504,2018-05-24T00:00:00,2020-06-01T00:00:00,2020-06-02T00:00:00,2020-12-01T00:00:00,32,2,Cboe Volatility Index | AUD-JPY X-RATE,nonlinear_shrinkage_qis,,unconstrained,4.5419002658491584e-05,9.052204474002829e-05,0.15103494719596233,1.9930434276743016,-8.006536552055064,4.325822039359157,0.15276942832020854,3.819333213527794,False,False,0.00019096179067501452,0.15118011346585156,0.0019096666067638971,0.0001758057064943487,0.1513733313592732,0.0038193332135277942,0.00014549353813301695,0.15190314296914773,0.0076386664270555885
16,504,2018-05-24T00:00:00,2020-06-01T00:00:00,2020-06-02T00:00:00,2020-12-01T00:00:00,32,2,Cboe Volatility Index | AUD-JPY X-RATE,pca_matched,,unconstrained,3.8675495437014166e-05,0.00010517303490320652,0.16279927762618618,2.719371367187484,-7.4409329841343155,3.3129938129602183,0.12312246813372109,3.64455656039943,False,False,0.00048513845591389613,0.1628213009657607,0.001822278280199715,0.000470675929880565,0.1628841001856214,0.00364455656039943,0.00044175087781390287,0.16313180732474847,0.00728911312079886
16,504,2018-05-24T00:00:00,2020-06-01T00:00:00,2020-06-02T00:00:00,2020-12-01T00:00:00,32,2,Cboe Volatility Index | AUD-JPY X-RATE,pca_plus_two,,unconstrained,3.628517596213021e-05,0.0001069845991269353,0.16419536832684317,2.9484382062413594,-7.275663069559066,3.4426487325236352,0.11566590460101801,4.200670706157237,False,False,0.0004364334231017337,0.16420865930732342,0.0021003353530786185,0.0004197640949026971,0.16427566538416788,0.004200670706157237,0.00038642543850462375,0.1645705077842344,0.008401341412314474
16,504,2018-05-24T00:00:00,2020-06-01T00:00:00,2020-06-02T00:00:00,2020-12-01T00:00:00,32,2,Cboe Volatility Index | AUD-JPY X-RATE,poet_soft_c0_5,,unconstrained,4.256810728000707e-05,8.987330841318187e-05,0.15049276966061137,2.1112826986177184,-7.953122541852527,3.7138893110106217,0.13293175218422704,3.3379124865834733,False,False,0.00040263810049424024,0.15052895645568148,0.0016689562432917367,0.00038939241602367077,0.15060212947670804,0.0033379124865834733,0.00036290104708253216,0.1508591917146211,0.006675824973166947
16,504,2018-05-24T00:00:00,2020-06-01T00:00:00,2020-06-02T00:00:00,2020-12-01T00:00:00,32,2,Cboe Volatility Index | AUD-JPY X-RATE,structured_q0,,unconstrained,2.6508684088074895e-05,8.747496374865984e-05,0.14847117856561348,3.299860659172102,-7.238177518045594,2.2468529192621234,0.07244232036218332,1.1862925575976102,False,False,-0.0004958937914089731,0.14846913515523813,0.0005931462787988051,-0.0005006013015581701,0.14847183104164463,0.0011862925575976103,-0.0005100163218565637,0.14849143921850813,0.0023725851151952205
16,504,2018-05-24T00:00:00,2020-06-01T00:00:00,2020-06-02T00:00:00,2020-12-01T00:00:00,32,2,Cboe Volatility Index | AUD-JPY X-RATE,residual_aware_qr,0.9,unconstrained,4.380874930829312e-05,9.036560497786935e-05,0.15090438182645022,2.0627296237549264,-7.972947380878397,4.452896892479229,0.18005916560314886,3.9498161968900733,False,False,8.608776855583828e-05,0.1510291157720932,0.0019749080984450365,7.041389475865546e-05,0.15120534453307788,0.003949816196890073,3.906614716428979e-05,0.151711516267775,0.007899632393780146
17,504,2018-11-23T00:00:00,2020-12-01T00:00:00,2020-12-02T00:00:00,2021-06-08T00:00:00,33,2,Cboe Volatility Index | AUD-JPY X-RATE,equal_weight,,unconstrained,0.0003358917324321125,7.177675360873467e-05,0.13449067591993558,0.21369014678931272,-7.785031528041784,1.0000000000000002,0.006666666666666667,0.15515323903166583,False,False,0.0014232534946986763,0.1344904395099919,7.757661951583292e-05,0.0014226378072422017,0.13449029259507173,0.00015515323903166585,0.0014214064323292519,0.13449026725129667,0.0003103064780633317
17,504,2018-11-23T00:00:00,2020-12-01T00:00:00,2020-12-02T00:00:00,2021-06-08T00:00:00,33,2,Cboe Volatility Index | AUD-JPY X-RATE,sample_covariance,,unconstrained,3.994698974800482e-05,7.895717485053312e-05,0.14105746368886102,1.976548805019199,-8.151408434059771,6.2754080717736525,0.17789144631391335,4.011157277980397,False,False,-0.0003264360972205378,0.14149663075926833,0.002005578638990198,-0.0003423533880061743,0.141991106597645,0.004011157277980396,-0.0003741879695774472,0.14314362778044992,0.008022314555960792
17,504,2018-11-23T00:00:00,2020-12-01T00:00:00,2020-12-02T00:00:00,2021-06-08T00:00:00,33,2,Cboe Volatility Index | AUD-JPY X-RATE,ridge_10pct,,unconstrained,5.7361511884494605e-05,5.9270441726391244e-05,0.12221354800123672,1.0332789317990874,-8.732858072402239,3.989986511269431,0.13087050712734496,1.95930596804023,False,False,-0.0001562824444258468,0.1224522795365202,0.000979652984020115,-0.0001640574681085462,0.12270619011364493,0.00195930596804023,-0.00017960751547394484,0.12325916756520362,0.00391861193608046
17,504,2018-11-23T00:00:00,2020-12-01T00:00:00,2020-12-02T00:00:00,2021-06-08T00:00:00,33,2,Cboe Volatility Index | AUD-JPY X-RATE,ledoit_wolf,,unconstrained,5.081000005969593e-05,6.42718994103764e-05,0.12726554384991584,1.2649458637052604,-8.622471507478487,4.662475438039518,0.14796312367106745,2.3663999774136038,False,False,-0.0002167720485463141,0.12753853286046427,0.0011831999887068018,-0.00022616252464716178,0.12783284368986592,0.0023663999774136035,-0.000244943476848857,0.1284848341076601,0.004732799954827207
17,504,2018-11-23T00:00:00,2020-12-01T00:00:00,2020-12-02T00:00:00,2021-06-08T00:00:00,33,2,Cboe Volatility Index | AUD-JPY X-RATE,oas_shrinkage,,unconstrained,4.301145529024097e-05,7.320277638287347e-05,0.13582010031097796,1.7019367489172754,-8.352107326733547,5.70284341055903,0.16884072683926565,3.396761380772378,False,False,-0.00029017867855147384,0.13619475701725936,0.001698380690386189,-0.00030365789037993556,0.1366106219053791,0.003396761380772378,-0.0003306163140368591,0.13756444430802742,0.006793522761544756
17,504,2018-11-23T00:00:00,2020-12-01T00:00:00,2020-12-02T00:00:00,2021-06-08T00:00:00,33,2,Cboe Volatility Index | AUD-JPY X-RATE,nonlinear_shrinkage_qis,,unconstrained,5.222322780592241e-05,6.563560747637604e-05,0.12860860423800097,1.2568278567594129,-8.603155328164279,4.386314363173739,0.1416074111470894,2.3484215195620286,False,False,-0.00021302394199582665,0.12888696336566574,0.0011742107597810143,-0.00022234307500996166,0.12918606987919293,0.0023484215195620287,-0.00024098134103823165,0.12984594160831842,0.004696843039124057
17,504,2018-11-23T00:00:00,2020-12-01T00:00:00,2020-12-02T00:00:00,2021-06-08T00:00:00,33,2,Cboe Volatility Index | AUD-JPY X-RATE,pca_matched,,unconstrained,4.321306839265475e-05,0.00010492367820894373,0.1626061711887154,2.4280543389225837,-7.621313260449044,3.508814856577821,0.12408450885081054,1.3001717537738782,False,False,-0.00026343680229462795,0.16272582504029823,0.000650085876886939,-0.00026859621401595287,0.16285058123331028,0.001300171753773878,-0.0002789150374586027,0.16311535333547666,0.002600343507547756
17,504,2018-11-23T00:00:00,2020-12-01T00:00:00,2020-12-02T00:00:00,2021-06-08T00:00:00,33,2,Cboe Volatility Index | AUD-JPY X-RATE,pca_plus_two,,unconstrained,4.0998905111310346e-05,9.543826333244585e-05,0.15508205041131082,2.327824683935702,-7.774140512283024,3.599974650718459,0.11946132487406892,1.1377173045808266,False,False,-0.00021399847281439839,0.1552064849665336,0.0005688586522904133,-0.0002185132240230524,0.1553349863753251,0.0011377173045808266,-0.00022754272644036057,0.15560414913275641,0.002275434609161653
17,504,2018-11-23T00:00:00,2020-12-01T00:00:00,2020-12-02T00:00:00,2021-06-08T00:00:00,33,2,Cboe Volatility Index | AUD-JPY X-RATE,poet_soft_c0_5,,unconstrained,4.933361900522256e-05,6.199145407691696e-05,0.12498738507298676,1.2565762521973995,-8.660328530041232,3.6989235908967077,0.13987845706172208,1.5801663528150347,False,False,-0.000138050085392238,0.12517645557519924,0.0007900831764075173,-0.00014432058679229767,0.12537519913866196,0.0015801663528150346,-0.00015686158959241702,0.1258015198379793,0.003160332705630069
17,504,2018-11-23T00:00:00,2020-12-01T00:00:00,2020-12-02T00:00:00,2021-06-08T00:00:00,33,2,Cboe Volatility Index | AUD-JPY X-RATE,structured_q0,,unconstrained,3.283751766445127e-05,9.606059731378773e-05,0.15558685845235937,2.9253306627918323,-7.398608202225601,2.307181416651229,0.07380735066603226,0.7123589042890938,False,False,-0.0004909925197417037,0.1556477840719936,0.0003561794521445469,-0.00049381934079047,0.15571031534608717,0.0007123589042890938,-0.0004994729828880025,0.15584018707674663,0.0014247178085781875
17,504,2018-11-23T00:00:00,2020-12-01T00:00:00,2020-12-02T00:00:00,2021-06-08T00:00:00,33,2,Cboe Volatility Index | AUD-JPY X-RATE,residual_aware_qr,0.25,unconstrained,5.2210624154381773e-05,6.623212046444655e-05,0.12919169616132659,1.2685563817165748,-8.591668174206372,2.5226529479774262,0.09402745167434699,3.9906732787760855,False,False,-0.0003553877948656266,0.12970440909133116,0.0019953366393880424,-0.00037122379994013486,0.13027623955134793,0.003990673278776085,-0.0004028958100891514,0.1315940907454115,0.00798134655755217
18,504,2019-05-31T00:00:00,2021-06-08T00:00:00,2021-06-09T00:00:00,2021-12-15T00:00:00,34,3,Cboe Volatility Index | AUD-JPY X-RATE | US Generic Govt 5 Yr,equal_weight,,unconstrained,0.00032616484327432113,7.734471388473251e-05,0.1396096984415932,0.23713381585912277,-7.790973834322749,1.0000000000000002,0.006666666666666667,0.1654383165735958,False,False,0.0006438685781434948,0.13961429196076658,8.27191582867979e-05,0.0006432120768872504,0.13961898334501777,0.0001654383165735958,0.0006418990743747615,0.13962865966908966,0.0003308766331471916
18,504,2019-05-31T00:00:00,2021-06-08T00:00:00,2021-06-09T00:00:00,2021-12-15T00:00:00,34,3,Cboe Volatility Index | AUD-JPY X-RATE | US Generic Govt 5 Yr,sample_covariance,,unconstrained,3.986760423674855e-05,7.773784558413132e-05,0.13996405641164125,1.9499001024113538,-8.18004638533684,5.890400088410519,0.18128950097113442,3.6536218575205206,False,False,0.000723343380810003,0.13982772538791813,0.0018268109287602602,0.0007088448813753976,0.13973903334356777,0.0036536218575205204,0.0006798478825061874,0.13970488038397016,0.007307243715041041
18,504,2019-05-31T00:00:00,2021-06-08T00:00:00,2021-06-09T00:00:00,2021-12-15T00:00:00,34,3,Cboe Volatility Index | AUD-JPY X-RATE | US Generic Govt 5 Yr,ridge_10pct,,unconstrained,5.7017517977254384e-05,4.808158377536354e-05,0.11007524295404308,0.843277390547663,-8.928874613864867,3.8162858422471144,0.11620907372788067,1.7358984486484617,False,False,0.0004138235245609632,0.11001935228658066,0.0008679492243242308,0.000406935038653628,0.10997713392860302,0.0017358984486484615,0.00039315806683895766,0.10993377204755708,0.003471796897296923
18,504,2019-05-31T00:00:00,2021-06-08T00:00:00,2021-06-09T00:00:00,2021-12-15T00:00:00,34,3,Cboe Volatility Index | AUD-JPY X-RATE | US Generic Govt 5 Yr,ledoit_wolf,,unconstrained,5.0813024919219726e-05,5.591989078808763e-05,0.11870894017974419,1.100503087092071,-8.786854753103984,4.4228586539633,0.13563429136448768,2.1990031446940073,False,False,0.0004848322268039952,0.11863138757884964,0.0010995015723470037,0.00047610602384886024,0.11857417667434497,0.0021990031446940074,0.0004586536179385904,0.11852088730987874,0.004398006289388015
18,504,2019-05-31T00:00:00,2021-06-08T00:00:00,2021-06-09T00:00:00,2021-12-15T00:00:00,34,3,Cboe Volatility Index | AUD-JPY X-RATE | US Generic Govt 5 Yr,oas_shrinkage,,unconstrained,4.30337656162071e-05,6.980787706165571e-05,0.1326332726714426,1.6221652012568735,-8.431360302270337,5.359181112864769,0.16533079350394808,3.058289460081342,False,False,0.0006331421869626997,0.13252064222548252,0.001529144730040671,0.0006210061176766627,0.1324432306559799,0.003058289460081342,0.0005967339791045885,0.13239428315201343,0.006116578920162684
18,504,2019-05-31T00:00:00,2021-06-08T00:00:00,2021-06-09T00:00:00,2021-12-15T00:00:00,34,3,Cboe Volatility Index | AUD-JPY X-RATE | US Generic Govt 5 Yr,nonlinear_shrinkage_qis,,unconstrained,5.219257680648837e-05,5.186675192681261e-05,0.11432594406151553,0.9937572563070837,-8.866813023653192,4.1523315806956,0.12940882993505504,2.0888376472025896,False,False,0.000471943486265919,0.11425186589456596,0.0010444188236012949,0.00046365444798336896,0.1141968453064241,0.0020888376472025898,0.0004470763714182691,0.1141440775563385,0.0041776752944051795
18,504,2019-05-31T00:00:00,2021-06-08T00:00:00,2021-06-09T00:00:00,2021-12-15T00:00:00,34,3,Cboe Volatility Index | AUD-JPY X-RATE | US Generic Govt 5 Yr,pca_matched,,unconstrained,3.898248018302275e-05,5.231024287821291e-05,0.11481368039266772,1.3418910913984001,-8.810507147444829,3.439783907979038,0.12674773960539146,1.4104386397623285,False,False,2.332897335578532e-05,0.11483484593990216,0.0007052193198811643,1.773199462656974e-05,0.11486466739571838,0.0014104386397623286,6.538037168138577e-06,0.11495024913054559,0.002820877279524657
18,504,2019-05-31T00:00:00,2021-06-08T00:00:00,2021-06-09T00:00:00,2021-12-15T00:00:00,34,3,Cboe Volatility Index | AUD-JPY X-RATE | US Generic Govt 5 Yr,pca_plus_two,,unconstrained,3.751834585660181e-05,5.300385735112627e-05,0.1155723671665672,1.4127450488811888,-8.777935472894486,3.4621519808626964,0.12120741176195278,1.185462591881818,False,False,0.00010052748755093316,0.11558915027033921,0.0005927312959409089,9.582327091648149e-05,0.11561200884644747,0.0011854625918818178,8.641483764757816e-05,0.11567593705159808,0.0023709251837636357
18,504,2019-05-31T00:00:00,2021-06-08T00:00:00,2021-06-09T00:00:00,2021-12-15T00:00:00,34,3,Cboe Volatility Index | AUD-JPY X-RATE | US Generic Govt 5 Yr,poet_soft_c0_5,,unconstrained,4.4873202745181004e-05,4.29513669011488e-05,0.10403722631389929,0.9571718592286442,-9.054497902975882,3.542698083122205,0.14483029301460332,1.399028731236727,False,False,0.0001547917891933903,0.10398610096103517,0.0006995143656183636,0.0001492400878789588,0.10394436592936881,0.0013990287312367273,0.00013813668525009594,0.10388910955143886,0.0027980574624734546
18,504,2019-05-31T00:00:00,2021-06-08T00:00:00,2021-06-09T00:00:00,2021-12-15T00:00:00,34,3,Cboe Volatility Index | AUD-JPY X-RATE | US Generic Govt 5 Yr,structured_q0,,unconstrained,2.9899233161953435e-05,7.119874337381306e-05,0.13394806206213247,2.3812899477439764,-8.036387776909951,2.2439623333697267,0.08192688742360407,0.9179707164507861,False,False,0.0004253458156068342,0.13394248770474354,0.000458985358225393,0.00042170307466853725,0.1339400588513612,0.000917970716450786,0.0004144175927919438,0.13394463811947221,0.001835941432901572
18,504,2019-05-31T00:00:00,2021-06-08T00:00:00,2021-06-09T00:00:00,2021-12-15T00:00:00,34,3,Cboe Volatility Index | AUD-JPY X-RATE | US Generic Govt 5 Yr,residual_aware_qr,0.5,unconstrained,5.5659812219702e-05,4.0028119831329596e-05,0.10043448709230839,0.7191565733878055,-9.07709560218722,2.8858387873571667,0.10314379222395509,1.1965546262318567,False,False,0.000349992280888624,0.10040209319447202,0.0005982773131159283,0.0003452440482448468,0.10037682093561935,0.0011965546262318566,0.0003357475829572924,0.10034766134136834,0.002393109252463713
19,504,2019-11-29T00:00:00,2021-12-15T00:00:00,2021-12-16T00:00:00,2022-06-21T00:00:00,35,4,BRAZIL IBOVESPA INDEX | Cboe Volatility Index | FTSE 100 INDEX | US Generic Govt 10 Yr,equal_weight,,unconstrained,0.0003278068231635027,0.00022039852887512735,0.235670170527651,0.672342713150902,-7.350743363700435,1.0000000000000002,0.006666666666666667,0.14735313022299248,False,False,-0.0012685378669255527,0.23567067048353083,7.367656511149624e-05,-0.0012691226015692947,0.23567121650453374,0.0001473531302229925,-0.001270292070856779,0.23567244674060117,0.000294706260445985
19,504,2019-11-29T00:00:00,2021-12-15T00:00:00,2021-12-16T00:00:00,2022-06-21T00:00:00,35,4,BRAZIL IBOVESPA INDEX | Cboe Volatility Index | FTSE 100 INDEX | US Generic Govt 10 Yr,sample_covariance,,unconstrained,3.8542233093265146e-05,0.00010973343710281751,0.16629138928372092,2.847095985260706,-7.316659969173173,5.622994486568112,0.20973733840928696,3.23032535487509,False,False,-0.0002745049541888809,0.1661016442388999,0.0016151626774375451,-0.0002873237055971153,0.1659431266721237,0.0032303253548750903,-0.00031296120841358435,0.1657201147631885,0.006460650709750181
19,504,2019-11-29T00:00:00,2021-12-15T00:00:00,2021-12-16T00:00:00,2022-06-21T00:00:00,35,4,BRAZIL IBOVESPA INDEX | Cboe Volatility Index | FTSE 100 INDEX | US Generic Govt 10 Yr,ridge_10pct,,unconstrained,5.533157809897901e-05,9.636594186643916e-05,0.15583394158636515,1.7416084120004038,-8.060558367881349,3.788180623285961,0.12354536681953601,1.427552278428562,False,False,-0.0002678838758413671,0.1557323606526774,0.000713776139214281,-0.0002735487658351312,0.15563726052612245,0.001427552278428562,-0.00028487854582265944,0.1554665494562742,0.002855104556857124
19,504,2019-11-29T00:00:00,2021-12-15T00:00:00,2021-12-16T00:00:00,2022-06-21T00:00:00,35,4,BRAZIL IBOVESPA INDEX | Cboe Volatility Index | FTSE 100 INDEX | US Generic Govt 10 Yr,ledoit_wolf,,unconstrained,4.9209496269106073e-05,9.967711003716299e-05,0.15848858548603767,2.0255665591874936,-7.89385738030353,4.369676372946484,0.14837932934915557,1.871541665896265,False,False,-0.0002520690905773702,0.15836118779136574,0.0009357708329481325,-0.0002594958432198157,0.1582447551618268,0.001871541665896265,-0.0002743493485047067,0.15804487975229287,0.00374308333179253
19,504,2019-11-29T00:00:00,2021-12-15T00:00:00,2021-12-16T00:00:00,2022-06-21T00:00:00,35,4,BRAZIL IBOVESPA INDEX | Cboe Volatility Index | FTSE 100 INDEX | US Generic Govt 10 Yr,oas_shrinkage,,unconstrained,4.165756293242877e-05,0.00010565778443383808,0.16317402267924633,2.5363409905956757,-7.54968663222845,5.192255465031076,0.18792081920027925,2.7189331919778184,False,False,-0.00025506203938999237,0.16300629350330445,0.0013594665959889092,-0.00026585145681847584,0.1628610891641896,0.0027189331919778184,-0.0002874302916754426,0.16263848696103508,0.005437866383955637
19,504,2019-11-29T00:00:00,2021-12-15T00:00:00,2021-12-16T00:00:00,2022-06-21T00:00:00,35,4,BRAZIL IBOVESPA INDEX | Cboe Volatility Index | FTSE 100 INDEX | US Generic Govt 10 Yr,nonlinear_shrinkage_qis,,unconstrained,5.009220390416024e-05,9.827752165660835e-05,0.1573719652843711,1.9619324764516148,-7.939712696225845,4.180099779519742,0.13986196904872247,1.7148110784285562,False,False,-0.00025642413896599664,0.15725161059043752,0.0008574055392142781,-0.0002632289448327767,0.15714052050996463,0.0017148110784285563,-0.00027683855656633665,0.15694621124117245,0.0034296221568571126
19,504,2019-11-29T00:00:00,2021-12-15T00:00:00,2021-12-16T00:00:00,2022-06-21T00:00:00,35,4,BRAZIL IBOVESPA INDEX | Cboe Volatility Index | FTSE 100 INDEX | US Generic Govt 10 Yr,pca_matched,,unconstrained,3.753488180370268e-05,0.00011986876704723485,0.17380140763498775,3.1935298923842685,-6.996709983522229,3.413372398539769,0.13235171599992965,0.7781629674963315,False,False,0.00044937878730477346,0.17372696765586515,0.00038908148374816576,0.0004462908390210579,0.17365423929033472,0.0007781629674963315,0.00044011494245362666,0.1735139259584729,0.001556325934992663
19,504,2019-11-29T00:00:00,2021-12-15T00:00:00,2021-12-16T00:00:00,2022-06-21T00:00:00,35,4,BRAZIL IBOVESPA INDEX | Cboe Volatility Index | FTSE 100 INDEX | US Generic Govt 10 Yr,pca_plus_two,,unconstrained,3.6466105190654635e-05,0.00012417157405269564,0.17689329173623092,3.4051230150160854,-6.814004338712547,3.38493005865195,0.13192400043767266,0.7857818513807265,False,False,0.0003132368794008542,0.17682937932350082,0.00039289092569036324,0.0003101186974509307,0.17676719032588523,0.0007857818513807265,0.0003038823335510836,0.17664798980630378,0.001571563702761453
19,504,2019-11-29T00:00:00,2021-12-15T00:00:00,2021-12-16T00:00:00,2022-06-21T00:00:00,35,4,BRAZIL IBOVESPA INDEX | Cboe Volatility Index | FTSE 100 INDEX | US Generic Govt 10 Yr,poet_soft_c0_5,,unconstrained,4.388453073452263e-05,9.068332764110478e-05,0.1511694366118972,2.0664075956443337,-7.9675410794053185,3.478157833639108,0.15253792903911087,0.8963916088628837,False,False,0.00015082197562181745,0.15108518984088792,0.00044819580443144184,0.0001472648660628377,0.15100355668285537,0.0008963916088628837,0.00014015064694487828,0.15084814804249994,0.0017927832177257674
19,504,2019-11-29T00:00:00,2021-12-15T00:00:00,2021-12-16T00:00:00,2022-06-21T00:00:00,35,4,BRAZIL IBOVESPA INDEX | Cboe Volatility Index | FTSE 100 INDEX | US Generic Govt 10 Yr,structured_q0,,unconstrained,2.38898478290352e-05,0.00014799972534126072,0.19312154407522145,6.195088658596857,-4.446968307701086,2.2559987260458945,0.07299804248143218,0.8941611916355519,False,False,-0.0001390906776918935,0.193038082518016,0.00044708059581777596,-0.00014263893638886006,0.19295665664263476,0.0008941611916355519,-0.00014973545378279296,0.1927999221897045,0.0017883223832711038
19,504,2019-11-29T00:00:00,2021-12-15T00:00:00,2021-12-16T00:00:00,2022-06-21T00:00:00,35,4,BRAZIL IBOVESPA INDEX | Cboe Volatility Index | FTSE 100 INDEX | US Generic Govt 10 Yr,residual_aware_qr,0.5,unconstrained,5.192670900942884e-05,9.195754940926893e-05,0.1522277978922896,1.7709104074469904,-8.094766868260065,3.0468088824810478,0.11202740963898644,0.9153923580685521,False,False,-0.00024245949420938692,0.15214472068130908,0.00045769617903427607,-0.00024609200356680175,0.1520643533324643,0.0009153923580685521,-0.00025335702228163157,0.15191176527965886,0.0018307847161371043
20,504,2020-06-02T00:00:00,2022-06-21T00:00:00,2022-06-22T00:00:00,2022-12-22T00:00:00,36,4,BRAZIL IBOVESPA INDEX | Cboe Volatility Index | FTSE 100 INDEX | US Generic Govt 10 Yr,equal_weight,,unconstrained,0.00014503068481800575,0.0002226130743718713,0.23685120802248733,1.5349377592143423,-7.303627459283069,1.0000000000000002,0.006666666666666667,0.18341797195815274,False,False,0.0004477490939521689,0.23685242887812505,9.170898597907638e-05,0.00044702124485709665,0.23685372074631936,0.00018341797195815275,0.0004455655466669527,0.2368565175156661,0.0003668359439163055
20,504,2020-06-02T00:00:00,2022-06-21T00:00:00,2022-06-22T00:00:00,2022-12-22T00:00:00,36,4,BRAZIL IBOVESPA INDEX | Cboe Volatility Index | FTSE 100 INDEX | US Generic Govt 10 Yr,sample_covariance,,unconstrained,2.8940151549599988e-05,0.0001256514197671588,0.1779442547016453,4.34176785673728,-6.108512743354576,5.11321609031661,0.13127858584648108,4.52679409284811,False,False,-0.00034378194587013914,0.17782490273236592,0.002263397046424055,-0.0003617454144925522,0.17776311807286074,0.00452679409284811,-0.00039767235173737855,0.1778124348061288,0.00905358818569622
20,504,2020-06-02T00:00:00,2022-06-21T00:00:00,2022-06-22T00:00:00,2022-12-22T00:00:00,36,4,BRAZIL IBOVESPA INDEX | Cboe Volatility Index | FTSE 100 INDEX | US Generic Govt 10 Yr,ridge_10pct,,unconstrained,3.535329543112822e-05,0.00010886105271057881,0.16562905929535995,3.0792335306520746,-7.170885416368971,3.2424449522537815,0.07677823767267074,2.7067564980506713,False,False,5.880655595744935e-05,0.16557193582431173,0.0013533782490253356,4.8065458742962604e-05,0.1655369237146017,0.0027067564980506713,2.6583264313988993e-05,0.16553328084008012,0.005413512996101343
20,504,2020-06-02T00:00:00,2022-06-21T00:00:00,2022-06-22T00:00:00,2022-12-22T00:00:00,36,4,BRAZIL IBOVESPA INDEX | Cboe Volatility Index | FTSE 100 INDEX | US Generic Govt 10 Yr,ledoit_wolf,,unconstrained,3.244159418814075e-05,0.00011450440934395636,0.16986792267722886,3.5295555662247398,-6.806513621032066,4.050628367153834,0.09131970533824178,3.3084562439184597,False,False,-9.665604061517097e-05,0.1697906668503383,0.0016542281219592298,-0.000109784835233895,0.16974562093617052,0.0033084562439184596,-0.00013604242447134304,0.16975224307857276,0.006616912487836919
20,504,2020-06-02T00:00:00,2022-06-21T00:00:00,2022-06-22T00:00:00,2022-12-22T00:00:00,36,4,BRAZIL IBOVESPA INDEX | Cboe Volatility Index | FTSE 100 INDEX | US Generic Govt 10 Yr,oas_shrinkage,,unconstrained,3.0912804824907766e-05,0.00011852546618076503,0.17282481730802665,3.83418673433554,-6.550153329935106,4.487446350926941,0.10497543604807467,3.9456953953586966,False,False,-0.00019196537555824474,0.17272824056202568,0.0019728476976793486,-0.00020762289696839837,0.17267669561902724,0.003945695395358697,-0.00023893793978870543,0.17270882719441816,0.007891390790717394
20,504,2020-06-02T00:00:00,2022-06-21T00:00:00,2022-06-22T00:00:00,2022-12-22T00:00:00,36,4,BRAZIL IBOVESPA INDEX | Cboe Volatility Index | FTSE 100 INDEX | US Generic Govt 10 Yr,nonlinear_shrinkage_qis,,unconstrained,3.4652030100406704e-05,0.00010804599988217139,0.16500785426853837,3.1180279934278157,-7.152126251860473,3.4044897287517246,0.08138931479038224,2.9847715988476673,False,False,1.2168991560267616e-05,0.16495175895686626,0.0014923857994238337,3.246598188086353e-07,0.164922655984914,0.0029847715988476674,-2.3364003664109423e-05,0.1649454709590977,0.005969543197695335
20,504,2020-06-02T00:00:00,2022-06-21T00:00:00,2022-06-22T00:00:00,2022-12-22T00:00:00,36,4,BRAZIL IBOVESPA INDEX | Cboe Volatility Index | FTSE 100 INDEX | US Generic Govt 10 Yr,pca_matched,,unconstrained,2.2405265453105392e-05,0.000137104713852721,0.1858773463628252,6.11930771986092,-4.586906841995001,2.7503896740266,0.09878206809826641,2.929265685871191,False,False,-0.00022774742791641423,0.18561398154245842,0.0014646328429355955,-0.00023937149809844272,0.18537338804332443,0.002929265685871191,-0.00026261963846249984,0.18496086204456846,0.005858531371742382
20,504,2020-06-02T00:00:00,2022-06-21T00:00:00,2022-06-22T00:00:00,2022-12-22T00:00:00,36,4,BRAZIL IBOVESPA INDEX | Cboe Volatility Index | FTSE 100 INDEX | US Generic Govt 10 Yr,pca_plus_two,,unconstrained,2.9516521148156198e-05,0.00010586420011067475,0.16333333532347288,3.5866083126563764,-6.843952099804844,3.0366050542173264,0.1104404398221296,2.8293999337266365,False,False,-0.0001150069396590312,0.16322919363787858,0.001414699966863318,-0.00012623471717381943,0.16314952156668755,0.002829399933726636,-0.00014869027220339588,0.1630637187204068,0.005658799867453272
20,504,2020-06-02T00:00:00,2022-06-21T00:00:00,2022-06-22T00:00:00,2022-12-22T00:00:00,36,4,BRAZIL IBOVESPA INDEX | Cboe Volatility Index | FTSE 100 INDEX | US Generic Govt 10 Yr,poet_soft_c0_5,,unconstrained,3.2524758642008096e-05,9.844742036232533e-05,0.15750793608991892,3.026845531612133,-7.3066634226726315,3.0599155096663924,0.10044053187315044,2.7798575758839625,False,False,3.915304231332586e-05,0.15739524685023573,0.0013899287879419813,2.8121861456643488e-05,0.157307040970611,0.0027798575758839626,6.0594997432787075e-06,0.157204232701037,0.005559715151767925
20,504,2020-06-02T00:00:00,2022-06-21T00:00:00,2022-06-22T00:00:00,2022-12-22T00:00:00,36,4,BRAZIL IBOVESPA INDEX | Cboe Volatility Index | FTSE 100 INDEX | US Generic Govt 10 Yr,structured_q0,,unconstrained,1.18260055400257e-05,0.00011417742323632843,0.16962520642744922,9.654775050619527,-1.6904345414847182,1.898129785381913,0.07472221204539689,1.1200145448455503,False,False,0.00016284630120360594,0.16954744263441962,0.0005600072724227752,0.00015840179904152039,0.1694733441717886,0.0011200145448455503,0.00014951279471734925,0.169336162246305,0.0022400290896911006
20,504,2020-06-02T00:00:00,2022-06-21T00:00:00,2022-06-22T00:00:00,2022-12-22T00:00:00,36,4,BRAZIL IBOVESPA INDEX | Cboe Volatility Index | FTSE 100 INDEX | US Generic Govt 10 Yr,residual_aware_qr,0.5,unconstrained,3.11393004392444e-05,9.781743788639899e-05,0.15700316667944167,3.1412856585281896,-7.235754198303628,2.3752542391337776,0.08306344711239352,2.1315351787333627,False,False,-3.0988181253243536e-05,0.15693825844689258,0.0010657675893666813,-3.944665418472508e-05,0.15688780393495513,0.0021315351787333627,-5.6363600047688304e-05,0.15683030787627117,0.004263070357466725
21,504,2020-12-02T00:00:00,2022-12-22T00:00:00,2022-12-23T00:00:00,2023-06-28T00:00:00,37,4,BRAZIL IBOVESPA INDEX | Cboe Volatility Index | FTSE 100 INDEX | US Generic Govt 10 Yr,equal_weight,,unconstrained,0.00014811771074100768,0.00010408319242939491,0.16195358746322205,0.702705921585504,-8.114797335887525,1.0000000000000002,0.006666666666666667,0.14723091055428256,False,False,0.0005354735945399445,0.16194653915191015,7.361545527714128e-05,0.0005348893448948877,0.16193955746294925,0.00014723091055428257,0.0005337208456047745,0.16192579398646847,0.00029446182110856513
21,504,2020-12-02T00:00:00,2022-12-22T00:00:00,2022-12-23T00:00:00,2023-06-28T00:00:00,37,4,BRAZIL IBOVESPA INDEX | Cboe Volatility Index | FTSE 100 INDEX | US Generic Govt 10 Yr,sample_covariance,,unconstrained,3.456936940613798e-05,5.372000004766492e-05,0.11635050499250771,1.553976857851698,-8.7185656874175,4.920688177423457,0.2023097521906734,4.49914875915823,False,False,0.0009780643620598995,0.1161710067514741,0.0022495743795791154,0.000960210597142605,0.11607845599786187,0.004499148759158231,0.000924503067308016,0.11615483304586033,0.008998297518316462
21,504,2020-12-02T00:00:00,2022-12-22T00:00:00,2022-12-23T00:00:00,2023-06-28T00:00:00,37,4,BRAZIL IBOVESPA INDEX | Cboe Volatility Index | FTSE 100 INDEX | US Generic Govt 10 Yr,ridge_10pct,,unconstrained,3.9880074475109616e-05,4.2789367668132234e-05,0.10384084289126953,1.0729510471410577,-9.056682698251143,3.171594276926738,0.10093265893837432,2.3089551640442574,False,False,0.0006121123825582361,0.10371299059433464,0.0011544775820221285,0.000602949862065997,0.10361071111435023,0.002308955164044257,0.0005846248210815188,0.10348315495128482,0.004617910328088514
21,504,2020-12-02T00:00:00,2022-12-22T00:00:00,2022-12-23T00:00:00,2023-06-28T00:00:00,37,4,BRAZIL IBOVESPA INDEX | Cboe Volatility Index | FTSE 100 INDEX | US Generic Govt 10 Yr,ledoit_wolf,,unconstrained,3.711464552982115e-05,4.697778812550705e-05,0.10880442365835948,1.2657479939492078,-8.935750914081998,4.023503695934943,0.1422055769701539,3.161229937080629,False,False,0.0008662171813982886,0.10865421616743996,0.0015806149685403145,0.0008536726181559052,0.10854984177330182,0.003161229937080629,0.0008285834916711383,0.10847906336823857,0.006322459874161258
21,504,2020-12-02T00:00:00,2022-12-22T00:00:00,2022-12-23T00:00:00,2023-06-28T00:00:00,37,4,BRAZIL IBOVESPA INDEX | Cboe Volatility Index | FTSE 100 INDEX | US Generic Govt 10 Yr,oas_shrinkage,,unconstrained,3.6183989314142946e-05,4.897975898015763e-05,0.11109860153485157,1.3536307054184682,-8.873263115690257,4.326528574822354,0.1618139807645284,3.619848782749493,False,False,0.0009205528256024797,0.11093682742926653,0.0018099243913747465,0.0009061883463058545,0.11083394517182889,0.003619848782749493,0.0008774593877126042,0.11080541847104822,0.007239697565498986
21,504,2020-12-02T00:00:00,2022-12-22T00:00:00,2022-12-23T00:00:00,2023-06-28T00:00:00,37,4,BRAZIL IBOVESPA INDEX | Cboe Volatility Index | FTSE 100 INDEX | US Generic Govt 10 Yr,nonlinear_shrinkage_qis,,unconstrained,3.9593073558521726e-05,4.4366692935664376e-05,0.10573744190109492,1.120567032263531,-9.01628933287721,3.298692560731997,0.10395190320741127,2.500520155077802,False,False,0.0006172654222636219,0.10560107972956531,0.0012502600775389009,0.0006073427232355353,0.10549418022506525,0.0025005201550778017,0.0005874973251793624,0.10536910319023063,0.0050010403101556035
21,504,2020-12-02T00:00:00,2022-12-22T00:00:00,2022-12-23T00:00:00,2023-06-28T00:00:00,37,4,BRAZIL IBOVESPA INDEX | Cboe Volatility Index | FTSE 100 INDEX | US Generic Govt 10 Yr,pca_matched,,unconstrained,3.1251145768816894e-05,7.153021485133112e-05,0.13425950298781625,2.2888829542597313,-8.084571563592121,3.183879450828087,0.12630025824099136,2.7037025651366875,False,False,0.00012774528946955842,0.1341704420519754,0.0013518512825683438,0.00011701631103647631,0.13410857879297006,0.0027037025651366875,9.555835417031216e-05,0.1340665793531259,0.005407405130273375
21,504,2020-12-02T00:00:00,2022-12-22T00:00:00,2022-12-23T00:00:00,2023-06-28T00:00:00,37,4,BRAZIL IBOVESPA INDEX | Cboe Volatility Index | FTSE 100 INDEX | US Generic Govt 10 Yr,pca_plus_two,,unconstrained,3.0541411385199375e-05,7.793308749661693e-05,0.14013970903761527,2.551718599828165,-7.84470844509784,3.3050105807135077,0.13161495151380728,2.2769192108353917,False,False,0.0002826784660534164,0.1400625322092985,0.0011384596054176959,0.0002736430723596252,0.14000382912515918,0.0022769192108353918,0.0002555722849720427,0.13994192986605825,0.0045538384216707835
21,504,2020-12-02T00:00:00,2022-12-22T00:00:00,2022-12-23T00:00:00,2023-06-28T00:00:00,37,4,BRAZIL IBOVESPA INDEX | Cboe Volatility Index | FTSE 100 INDEX | US Generic Govt 10 Yr,poet_soft_c0_5,,unconstrained,3.6211688712080905e-05,5.641916297134132e-05,0.11923769986366733,1.5580373348487009,-8.668091263803525,3.2403896027039734,0.1257889917323753,2.253774705787356,False,False,-2.6096248646468272e-05,0.11913911081764504,0.001126887352893678,-3.503979906625937e-05,0.11906177339719343,0.002253774705787356,-5.292689990584147e-05,0.11897100782076718,0.004507549411574712
21,504,2020-12-02T00:00:00,2022-12-22T00:00:00,2022-12-23T00:00:00,2023-06-28T00:00:00,37,4,BRAZIL IBOVESPA INDEX | Cboe Volatility Index | FTSE 100 INDEX | US Generic Govt 10 Yr,structured_q0,,unconstrained,1.2675186597721988e-05,7.45120956176035e-05,0.1370293694637616,5.878579778146617,-5.397284508735008,1.8906827891633535,0.06898564827032298,0.5673257541790743,False,False,-0.0011835646127787655,0.13700305951610142,0.00028366287708953713,-0.0011858159054540791,0.1369779193754239,0.0005673257541790743,-0.0011903184908047067,0.1369311510623116,0.0011346515083581485
21,504,2020-12-02T00:00:00,2022-12-22T00:00:00,2022-12-23T00:00:00,2023-06-28T00:00:00,37,4,BRAZIL IBOVESPA INDEX | Cboe Volatility Index | FTSE 100 INDEX | US Generic Govt 10 Yr,residual_aware_qr,0.5,unconstrained,3.369980618012472e-05,4.567372809593227e-05,0.10728364031936524,1.3553112991750516,-8.942707172779055,2.302466701728954,0.10477557575180696,1.3765225164908665,False,False,-8.739815711511453e-05,0.10721166286522878,0.0006882612582454333,-9.286054805357037e-05,0.10714847942326775,0.0013765225164908666,-0.00010378532993048202,0.10704855469465972,0.002753045032981733
